-- phpMyAdmin SQL Dump
-- version 3.5.1
-- http://www.phpmyadmin.net
--
-- Host: localhost
-- Generation Time: Jan 17, 2014 at 02:53 AM
-- Server version: 5.5.24-log
-- PHP Version: 5.3.13

SET SQL_MODE="NO_AUTO_VALUE_ON_ZERO";
SET time_zone = "+00:00";


/*!40101 SET @OLD_CHARACTER_SET_CLIENT=@@CHARACTER_SET_CLIENT */;
/*!40101 SET @OLD_CHARACTER_SET_RESULTS=@@CHARACTER_SET_RESULTS */;
/*!40101 SET @OLD_COLLATION_CONNECTION=@@COLLATION_CONNECTION */;
/*!40101 SET NAMES utf8 */;

--
-- Database: `eamod`
--

-- --------------------------------------------------------

--
-- Table structure for table `acc_reg_num_db`
--

CREATE TABLE IF NOT EXISTS `acc_reg_num_db` (
  `account_id` int(11) unsigned NOT NULL DEFAULT '0',
  `key` varchar(32) CHARACTER SET latin1 COLLATE latin1_bin NOT NULL DEFAULT '',
  `index` int(11) unsigned NOT NULL DEFAULT '0',
  `value` int(11) NOT NULL DEFAULT '0',
  PRIMARY KEY (`account_id`,`key`,`index`),
  KEY `account_id` (`account_id`)
) ENGINE=MyISAM DEFAULT CHARSET=latin1;

--
-- Dumping data for table `acc_reg_num_db`
--

INSERT INTO `acc_reg_num_db` (`account_id`, `key`, `index`, `value`) VALUES
(20000001, '#CHANNEL_CONF', 0, 15),
(2000001, '#PVPPass', 0, 1),
(20000004, '#PVPPass', 0, 1),
(20000009, '#PVPPass', 0, 1),
(20000013, '#pvpbroadcast', 0, 2),
(20000014, '#PVPPass', 0, 1),
(20000015, '#pvpbroadcast', 0, 2),
(20000015, '#PVPPass', 0, 1),
(20000008, '#PVPDeathsAccount', 0, 1),
(20000013, '#PVPDeathsAccount', 0, 1),
(20000014, '#PVPDeathsAccount', 0, 6),
(20000052, '#PVPKillsAccount', 0, 1),
(20000003, '#PVPPass', 0, 1),
(20000034, '#PVPPass', 0, 1),
(20000018, '#PVPPass', 0, 1),
(20000013, '#PVPKillsAccount', 0, 2),
(20000042, '#PVPPass', 0, 1),
(20000021, '#PVPPass', 0, 1),
(20000008, '#PVPPass', 0, 1),
(20000018, '#PVPKillsAccount', 0, 1),
(20000008, '#pvpbroadcast', 0, 2),
(20000043, '#PVPPass', 0, 1),
(20000013, '#PVPPass', 0, 1),
(20000024, '#PVPDeathsAccount', 0, 1),
(20000021, '#PVPDeathsAccount', 0, 7),
(20000014, '#pvpbroadcast', 0, 2),
(20000024, '#PVPPass', 0, 1),
(20000024, '#PVPKillsAccount', 0, 1),
(20000021, '#pvpbroadcast', 0, 2),
(20000021, '#PVPKillsAccount', 0, 8),
(20000052, '#PVPDeathsAccount', 0, 2),
(20000052, '#PVPPass', 0, 1);

-- --------------------------------------------------------

--
-- Table structure for table `acc_reg_str_db`
--

CREATE TABLE IF NOT EXISTS `acc_reg_str_db` (
  `account_id` int(11) unsigned NOT NULL DEFAULT '0',
  `key` varchar(32) CHARACTER SET latin1 COLLATE latin1_bin NOT NULL DEFAULT '',
  `index` int(11) unsigned NOT NULL DEFAULT '0',
  `value` varchar(254) NOT NULL DEFAULT '0',
  PRIMARY KEY (`account_id`,`key`,`index`),
  KEY `account_id` (`account_id`)
) ENGINE=MyISAM DEFAULT CHARSET=latin1;

-- --------------------------------------------------------

--
-- Table structure for table `char_reg_num_db`
--

CREATE TABLE IF NOT EXISTS `char_reg_num_db` (
  `char_id` int(11) unsigned NOT NULL DEFAULT '0',
  `key` varchar(32) CHARACTER SET latin1 COLLATE latin1_bin NOT NULL DEFAULT '',
  `index` int(11) unsigned NOT NULL DEFAULT '0',
  `value` int(11) NOT NULL DEFAULT '0',
  PRIMARY KEY (`char_id`,`key`,`index`),
  KEY `char_id` (`char_id`)
) ENGINE=MyISAM DEFAULT CHARSET=latin1;

--
-- Dumping data for table `char_reg_num_db`
--

INSERT INTO `char_reg_num_db` (`char_id`, `key`, `index`, `value`) VALUES
(1, 'lastwarpy', 0, 67),
(1, 'lastwarpx', 0, 266),
(1, 'jobchange_level', 0, 1),
(1, 'PC_DIE_COUNTER', 0, 8),
(1, 'RESRVPTS', 0, 192),
(1, 'jobchange_level_3rd', 0, 1),
(4, 'PC_DIE_COUNTER', 0, 3),
(4, 'jobchange_level', 0, 1),
(9, 'PC_DIE_COUNTER', 0, 2),
(9, 'jobchange_level', 0, 50),
(11, 'gesprochen', 0, 2),
(11, 'PC_DIE_COUNTER', 0, 2),
(12, 'PC_DIE_COUNTER', 0, 1),
(13, 'jobchange_level', 0, 1),
(14, 'jobchange_level', 0, 50),
(14, 'blvl', 0, 350),
(14, 'MVPRank', 0, 9),
(16, 'PC_DIE_COUNTER', 0, 2),
(16, 'gesprochen', 0, 2),
(20, 'FJob', 0, 4),
(20, 'gesprochen', 0, 2),
(20, 'jobchange_level', 0, 50),
(20, 'SJob', 0, 15),
(22, 'gesprochen', 0, 2),
(22, 'FJob', 0, 6),
(22, 'SJob', 0, 12),
(22, 'jobchange_level', 0, 50),
(22, 'PC_DIE_COUNTER', 0, 5),
(20, 'PC_DIE_COUNTER', 0, 8),
(24, 'gesprochen', 0, 2),
(24, 'PC_DIE_COUNTER', 0, 3),
(23, 'PC_DIE_COUNTER', 0, 1),
(23, 'FJob', 0, 3),
(25, 'gesprochen', 0, 2),
(21, 'PC_DIE_COUNTER', 0, 14),
(21, 'MVPRank', 0, 1),
(73, 'SJob', 0, 12),
(26, 'GoldraumPass', 0, 1),
(26, 'jobchange_level', 0, 50),
(26, 'lhz_curse', 0, 1),
(27, 'gesprochen', 0, 2),
(27, 'jobchange_level', 0, 50),
(27, 'PC_DIE_COUNTER', 0, 10),
(27, 'RESRVPTS', 0, 10),
(27, 'SJob', 0, 17),
(26, 'MVPRank', 0, 16),
(27, 'FJob', 0, 6),
(28, 'FJob', 0, 5),
(28, 'SJob', 0, 18),
(28, 'jobchange_level', 0, 50),
(28, 'PC_DIE_COUNTER', 0, 8),
(54, 'PC_LAST_DUEL_TIME', 0, 24340),
(53, 'FJob', 0, 5),
(53, 'gesprochen', 0, 2),
(33, 'FJob', 0, 5),
(31, 'PC_LAST_DUEL_TIME', 0, 24228),
(32, 'PC_DIE_COUNTER', 0, 2),
(32, 'gesprochen', 0, 2),
(31, 'PC_DIE_COUNTER', 0, 38),
(34, 'PC_DIE_COUNTER', 0, 2),
(31, 'MVPRank', 0, 154),
(32, 'FJob', 0, 1),
(34, 'moza_valkylie', 0, 2),
(31, 'gesprochen', 0, 2),
(35, 'gesprochen', 0, 2),
(35, 'FJob', 0, 25),
(35, 'PC_DIE_COUNTER', 0, 1),
(33, 'PC_DIE_COUNTER', 0, 4),
(38, 'PC_DIE_COUNTER', 0, 8),
(38, 'MVPRank', 0, 6),
(38, 'jobchange_level', 0, 50),
(38, 'GoldraumPass', 0, 1),
(72, 'gesprochen', 0, 2),
(38, 'gesprochen', 0, 2),
(44, 'PC_DIE_COUNTER', 0, 12),
(44, 'PC_FEEL_MOON', 0, 568),
(44, 'PC_FEEL_STAR', 0, 179),
(44, 'PC_FEEL_SUN', 0, 175),
(69, 'PC_DIE_COUNTER', 0, 4),
(44, 'gesprochen', 0, 2),
(26, 'PC_DIE_COUNTER', 0, 22),
(29, 'gesprochen', 0, 2),
(45, 'FJob', 0, 4046),
(45, 'gesprochen', 0, 2),
(44, 'GoldraumPass', 0, 1),
(44, 'MVPRank', 0, 4),
(44, 'jobchange_level', 0, 120),
(46, 'SJob', 0, 10),
(46, 'gesprochen', 0, 2),
(46, 'FJob', 0, 5),
(46, 'jobchange_level', 0, 50),
(44, 'FJob', 0, 4046),
(47, 'SJob', 0, 12),
(30, 'jobchange_level', 0, 50),
(47, 'FJob', 0, 6),
(47, 'gesprochen', 0, 2),
(47, 'PC_DIE_COUNTER', 0, 5),
(18, 'moza_valkylie', 0, 1),
(47, 'jobchange_level', 0, 50),
(31, 'jobchange_level', 0, 50),
(75, 'SJob', 0, 9),
(76, 'gesprochen', 0, 2),
(44, 'PC_HATE_MOB_MOON', 0, 2509),
(48, 'jobchange_level', 0, 50),
(31, 'GoldraumPass', 0, 1),
(51, 'PC_DIE_COUNTER', 0, 2),
(51, 'gesprochen', 0, 2),
(51, 'FJob', 0, 1),
(29, 'PC_DIE_COUNTER', 0, 51),
(48, 'PC_DIE_COUNTER', 0, 37),
(56, 'jobchange_level', 0, 50),
(75, 'FJob', 0, 2),
(18, 'jobchange_level', 0, 1),
(67, 'PC_DIE_COUNTER', 0, 32),
(83, 'PC_DIE_COUNTER', 0, 1),
(52, 'PC_DIE_COUNTER', 0, 7),
(52, 'MVPRank', 0, 3),
(53, 'jobchange_level', 0, 50),
(45, 'PC_DIE_COUNTER', 0, 17),
(45, 'jobchange_level', 0, 120),
(54, 'PVPKills', 0, 1),
(45, 'GoldraumPass', 0, 1),
(45, 'PC_FEEL_SUN', 0, 1044),
(45, 'PC_HATE_MOB_MOON', 0, 2509),
(53, 'PC_DIE_COUNTER', 0, 4),
(53, 'SJob', 0, 10),
(43, 'FJob', 0, 5),
(43, 'SJob', 0, 18),
(43, 'jobchange_level', 0, 50),
(37, 'PC_DIE_COUNTER', 0, 8),
(55, 'FJob', 0, 5),
(37, 'MVPRank', 0, 27),
(55, 'SJob', 0, 10),
(55, 'jobchange_level', 0, 50),
(114, 'gesprochen', 0, 2),
(50, 'PC_DIE_COUNTER', 0, 57),
(18, 'PC_DIE_COUNTER', 0, 1),
(52, 'gesprochen', 0, 2),
(107, 'FJob', 0, 4),
(107, 'jobchange_level', 0, 50),
(58, 'jobchange_level', 0, 50),
(29, 'MVPRank', 0, 78),
(58, 'gesprochen', 0, 2),
(29, 'PC_LAST_DUEL_TIME', 0, 24341),
(59, 'PC_DIE_COUNTER', 0, 12),
(59, 'jobchange_level', 0, 50),
(37, 'jobchange_level', 0, 50),
(64, 'jobchange_level', 0, 50),
(29, 'jobchange_level', 0, 50),
(56, 'SJob', 0, 12),
(56, 'FJob', 0, 6),
(59, 'SJob', 0, 11),
(52, 'jobchange_level', 0, 50),
(30, 'lhz_curse', 0, 1),
(61, 'PC_DIE_COUNTER', 0, 12),
(61, 'jobchange_level', 0, 50),
(92, 'MVPRank', 0, 3),
(61, 'gesprochen', 0, 2),
(64, 'MVPRank', 0, 858),
(67, 'gesprochen', 0, 2),
(75, 'jobchange_level', 0, 50),
(59, 'FJob', 0, 3),
(71, 'gesprochen', 0, 2),
(97, 'FJob', 0, 6),
(65, 'MVPRank', 0, 5),
(53, 'nov_get_item02', 0, 12),
(59, 'gesprochen', 0, 2),
(80, 'jobchange_level', 0, 1),
(67, 'jobchange_level', 0, 50),
(68, 'PC_DIE_COUNTER', 0, 3),
(68, 'jobchange_level', 0, 50),
(30, 'rebirth_moc_edq', 0, 8),
(69, 'SJob', 0, 18),
(69, 'jobchange_level', 0, 50),
(69, 'FJob', 0, 5),
(65, 'PC_DIE_COUNTER', 0, 2),
(30, 'MVPRank', 0, 4549),
(30, 'PC_DIE_COUNTER', 0, 64),
(72, 'PC_DIE_COUNTER', 0, 44),
(62, 'jobchange_level', 0, 50),
(64, 'PC_DIE_COUNTER', 0, 57),
(73, 'PC_DIE_COUNTER', 0, 14),
(54, 'jobchange_level_3rd', 0, 1),
(73, 'jobchange_level', 0, 50),
(69, 'gesprochen', 0, 2),
(19, 'jobchange_level', 0, 1),
(73, 'gesprochen', 0, 2),
(72, 'jobchange_level', 0, 50),
(73, 'FJob', 0, 6),
(71, 'jobchange_level', 0, 50),
(74, 'PC_DIE_COUNTER', 0, 4),
(74, 'jobchange_level', 0, 50),
(74, 'FJob', 0, 4),
(74, 'gesprochen', 0, 2),
(71, 'PC_DIE_COUNTER', 0, 21),
(30, 'GoldraumPass', 0, 1),
(75, 'PC_DIE_COUNTER', 0, 1),
(75, 'gesprochen', 0, 2),
(97, 'PC_DIE_COUNTER', 0, 2),
(65, 'PVPDeaths', 0, 1),
(77, 'gesprochen', 0, 2),
(66, 'PC_DIE_COUNTER', 0, 46),
(34, 'jobchange_level', 0, 10),
(53, 'NOV_SK', 0, 3),
(53, 'nov_get_item03', 0, 11),
(53, 'nov_2nd_cos', 0, 28),
(79, 'SJob', 0, 12),
(79, 'jobchange_level', 0, 50),
(79, 'FJob', 0, 6),
(79, 'gesprochen', 0, 2),
(78, 'gesprochen', 0, 2),
(78, 'GoldraumPass', 0, 1),
(81, 'jobchange_level', 0, 1),
(78, 'jobchange_level', 0, 50),
(83, 'FJob', 0, 6),
(83, 'gesprochen', 0, 2),
(83, 'SJob', 0, 12),
(83, 'jobchange_level', 0, 50),
(66, 'jobchange_level', 0, 50),
(76, 'SJob', 0, 10),
(76, 'PC_DIE_COUNTER', 0, 8),
(76, 'jobchange_level', 0, 50),
(61, 'MVPRank', 0, 1),
(86, 'FJob', 0, 5),
(63, 'PC_DIE_COUNTER', 0, 7),
(84, 'gesprochen', 0, 2),
(84, 'PC_DIE_COUNTER', 0, 2),
(87, 'PC_DIE_COUNTER', 0, 3),
(84, 'FJob', 0, 3),
(114, 'PVPKills', 0, 1),
(85, 'jobchange_level', 0, 50),
(85, 'PC_DIE_COUNTER', 0, 18),
(78, 'PC_DIE_COUNTER', 0, 13),
(86, 'SJob', 0, 18),
(87, 'FJob', 0, 6),
(34, 'MVPRank', 0, 10),
(85, 'gesprochen', 0, 2),
(86, 'jobchange_level', 0, 50),
(86, 'gesprochen', 0, 2),
(86, 'PC_DIE_COUNTER', 0, 4),
(87, 'gesprochen', 0, 2),
(34, 'gesprochen', 0, 2),
(87, 'jobchange_level', 0, 50),
(87, 'SJob', 0, 12),
(89, 'PC_DIE_COUNTER', 0, 23),
(89, 'jobchange_level', 0, 50),
(89, 'SJob', 0, 9),
(91, 'FJob', 0, 2),
(89, 'FJob', 0, 2),
(91, 'PC_DIE_COUNTER', 0, 3),
(91, 'jobchange_level', 0, 50),
(91, 'SJob', 0, 9),
(62, 'PC_DIE_COUNTER', 0, 21),
(50, 'gesprochen', 0, 2),
(63, 'jobchange_level', 0, 50),
(63, 'MVPRank', 0, 16),
(50, 'MVPRank', 0, 1289),
(50, 'PVPDeaths', 0, 7),
(92, 'jobchange_level', 0, 50),
(92, 'PC_DIE_COUNTER', 0, 28),
(50, 'PVPKills', 0, 8),
(97, 'SJob', 0, 12),
(104, 'PC_DIE_COUNTER', 0, 1),
(104, 'jobchange_level', 0, 50),
(97, 'jobchange_level', 0, 50),
(105, 'jobchange_level', 0, 50),
(105, 'PC_DIE_COUNTER', 0, 17),
(107, 'gesprochen', 0, 2),
(65, 'jobchange_level', 0, 1),
(74, 'SJob', 0, 8),
(50, 'jobchange_level', 0, 50),
(66, 'gesprochen', 0, 2),
(66, 'MVPRank', 0, 7),
(88, 'PC_DIE_COUNTER', 0, 5),
(107, 'PC_DIE_COUNTER', 0, 7),
(107, 'SJob', 0, 15),
(104, 'PVPKills', 0, 1),
(114, 'jobchange_level', 0, 50),
(117, 'gesprochen', 0, 2),
(115, 'PC_DIE_COUNTER', 0, 1),
(58, 'PC_DIE_COUNTER', 0, 2),
(115, 'jobchange_level', 0, 50),
(114, 'PC_DIE_COUNTER', 0, 26),
(114, 'MVPRank', 0, 8),
(81, 'PC_DIE_COUNTER', 0, 2),
(122, 'PC_DIE_COUNTER', 0, 2),
(121, 'PC_DIE_COUNTER', 0, 2),
(57, 'PC_DIE_COUNTER', 0, 2),
(116, 'jobchange_level', 0, 50),
(119, 'PC_DIE_COUNTER', 0, 2),
(50, 'PC_LAST_DUEL_TIME', 0, 24238),
(58, 'MVPRank', 0, 17),
(31, 'PVPDeaths', 0, 6),
(85, 'PC_LAST_DUEL_TIME', 0, 24248),
(126, 'PC_DIE_COUNTER', 0, 26),
(126, 'jobchange_level', 0, 50),
(126, 'gesprochen', 0, 2),
(76, 'FJob', 0, 5),
(114, 'PVPDeaths', 0, 2),
(81, 'MVPRank', 0, 30),
(54, 'PVPDeaths', 0, 1),
(54, 'gesprochen', 0, 2),
(130, 'jobchange_level', 0, 50),
(88, 'jobchange_level', 0, 50),
(88, 'gesprochen', 0, 2),
(130, 'PC_DIE_COUNTER', 0, 4),
(29, 'PVPKills', 0, 2),
(54, 'jobchange_level', 0, 50),
(29, 'GoldraumPass', 0, 1),
(79, 'PC_DIE_COUNTER', 0, 1),
(130, 'FJob', 0, 6),
(54, 'PC_DIE_COUNTER', 0, 2),
(88, 'FJob', 0, 2),
(130, 'SJob', 0, 12),
(130, 'gesprochen', 0, 2),
(88, 'SJob', 0, 9),
(30, 'PVPDeaths', 0, 1),
(21, 'wedding_sign', 0, 1),
(78, 'wedding_sign', 0, 1),
(50, 'moza_valkylie', 0, 2),
(131, 'jobchange_level', 0, 50),
(21, 'jobchange_level', 0, 50),
(67, 'MVPRank', 0, 58),
(131, 'gesprochen', 0, 2),
(131, 'MVPRank', 0, 40),
(131, 'PC_DIE_COUNTER', 0, 1),
(132, 'jobchange_level', 0, 50),
(132, 'MVPRank', 0, 60),
(132, 'gesprochen', 0, 2),
(132, 'PC_DIE_COUNTER', 0, 4),
(116, 'MVPRank', 0, 42),
(116, 'gesprochen', 0, 2),
(116, 'PC_DIE_COUNTER', 0, 4);

-- --------------------------------------------------------

--
-- Table structure for table `char_reg_str_db`
--

CREATE TABLE IF NOT EXISTS `char_reg_str_db` (
  `char_id` int(11) unsigned NOT NULL DEFAULT '0',
  `key` varchar(32) CHARACTER SET latin1 COLLATE latin1_bin NOT NULL DEFAULT '',
  `index` int(11) unsigned NOT NULL DEFAULT '0',
  `value` varchar(254) NOT NULL DEFAULT '0',
  PRIMARY KEY (`char_id`,`key`,`index`),
  KEY `char_id` (`char_id`)
) ENGINE=MyISAM DEFAULT CHARSET=latin1;

--
-- Dumping data for table `char_reg_str_db`
--

INSERT INTO `char_reg_str_db` (`char_id`, `key`, `index`, `value`) VALUES
(1, 'lastwarp$', 0, 'beach_dun'),
(4, 'toasty_mapSave$', 0, 'i1'),
(9, 'toasty_mapSave$', 0, '30'),
(12, 'toasty_mapSave$', 0, 'i1'),
(14, 'toasty_mapSave$', 0, '90'),
(20, 'toasty_mapSave$', 0, 'i1X2'),
(22, 'toasty_mapSave$', 0, 'i1h1Y1X1x1'),
(23, 'toasty_mapSave$', 0, 'J030a2c0'),
(21, 'toasty_mapSave$', 0, 'i1N032'),
(27, 'toasty_mapSave$', 0, 'B121'),
(26, 'toasty_mapSave$', 0, 'j1u2'),
(28, 'toasty_mapSave$', 0, 'Q2P2E2Y0X1c0'),
(34, 'toasty_mapSave$', 0, 'Q2Q3'),
(32, 'toasty_mapSave$', 0, 'c0'),
(46, 'toasty_mapSave$', 0, 'c0'),
(45, 'toasty_mapSave$', 0, 'P2E2U0Z1Y1X2'),
(33, 'toasty_mapSave$', 0, 'p1c0'),
(47, 'toasty_mapSave$', 0, 'Y1P2X1c0'),
(51, 'toasty_mapSave$', 0, 'c0'),
(38, 'toasty_mapSave$', 0, 'Q2R2u1h1T0e1f1X1j1X2'),
(37, 'toasty_mapSave$', 0, 'u1X3'),
(52, 'toasty_mapSave$', 0, 'c0|1J1'),
(43, 'toasty_mapSave$', 0, '30c0'),
(55, 'toasty_mapSave$', 0, '90U1c0'),
(56, 'toasty_mapSave$', 0, 'T0N0|1E290y1c0'),
(44, 'toasty_mapSave$', 0, 'u1u2'),
(59, 'toasty_mapSave$', 0, 'x0G0h1h2'),
(76, 'toasty_mapSave$', 0, 'D2v0o2'),
(81, 'toasty_mapSave$', 0, '31D2'),
(29, 'toasty_mapSave$', 0, 'f1i2'),
(58, 'toasty_mapSave$', 0, 'Z221P3'),
(79, 'toasty_mapSave$', 0, 'a0y0Z3'),
(53, 'toasty_mapSave$', 0, 'D2E3'),
(61, 'toasty_mapSave$', 0, 'j1R1E2E3'),
(97, 'toasty_mapSave$', 0, 'Y1X1c0'),
(66, 'toasty_mapSave$', 0, '52C222u2'),
(75, 'toasty_mapSave$', 0, 'o1M1'),
(67, 'toasty_mapSave$', 0, 'Q2c0Q3'),
(30, 'toasty_mapSave$', 0, 'g0W2c0i2'),
(68, 'toasty_mapSave$', 0, 'Q2O2c1'),
(73, 'toasty_mapSave$', 0, 'Q2Q3'),
(72, 'toasty_mapSave$', 0, 'o1M0c0Q2O2O3'),
(19, 'toasty_mapSave$', 0, 'O2x2'),
(69, 'toasty_mapSave$', 0, 'D2E2D3'),
(48, 'toasty_mapSave$', 0, 'i1O2Z1D2Y1X1c0Z2'),
(18, 'toasty_mapSave$', 0, 'U2V021u0n1N3'),
(64, 'toasty_mapSave$', 0, 'Q2Z3'),
(80, 'toasty_mapSave$', 0, 'N0N2{2'),
(82, 'toasty_mapSave$', 0, 'c0'),
(83, 'toasty_mapSave$', 0, 'c0'),
(78, 'toasty_mapSave$', 0, 'Z1t0b0N3'),
(86, 'toasty_mapSave$', 0, 'c0X1'),
(87, 'toasty_mapSave$', 0, 'Z1Y1X1w1x1c0'),
(84, 'toasty_mapSave$', 0, 'w1'),
(91, 'toasty_mapSave$', 0, 'n1m1D202B2J190c0'),
(89, 'toasty_mapSave$', 0, 'Q2Z1O2c0'),
(63, 'toasty_mapSave$', 0, 'Q23261n1M2C2G2x1Y2X2'),
(62, 'toasty_mapSave$', 0, 'P2c1'),
(93, 'toasty_mapSave$', 0, 'c0'),
(92, 'toasty_mapSave$', 0, '92Y0V0t2'),
(107, 'toasty_mapSave$', 0, 'Q2P2Z1Y1Y2'),
(105, 'toasty_mapSave$', 0, 'O2D2o1w1c0'),
(71, 'toasty_mapSave$', 0, 'o1M0c0Q2O2O3'),
(104, 'toasty_mapSave$', 0, 'O2c0Q2P3'),
(65, 'toasty_mapSave$', 0, 'a1i0b0U0{1t1f1W2f2'),
(115, 'toasty_mapSave$', 0, 'i1Q3'),
(31, 'toasty_mapSave$', 0, 'i1U0F3'),
(50, 'toasty_mapSave$', 0, 'i1i2'),
(85, 'toasty_mapSave$', 0, 'Q2X1c0Q3'),
(126, 'toasty_mapSave$', 0, 'U0i1o1c0f1y1F2w1D2'),
(74, 'toasty_mapSave$', 0, 'D2v0G1C1E1o131'),
(130, 'toasty_mapSave$', 0, 'Y1X1c0'),
(88, 'toasty_mapSave$', 0, 'Y1X1c0'),
(114, 'toasty_mapSave$', 0, 'W1m1R222G2G1Y0V0S2t1'),
(116, 'toasty_mapSave$', 0, 'c0');

-- --------------------------------------------------------

--
-- Table structure for table `global_acc_reg_num_db`
--

CREATE TABLE IF NOT EXISTS `global_acc_reg_num_db` (
  `account_id` int(11) unsigned NOT NULL DEFAULT '0',
  `key` varchar(32) CHARACTER SET latin1 COLLATE latin1_bin NOT NULL DEFAULT '',
  `index` int(11) unsigned NOT NULL DEFAULT '0',
  `value` int(11) NOT NULL DEFAULT '0',
  PRIMARY KEY (`account_id`,`key`,`index`),
  KEY `account_id` (`account_id`)
) ENGINE=MyISAM DEFAULT CHARSET=latin1;

-- --------------------------------------------------------

--
-- Table structure for table `global_acc_reg_str_db`
--

CREATE TABLE IF NOT EXISTS `global_acc_reg_str_db` (
  `account_id` int(11) unsigned NOT NULL DEFAULT '0',
  `key` varchar(32) CHARACTER SET latin1 COLLATE latin1_bin NOT NULL DEFAULT '',
  `index` int(11) unsigned NOT NULL DEFAULT '0',
  `value` varchar(254) NOT NULL DEFAULT '0',
  PRIMARY KEY (`account_id`,`key`,`index`),
  KEY `account_id` (`account_id`)
) ENGINE=MyISAM DEFAULT CHARSET=latin1;

/*!40101 SET CHARACTER_SET_CLIENT=@OLD_CHARACTER_SET_CLIENT */;
/*!40101 SET CHARACTER_SET_RESULTS=@OLD_CHARACTER_SET_RESULTS */;
/*!40101 SET COLLATION_CONNECTION=@OLD_COLLATION_CONNECTION */;


-- phpMyAdmin SQL Dump
-- version 3.5.1
-- http://www.phpmyadmin.net
--
-- Host: localhost
-- Generation Time: Jan 17, 2014 at 02:37 AM
-- Server version: 5.5.24-log
-- PHP Version: 5.3.13

SET SQL_MODE="NO_AUTO_VALUE_ON_ZERO";
SET time_zone = "+00:00";


/*!40101 SET @OLD_CHARACTER_SET_CLIENT=@@CHARACTER_SET_CLIENT */;
/*!40101 SET @OLD_CHARACTER_SET_RESULTS=@@CHARACTER_SET_RESULTS */;
/*!40101 SET @OLD_COLLATION_CONNECTION=@@COLLATION_CONNECTION */;
/*!40101 SET NAMES utf8 */;

--
-- Database: `eamod`
--

-- --------------------------------------------------------

--
-- Table structure for table `char`
--

CREATE TABLE IF NOT EXISTS `char` (
  `char_id` int(11) unsigned NOT NULL AUTO_INCREMENT,
  `account_id` int(11) unsigned NOT NULL DEFAULT '0',
  `char_num` tinyint(1) NOT NULL DEFAULT '0',
  `name` varchar(30) NOT NULL DEFAULT '',
  `class` smallint(6) unsigned NOT NULL DEFAULT '0',
  `base_level` smallint(6) unsigned NOT NULL DEFAULT '1',
  `job_level` smallint(6) unsigned NOT NULL DEFAULT '1',
  `base_exp` bigint(20) unsigned NOT NULL DEFAULT '0',
  `job_exp` bigint(20) unsigned NOT NULL DEFAULT '0',
  `zeny` int(11) unsigned NOT NULL DEFAULT '0',
  `str` smallint(4) unsigned NOT NULL DEFAULT '0',
  `agi` smallint(4) unsigned NOT NULL DEFAULT '0',
  `vit` smallint(4) unsigned NOT NULL DEFAULT '0',
  `int` smallint(4) unsigned NOT NULL DEFAULT '0',
  `dex` smallint(4) unsigned NOT NULL DEFAULT '0',
  `luk` smallint(4) unsigned NOT NULL DEFAULT '0',
  `max_hp` mediumint(8) unsigned NOT NULL DEFAULT '0',
  `hp` mediumint(8) unsigned NOT NULL DEFAULT '0',
  `max_sp` mediumint(6) unsigned NOT NULL DEFAULT '0',
  `sp` mediumint(6) unsigned NOT NULL DEFAULT '0',
  `status_point` int(11) unsigned NOT NULL DEFAULT '0',
  `skill_point` int(11) unsigned NOT NULL DEFAULT '0',
  `option` int(11) NOT NULL DEFAULT '0',
  `karma` tinyint(3) NOT NULL DEFAULT '0',
  `manner` smallint(6) NOT NULL DEFAULT '0',
  `party_id` int(11) unsigned NOT NULL DEFAULT '0',
  `guild_id` int(11) unsigned NOT NULL DEFAULT '0',
  `pet_id` int(11) unsigned NOT NULL DEFAULT '0',
  `homun_id` int(11) unsigned NOT NULL DEFAULT '0',
  `elemental_id` int(11) unsigned NOT NULL DEFAULT '0',
  `hair` tinyint(4) unsigned NOT NULL DEFAULT '0',
  `hair_color` smallint(5) unsigned NOT NULL DEFAULT '0',
  `clothes_color` smallint(5) unsigned NOT NULL DEFAULT '0',
  `weapon` smallint(6) unsigned NOT NULL DEFAULT '0',
  `shield` smallint(6) unsigned NOT NULL DEFAULT '0',
  `head_top` smallint(6) unsigned NOT NULL DEFAULT '0',
  `head_mid` smallint(6) unsigned NOT NULL DEFAULT '0',
  `head_bottom` smallint(6) unsigned NOT NULL DEFAULT '0',
  `robe` smallint(6) unsigned NOT NULL DEFAULT '0',
  `last_map` varchar(11) NOT NULL DEFAULT '',
  `last_x` smallint(4) unsigned NOT NULL DEFAULT '53',
  `last_y` smallint(4) unsigned NOT NULL DEFAULT '111',
  `save_map` varchar(11) NOT NULL DEFAULT '',
  `save_x` smallint(4) unsigned NOT NULL DEFAULT '53',
  `save_y` smallint(4) unsigned NOT NULL DEFAULT '111',
  `partner_id` int(11) unsigned NOT NULL DEFAULT '0',
  `online` tinyint(2) NOT NULL DEFAULT '0',
  `father` int(11) unsigned NOT NULL DEFAULT '0',
  `mother` int(11) unsigned NOT NULL DEFAULT '0',
  `child` int(11) unsigned NOT NULL DEFAULT '0',
  `fame` int(11) unsigned NOT NULL DEFAULT '0',
  `rename` smallint(3) unsigned NOT NULL DEFAULT '0',
  `delete_date` int(11) unsigned NOT NULL DEFAULT '0',
  `slotchange` smallint(3) unsigned NOT NULL DEFAULT '0',
  `char_opt` int(11) unsigned NOT NULL DEFAULT '0',
  `font` tinyint(3) unsigned NOT NULL DEFAULT '0',
  `unban_time` int(11) unsigned NOT NULL DEFAULT '0',
  PRIMARY KEY (`char_id`),
  UNIQUE KEY `name_key` (`name`),
  KEY `account_id` (`account_id`),
  KEY `party_id` (`party_id`),
  KEY `guild_id` (`guild_id`),
  KEY `name` (`name`),
  KEY `online` (`online`)
) ENGINE=MyISAM  DEFAULT CHARSET=latin1 AUTO_INCREMENT=133 ;

--
-- Dumping data for table `char`
--

INSERT INTO `char` (`char_id`, `account_id`, `char_num`, `name`, `class`, `base_level`, `job_level`, `base_exp`, `job_exp`, `zeny`, `str`, `agi`, `vit`, `int`, `dex`, `luk`, `max_hp`, `hp`, `max_sp`, `sp`, `status_point`, `skill_point`, `option`, `karma`, `manner`, `party_id`, `guild_id`, `pet_id`, `homun_id`, `elemental_id`, `hair`, `hair_color`, `clothes_color`, `weapon`, `shield`, `head_top`, `head_mid`, `head_bottom`, `robe`, `last_map`, `last_x`, `last_y`, `save_map`, `save_x`, `save_y`, `partner_id`, `online`, `father`, `mother`, `child`, `fame`, `rename`, `delete_date`, `slotchange`, `char_opt`, `font`, `unban_time`) VALUES
(23, 20000005, 1, 'KzCoffee', 3, 54, 40, 9443, 108633, 100166, 1, 70, 1, 1, 82, 1, 1070, 1070, 120, 132, 5, 0, 0, 0, 0, 0, 0, 0, 0, 0, 1, 0, 0, 1, 0, 0, 0, 0, 0, 'invek', 143, 150, 'invek', 146, 166, 0, 0, 0, 0, 0, 0, 0, 0, 0, 0, 0, 0),
(22, 20000004, 7, 'Ares', 12, 98, 50, 74749835, 2083386, 102039, 98, 129, 1, 1, 1, 58, 6040, 590, 422, 422, 23, 44, 0, 0, 0, 0, 0, 0, 0, 0, 1, 0, 0, 1, 0, 0, 0, 0, 0, 'prtv_in01', 21, 57, 'invek', 146, 166, 0, 0, 0, 0, 0, 0, 0, 0, 0, 0, 0, 0),
(21, 20000003, 0, 'Tri-Edge', 4013, 109, 82, 262282515, 203991364, 821, 132, 130, 1, 1, 10, 34, 12113, 14260, 730, 785, 4, 44, 0, 0, 0, 8, 7, 0, 0, 0, 25, 0, 11, 25, 0, 1423, 1443, 1457, 0, 'invek', 148, 166, 'invek', 146, 166, 78, 0, 0, 0, 0, 0, 0, 0, 0, 0, 0, 0),
(20, 20000004, 6, 'Kilian', 15, 109, 50, 79955973, 443177729, 101549, 117, 32, 1, 1, 131, 1, 6573, 138, 537, 537, 173, 20, 0, 0, 0, 0, 0, 0, 0, 0, 18, 1, 31, 0, 0, 0, 0, 0, 0, 'invek', 146, 166, 'invek', 146, 166, 0, 0, 0, 0, 0, 0, 0, 0, 0, 0, 0, 0),
(19, 2000002, 1, 'Helper | Xeibex', 4013, 360, 120, 578138915, 351707723, 2000000000, 300, 300, 300, 300, 300, 300, 488560, 1000000, 9606, 9606, 13905, 0, 0, 0, 0, 0, 1, 0, 0, 0, 3, 9, 85, 8, 0, 1425, 1424, 1363, 0, 'invek', 143, 164, 'new_zone02', 100, 17, 0, 0, 0, 0, 0, 0, 0, 0, 0, 0, 0, 0),
(18, 2000001, 0, 'Admin | Flawless', 4012, 360, 69, 578138915, 120680678, 1994957602, 300, 300, 300, 300, 300, 300, 344596, 344596, 8790, 8790, 13957, 68, 0, 0, 0, 12, 1, 0, 0, 0, 3, 0, 80, 8, 0, 1423, 1424, 1363, 0, 'invek', 144, 163, 'new_zone02', 100, 17, 0, 0, 0, 0, 0, 0, 0, 0, 0, 0, 0, 0),
(17, 20000002, 0, 'trial', 0, 360, 10, 0, 0, 1981999495, 1, 1, 1, 1, 1, 1, 1853, 1853, 373, 373, 13905, 0, 0, 0, 0, 0, 0, 0, 0, 0, 1, 0, 0, 0, 0, 0, 0, 0, 0, 'invek', 148, 169, 'new_zone02', 100, 17, 0, 0, 0, 0, 0, 0, 0, 0, 0, 0, 0, 0),
(16, 2000001, 2, 'Admin', 0, 1, 10, 1, 0, 100000, 1, 1, 1, 1, 1, 1, 44, 44, 12, 12, 48, 0, 0, 0, 0, 0, 0, 0, 0, 0, 1, 0, 0, 0, 0, 0, 0, 1388, 0, 'invek', 213, 205, 'invek', 146, 166, 0, 0, 0, 0, 0, 0, 0, 0, 0, 0, 0, 0),
(15, 2000001, 1, 'test asd', 0, 54, 10, 111619, 718849, 2000000000, 300, 300, 300, 300, 300, 300, 1403, 1403, 294, 294, 472, 9, 0, 0, 0, 0, 0, 0, 0, 0, 25, 0, 11, 8, 0, 1002, 0, 0, 0, 'invek', 146, 162, 'new_zone02', 100, 17, 0, 0, 0, 0, 0, 0, 0, 0, 0, 0, 0, 0),
(24, 20000006, 6, 'Satan', 0, 26, 10, 1876, 10849, 100002, 21, 1, 1, 1, 1, 1, 166, 166, 36, 39, 128, 0, 0, 0, 0, 0, 0, 0, 0, 0, 18, 8, 0, 0, 1, 101, 0, 0, 0, 'prtv_in01', 21, 57, 'invek', 146, 166, 0, 0, 0, 0, 0, 0, 0, 0, 0, 0, 0, 0),
(66, 20000028, 1, 'LipgLOsS', 4013, 98, 65, 100866896, 33964165, 16809303, 24, 178, 1, 1, 15, 1, 7550, 6194, 507, 507, 26, 9, 0, 0, 0, 0, 6, 0, 0, 0, 51, 12, 256, 16, 0, 86, 73, 57, 0, 'invek', 142, 161, 'invek', 146, 166, 0, 0, 0, 0, 0, 0, 0, 0, 0, 0, 0, 0),
(25, 20000007, 1, 'Obito', 0, 33, 10, 3559, 64849, 100011, 10, 45, 1, 1, 10, 1, 202, 202, 43, 43, 37, 0, 0, 0, 0, 0, 0, 0, 0, 0, 1, 0, 0, 1, 1, 101, 0, 0, 0, 'invek', 142, 163, 'invek', 146, 166, 0, 0, 0, 0, 0, 0, 0, 0, 0, 0, 0, 0),
(65, 20000008, 0, 'TimeForSuprise', 4008, 360, 120, 337834692, 351707723, 170076, 300, 100, 104, 131, 300, 171, 277057, 277057, 3323, 3563, 2, 0, 32, 0, 0, 0, 6, 0, 0, 0, 18, 9, 217, 4, 4, 0, 0, 1386, 0, 'invek', 140, 167, 'new_zone02', 100, 17, 0, 0, 0, 0, 0, 0, 0, 0, 0, 0, 0, 0),
(27, 20000009, 3, 'Ezel', 17, 118, 50, 97460303, 17425386, 351740, 100, 100, 1, 1, 83, 100, 7056, 7056, 630, 657, 6, 0, 0, 0, 0, 0, 0, 0, 0, 0, 23, 2, 262, 1, 2, 0, 0, 0, 0, 'invek', 137, 39, 'invek', 146, 166, 0, 0, 0, 0, 0, 0, 0, 0, 0, 0, 0, 0),
(28, 20000011, 1, 'Pavilion', 18, 332, 50, 107002488, 1394155386, 22702, 81, 65, 179, 1, 150, 1, 145120, 145120, 1445, 1445, 8620, 49, 0, 0, 0, 0, 0, 0, 0, 0, 1, 0, 0, 0, 0, 0, 0, 0, 0, 'invek', 193, 179, 'new_zone02', 100, 17, 0, 1, 0, 0, 0, 0, 0, 0, 0, 0, 0, 0),
(29, 20000013, 0, 'DissPut', 4008, 360, 120, 578138915, 351707723, 5612802, 300, 121, 112, 109, 300, 207, 311845, 630890, 3296, 3296, 8, 0, 32, 0, 0, 1, 3, 0, 0, 0, 18, 6, 90, 4, 4, 1013, 158, 1401, 0, 'invek', 146, 162, 'invek', 146, 166, 0, 0, 0, 0, 0, 0, 0, 0, 0, 0, 0, 0),
(30, 20000013, 1, 'DissPut²', 4016, 360, 120, 578138915, 351707723, 299979548, 300, 131, 130, 300, 171, 135, 203166, 146021, 9338, 2979, 3, 0, 0, 0, 0, 13, 3, 0, 0, 0, 18, 9, 228, 8, 4, 1006, 1424, 1363, 0, 'invek', 147, 164, 'invek', 146, 166, 0, 0, 0, 0, 0, 0, 0, 0, 0, 0, 0, 0),
(31, 20000014, 7, 'Bouncing B.', 4010, 360, 120, 578138915, 351707723, 38430981, 100, 161, 152, 300, 150, 300, 134825, 134825, 18443, 11227, 9, 44, 0, 0, 0, 0, 3, 0, 0, 0, 3, 1, 225, 10, 4, 1006, 158, 1375, 0, 'invek', 141, 160, 'invek', 146, 166, 0, 0, 0, 0, 0, 0, 0, 0, 0, 0, 0, 0),
(32, 20000009, 4, 'Harlem', 1, 77, 1, 1442967, 0, 137103, 100, 49, 1, 1, 1, 1, 2550, 2550, 165, 174, 329, 0, 0, 0, 0, 0, 0, 0, 0, 0, 15, 0, 0, 1, 0, 120, 0, 0, 0, 'invek', 21, 57, 'invek', 146, 166, 0, 0, 0, 0, 0, 0, 0, 0, 0, 0, 0, 0),
(33, 20000014, 8, 'Error', 5, 91, 50, 11488653, 509596, 4933430, 105, 103, 1, 1, 22, 1, 2272, 2272, 288, 306, 0, 18, 0, 0, 0, 0, 3, 0, 0, 0, 1, 0, 0, 1, 0, 0, 0, 0, 0, 'invek', 153, 153, 'new_zone02', 100, 17, 0, 0, 0, 0, 0, 0, 0, 0, 0, 0, 0, 0),
(34, 2000003, 0, 'Akzu', 4020, 360, 116, 578138915, 304652844, 2000000000, 300, 300, 300, 300, 300, 300, 331795, 995385, 14511, 14511, 13858, 115, 0, 0, 0, 0, 1, 0, 0, 0, 3, 6, 52, 8, 0, 1045, 1261, 1384, 0, 'gonryun', 161, 115, 'invek', 146, 166, 0, 1, 0, 0, 0, 0, 0, 0, 0, 0, 0, 0),
(36, 20000015, 0, 'Ryu~', 0, 1, 1, 0, 0, 100000, 1, 1, 1, 1, 1, 1, 40, 40, 11, 11, 48, 0, 0, 0, 0, 0, 0, 0, 0, 0, 3, 0, 0, 0, 0, 0, 0, 0, 0, 'new_zone02', 100, 17, 'new_zone02', 100, 17, 0, 0, 0, 0, 0, 0, 0, 0, 0, 0, 0, 0),
(35, 20000016, 1, 'AlisaRomina', 25, 99, 110, 77209574, 2711566, 7637, 1, 1, 1, 111, 140, 1, 4175, 4175, 1121, 1172, 78, 29, 0, 0, 0, 0, 0, 0, 0, 0, 18, 0, 0, 1, 1, 0, 0, 0, 0, 'invek', 144, 165, 'invek', 146, 166, 0, 0, 0, 0, 0, 0, 0, 0, 0, 0, 0, 0),
(37, 20000015, 1, '~Ryu', 4016, 360, 120, 578138915, 351707723, 976066, 300, 180, 169, 300, 150, 1, 225233, 225233, 9083, 11566, 0, 47, 0, 0, 0, 0, 0, 0, 0, 0, 3, 1, 263, 12, 0, 1003, 0, 1419, 0, 'invek', 147, 169, 'new_zone02', 100, 17, 0, 0, 0, 0, 0, 0, 0, 0, 0, 0, 0, 0),
(38, 20000015, 2, 'Kyro', 4013, 360, 120, 578138915, 1141995285, 268192, 300, 170, 207, 101, 300, 1, 284153, 288736, 3642, 3915, 5, 47, 0, 0, 0, 0, 2, 0, 0, 0, 3, 0, 0, 25, 0, 0, 158, 0, 0, 'invek', 53, 44, 'invek', 146, 166, 0, 0, 0, 0, 0, 0, 0, 0, 0, 0, 0, 0),
(39, 20000015, 3, 'Kyro~', 0, 1, 1, 0, 0, 100000, 1, 1, 1, 1, 1, 1, 40, 40, 11, 11, 48, 0, 0, 0, 0, 0, 0, 0, 0, 0, 3, 0, 0, 0, 0, 0, 0, 0, 0, 'new_zone02', 100, 17, 'new_zone02', 100, 17, 0, 0, 0, 0, 0, 0, 0, 0, 0, 0, 0, 0),
(40, 20000015, 4, 'Aura', 0, 1, 1, 0, 0, 100000, 1, 1, 1, 1, 1, 1, 40, 40, 11, 11, 48, 0, 0, 0, 0, 0, 0, 0, 0, 0, 3, 0, 0, 0, 0, 0, 0, 0, 0, 'new_zone02', 100, 17, 'new_zone02', 100, 17, 0, 0, 0, 0, 0, 0, 0, 0, 0, 0, 0, 0),
(41, 20000015, 5, 'Frost', 0, 1, 1, 0, 0, 100000, 1, 1, 1, 1, 1, 1, 40, 40, 11, 11, 48, 0, 0, 0, 0, 0, 0, 0, 0, 0, 3, 0, 0, 0, 0, 0, 0, 0, 0, 'new_zone02', 100, 17, 'new_zone02', 100, 17, 0, 0, 0, 0, 0, 0, 0, 0, 0, 0, 0, 0),
(42, 20000015, 6, 'Storm', 0, 1, 1, 0, 0, 100000, 1, 1, 1, 1, 1, 1, 40, 40, 11, 11, 48, 0, 0, 0, 0, 0, 0, 0, 0, 0, 3, 0, 0, 0, 0, 0, 0, 0, 0, 'new_zone02', 100, 17, 'new_zone02', 100, 17, 0, 0, 0, 0, 0, 0, 0, 0, 0, 0, 0, 0),
(43, 20000015, 7, 'AcidRyu', 18, 67, 1, 134268, 0, 5213616, 126, 40, 1, 1, 50, 1, 2447, 2447, 283, 311, 13, 0, 0, 0, 0, 0, 0, 0, 0, 0, 3, 0, 0, 1, 0, 0, 0, 0, 0, 'invek', 146, 164, 'new_zone02', 100, 17, 0, 0, 0, 0, 0, 0, 0, 0, 0, 0, 0, 0),
(58, 20000026, 7, 'I AM A POWER RANGER', 4008, 360, 120, 578138915, 732853789, 335262250, 300, 249, 300, 83, 118, 1, 519327, 519327, 2656, 2656, 0, 59, 0, 0, 0, 0, 3, 0, 0, 0, 22, 1, 55, 4, 0, 226, 0, 1335, 0, 'invek', 145, 170, 'invek', 146, 166, 0, 0, 0, 0, 0, 0, 0, 0, 0, 0, 0, 0),
(44, 20000014, 6, 'QQ MoRe', 4047, 360, 120, 218547205, 70368435, 45384, 300, 300, 151, 1, 249, 1, 158881, 158881, 1889, 1961, 19, 0, 0, 0, 0, 0, 3, 0, 0, 0, 1, 0, 234, 15, 0, 44, 0, 1387, 0, 'invek', 153, 152, 'invek', 146, 166, 0, 0, 0, 0, 0, 0, 0, 0, 0, 0, 0, 0),
(45, 20000013, 2, 'DissPut³', 4047, 360, 120, 218547205, 10368435, 2462867, 300, 173, 100, 10, 300, 202, 121748, 124791, 1872, 1611, 0, 0, 0, 0, 0, 0, 3, 0, 0, 0, 18, 6, 0, 0, 0, 212, 0, 0, 0, 'Goldraum', 78, 60, 'invek', 146, 166, 0, 0, 0, 0, 0, 0, 0, 0, 0, 0, 0, 0),
(70, 20000027, 7, 'liver', 0, 1, 1, 0, 0, 100000, 1, 1, 1, 1, 1, 1, 40, 40, 11, 11, 48, 0, 0, 0, 0, 0, 0, 0, 0, 0, 3, 6, 0, 0, 0, 0, 0, 0, 0, 'new_zone02', 100, 17, 'new_zone02', 100, 17, 0, 0, 0, 0, 0, 0, 0, 0, 0, 0, 0, 0),
(69, 20000033, 0, 'KittyKat', 18, 101, 50, 70959036, 511511729, 1372453, 189, 1, 1, 1, 1, 1, 5387, 5387, 447, 447, 18, 0, 0, 0, 0, 0, 0, 0, 0, 0, 21, 6, 0, 1, 0, 0, 0, 0, 0, 'dbarena4', 49, 50, 'invek', 146, 166, 0, 0, 0, 0, 0, 0, 0, 0, 0, 0, 0, 0),
(47, 20000019, 0, 'Blayck', 12, 98, 50, 38711062, 137282729, 67781, 57, 165, 1, 1, 1, 1, 6040, 6014, 422, 462, 67, 0, 0, 0, 0, 0, 0, 0, 0, 0, 15, 0, 85, 25, 0, 0, 0, 0, 0, 'invek', 145, 163, 'invek', 146, 166, 0, 0, 0, 0, 0, 0, 0, 0, 0, 0, 0, 0),
(48, 20000017, 0, 'AbRaXaS', 4015, 221, 120, 190176974, 351707723, 142510, 286, 161, 1, 1, 42, 1, 46792, 48792, 1676, 1807, 28, 0, 32, 0, 0, 0, 0, 0, 0, 0, 25, 24, 230, 5, 0, 1005, 0, 1333, 0, 'invek', 146, 165, 'invek', 146, 166, 0, 0, 0, 0, 0, 0, 0, 0, 0, 0, 0, 0),
(50, 20000021, 0, 'VeqasZ', 4016, 360, 120, 578138915, 351707723, 116192712, 291, 151, 249, 200, 231, 1, 270888, 270888, 6531, 6531, 0, 18, 0, 0, 0, 13, 3, 0, 0, 0, 3, 6, 65, 12, 0, 0, 0, 0, 0, 'invek', 146, 162, 'invek', 146, 166, 0, 0, 0, 0, 0, 0, 0, 0, 0, 0, 0, 0),
(49, 2000003, 2, 'test', 0, 1, 1, 1, 0, 100000, 1, 1, 1, 1, 1, 1, 40, 40, 11, 11, 48, 0, 0, 0, 0, 0, 0, 0, 0, 0, 1, 0, 0, 0, 0, 0, 0, 0, 0, 'payon', 161, 224, 'new_zone02', 100, 17, 0, 0, 0, 0, 0, 0, 0, 0, 0, 0, 0, 0),
(51, 20000022, 0, 'Aymi', 1, 63, 47, 58275, 191862, 100179, 100, 59, 1, 1, 14, 1, 1851, 1851, 137, 150, 1, 46, 0, 0, 0, 0, 0, 0, 0, 0, 3, 0, 0, 1, 0, 0, 0, 0, 0, 'anthell01', 45, 252, 'invek', 146, 166, 0, 0, 0, 0, 0, 0, 0, 0, 0, 0, 0, 0),
(52, 20000020, 0, 'K. K. Lacke', 4012, 186, 120, 263393421, 351707723, 1875012, 1, 125, 1, 1, 256, 1, 26382, 29020, 1281, 1281, 81, 59, 16, 0, 0, 0, 4, 0, 0, 0, 8, 0, 0, 11, 0, 1002, 1294, 1386, 0, 'invek', 146, 166, 'invek', 146, 166, 0, 0, 0, 0, 0, 0, 0, 0, 0, 0, 0, 0),
(55, 20000020, 1, 'Ted I. Bär', 10, 98, 50, 5577572, 108691386, 6200, 102, 13, 1, 1, 114, 1, 5237, 5237, 414, 449, 404, 23, 0, 0, 0, 0, 0, 0, 0, 0, 8, 0, 0, 7, 0, 0, 0, 0, 0, 'invek', 146, 166, 'new_zone02', 100, 72, 0, 0, 0, 0, 0, 0, 0, 0, 0, 0, 0, 0),
(53, 20000023, 0, 'Cure', 10, 139, 50, 40374566, 2083386, 688769, 124, 170, 1, 1, 40, 1, 10157, 6085, 582, 582, 216, 0, 0, 0, 0, 0, 4, 0, 0, 0, 3, 6, 101, 7, 0, 0, 0, 0, 0, 'invek', 149, 157, 'new_1-2', 23, 188, 0, 0, 0, 0, 0, 0, 0, 0, 0, 0, 0, 0),
(54, 20000024, 0, 'Elathin', 4013, 360, 120, 0, 0, 100802, 255, 1, 1, 1, 255, 255, 214490, 643470, 4186, 4367, 3783, 5, 0, 0, 0, 0, 3, 0, 0, 0, 3, 6, 2, 8, 0, 1162, 152, 1339, 0, 'invek', 143, 165, 'invek', 146, 166, 0, 0, 0, 0, 0, 0, 0, 0, 0, 0, 0, 0),
(56, 20000020, 2, 'Meinhard S. Rohr', 12, 232, 50, 1343396, 173083386, 311229, 298, 162, 1, 1, 56, 1, 31864, 31864, 984, 984, 28, 49, 0, 0, 0, 0, 0, 0, 0, 0, 8, 0, 9, 25, 0, 0, 0, 0, 0, 'invek', 152, 164, 'new_zone02', 100, 17, 0, 0, 0, 0, 0, 0, 0, 0, 0, 0, 0, 0),
(57, 20000021, 1, 'SpongeBOZZ', 0, 1, 1, 1, 0, 90000, 1, 113, 1, 1, 1, 1, 40, 22, 11, 11, 2, 0, 0, 0, 0, 12, 3, 0, 0, 0, 1, 0, 0, 1, 0, 0, 0, 0, 0, 'invek', 147, 159, 'new_zone02', 100, 17, 0, 0, 0, 0, 0, 0, 0, 0, 0, 0, 0, 0),
(93, 20000048, 0, 'Liaa', 0, 23, 10, 570, 10849, 1298100004, 43, 1, 1, 1, 1, 1, 151, 151, 33, 33, 4, 0, 0, 0, 0, 0, 0, 0, 0, 0, 1, 0, 0, 0, 0, 0, 0, 0, 0, 'dbarena4', 45, 48, 'new_zone02', 100, 17, 0, 1, 0, 0, 0, 0, 0, 0, 0, 0, 0, 0),
(59, 20000025, 0, 'Binie', 11, 149, 50, 24469455, 2083386, 3978174, 1, 168, 1, 1, 167, 1, 10590, 10590, 636, 636, 14, 0, 16, 0, 0, 0, 0, 0, 0, 0, 12, 5, 12, 11, 0, 72, 0, 56, 0, 'invek', 139, 164, 'invek', 146, 166, 0, 0, 0, 0, 0, 0, 0, 0, 0, 0, 0, 0),
(72, 20000032, 0, 'Tirilan', 4010, 95, 62, 3705516, 40702232, 2100800, 51, 1, 10, 105, 126, 1, 4302, 4302, 2442, 2551, 1, 9, 0, 0, 0, 6, 0, 0, 0, 0, 1, 0, 0, 10, 1, 72, 0, 52, 0, 'invek', 146, 166, 'invek', 146, 166, 0, 0, 0, 0, 0, 0, 0, 0, 0, 0, 0, 0),
(61, 20000013, 4, 'DeinEltan', 4011, 360, 120, 578138915, 351707723, 251446621, 300, 173, 101, 100, 300, 178, 156113, 156113, 3733, 3733, 9, 0, 0, 0, 0, 0, 3, 0, 0, 0, 18, 6, 0, 0, 0, 0, 0, 0, 0, 'dbarena4', 50, 50, 'invek', 146, 166, 0, 0, 0, 0, 0, 0, 0, 0, 0, 0, 0, 0),
(62, 20000027, 0, 'bLu~', 4010, 360, 120, 578138915, 351707723, 733147, 236, 300, 99, 300, 175, 1, 95833, 93243, 17102, 20928, 0, 40, 0, 0, 0, 5, 3, 0, 0, 0, 18, 5, 83, 10, 0, 0, 0, 0, 0, 'invek', 145, 166, 'invek', 146, 166, 0, 0, 0, 0, 0, 0, 0, 0, 0, 0, 0, 0),
(67, 20000021, 2, 'Roxas', 4019, 360, 120, 169170724, 1831355723, 116550425, 300, 100, 131, 1, 151, 300, 199856, 203626, 2501, 2772, 2490, 119, 0, 0, 0, 5, 3, 0, 0, 0, 3, 0, 0, 0, 0, 1008, 152, 1379, 0, 'gonryun', 149, 138, 'invek', 146, 166, 0, 0, 0, 0, 0, 0, 0, 0, 0, 0, 0, 0),
(63, 20000027, 1, 'lnstrQ', 4013, 360, 120, 578138915, 351707723, 284925264, 300, 150, 227, 100, 300, 2, 302486, 241053, 3625, 3806, 0, 47, 0, 0, 0, 0, 3, 0, 0, 0, 25, 9, 81, 0, 0, 0, 0, 0, 0, 'prt_in', 61, 66, 'invek', 146, 166, 0, 0, 0, 0, 0, 0, 0, 0, 0, 0, 0, 0),
(64, 20000027, 2, '|iver', 4016, 360, 120, 578138915, 351707723, 213027559, 300, 233, 150, 214, 250, 1, 220667, 219524, 7467, 8581, 1, 26, 0, 0, 0, 0, 3, 0, 0, 0, 25, 9, 81, 12, 0, 1003, 152, 1363, 0, 'dbarena4', 47, 48, 'invek', 146, 166, 0, 0, 0, 0, 0, 0, 0, 0, 0, 0, 0, 0),
(91, 20000042, 1, 'Yugi', 9, 106, 50, 58711608, 476206386, 72809, 1, 1, 1, 136, 113, 1, 3759, 212, 2390, 2390, 173, 30, 0, 0, 0, 0, 0, 0, 0, 0, 1, 0, 0, 1, 0, 0, 0, 0, 0, 'invek', 144, 166, 'invek', 146, 166, 0, 0, 0, 0, 0, 0, 0, 0, 0, 0, 0, 0),
(68, 20000018, 0, 'Chantelle', 4019, 360, 120, 578138915, 1467707723, 196096061, 300, 92, 1, 206, 300, 1, 78433, 78433, 5672, 5672, 1808, 121, 0, 0, 0, 0, 6, 0, 0, 0, 26, 17, 122, 0, 0, 0, 0, 0, 0, 'invek', 142, 161, 'new_zone02', 100, 72, 0, 0, 0, 0, 0, 0, 0, 0, 0, 0, 0, 0),
(73, 20000031, 0, 'RavensCrow', 12, 298, 50, 172168105, 3024210882, 191386, 300, 153, 69, 1, 75, 243, 101595, 101595, 1622, 1742, 6, 37, 0, 0, 0, 0, 7, 0, 0, 0, 8, 0, 11, 25, 0, 1463, 1442, 1464, 0, 'invek', 146, 166, 'new_zone02', 100, 72, 0, 0, 0, 0, 0, 0, 0, 0, 0, 0, 0, 0),
(71, 20000036, 0, 'Winnipuuh', 4008, 95, 63, 7120140, 938091, 1958936, 74, 149, 1, 1, 34, 1, 9951, 9951, 375, 412, 87, 4, 32, 0, 0, 6, 0, 0, 0, 0, 1, 0, 0, 3, 0, 16, 0, 52, 0, 'invek', 152, 164, 'invek', 146, 166, 0, 0, 0, 0, 0, 0, 0, 0, 0, 0, 0, 0),
(82, 20000038, 2, 'Garm', 0, 23, 10, 570, 10849, 200095003, 100, 1, 1, 1, 44, 1, 151, 151, 33, 36, 109, 0, 0, 0, 0, 0, 0, 0, 0, 0, 1, 0, 0, 1, 0, 0, 0, 0, 0, 'dbarena1', 46, 45, 'new_zone02', 100, 17, 0, 0, 0, 0, 0, 0, 0, 0, 0, 0, 0, 0),
(132, 20000021, 4, 'Extreme dinosaurs!', 4011, 360, 120, 578138915, 351707723, 193649371, 299, 100, 1, 1, 299, 300, 103321, 107092, 2482, 2755, 23, 0, 0, 0, 0, 0, 0, 0, 0, 0, 3, 0, 61, 0, 0, 1006, 158, 1384, 0, 'invek', 153, 167, 'invek', 146, 166, 0, 1, 0, 0, 0, 0, 0, 0, 0, 0, 0, 0),
(74, 20000032, 1, 'Johanna', 8, 143, 50, 28990709, 3856477298, 421393, 8, 1, 75, 150, 149, 19, 15280, 15280, 2942, 3058, 2, 0, 0, 0, 0, 14, 0, 0, 0, 0, 1, 0, 0, 10, 1, 11, 0, 57, 0, 'invek', 149, 166, 'invek', 146, 166, 0, 0, 0, 0, 0, 0, 0, 0, 0, 0, 0, 0),
(76, 20000036, 2, 'White Char', 10, 142, 50, 98516363, 138185790, 596011, 96, 201, 1, 1, 31, 1, 10581, 10581, 595, 595, 82, 0, 0, 0, 0, 14, 0, 0, 0, 0, 21, 6, 102, 7, 0, 86, 0, 0, 0, 'invek', 158, 159, 'invek', 146, 166, 0, 0, 0, 0, 0, 0, 0, 0, 0, 0, 0, 0),
(75, 20000036, 1, 'Dark Merlin', 9, 80, 50, 3094421, 2951729, 100606, 1, 1, 1, 123, 84, 1, 2262, 2226, 1715, 1788, 137, 49, 0, 0, 0, 0, 0, 0, 0, 0, 1, 0, 0, 1, 0, 0, 0, 0, 0, 'invek', 146, 166, 'invek', 146, 166, 0, 0, 0, 0, 0, 0, 0, 0, 0, 0, 0, 0),
(77, 20000017, 1, 'slave', 0, 1, 1, 1, 0, 100000, 1, 1, 1, 1, 1, 1, 40, 40, 11, 11, 48, 0, 0, 0, 0, 0, 0, 0, 0, 0, 1, 0, 0, 1, 0, 101, 0, 0, 0, 'invek', 146, 166, 'new_zone03', 96, 31, 0, 0, 0, 0, 0, 0, 0, 1389805114, 0, 0, 0, 0),
(78, 20000034, 0, 'Kuschelcat', 4013, 118, 92, 299742223, 267495362, 2126239, 82, 156, 1, 1, 101, 1, 10858, 11835, 607, 661, 0, 5, 0, 0, 0, 8, 7, 0, 0, 0, 4, 17, 201, 16, 0, 44, 0, 0, 0, 'invek', 149, 166, 'invek', 146, 166, 21, 0, 0, 0, 0, 0, 0, 0, 0, 0, 0, 0),
(79, 20000037, 0, 'Holy Angel', 12, 94, 50, 12692004, 53242386, 840420, 1, 145, 1, 1, 70, 1, 5581, 5581, 405, 443, 218, 0, 0, 0, 0, 0, 0, 0, 0, 0, 29, 0, 11, 25, 0, 0, 0, 0, 0, 'invek', 156, 168, 'invek', 146, 166, 0, 0, 0, 0, 0, 0, 0, 0, 0, 0, 0, 0),
(80, 20000003, 1, 'Venterus', 4011, 360, 120, 578138915, 351707723, 2503121, 300, 150, 216, 1, 120, 300, 242843, 246615, 1938, 2211, 13, 0, 0, 0, 0, 0, 6, 0, 0, 0, 3, 1, 151, 7, 0, 0, 0, 0, 0, 'prt_church', 99, 97, 'new_zone02', 100, 17, 0, 0, 0, 0, 0, 0, 0, 0, 0, 0, 0, 0),
(81, 20000003, 2, 'Venn', 4016, 360, 120, 578138915, 351707723, 887750, 300, 120, 120, 300, 208, 100, 172728, 172828, 8658, 9121, 2, 0, 0, 0, 0, 0, 7, 0, 0, 0, 25, 0, 83, 12, 0, 0, 0, 0, 0, 'invek', 144, 163, 'invek', 146, 166, 0, 0, 0, 0, 0, 0, 0, 0, 0, 0, 0, 0),
(84, 20000042, 0, 'Bestboy', 3, 32, 24, 1973, 4255, 97453, 1, 1, 1, 1, 81, 1, 470, 470, 75, 82, 113, 23, 0, 0, 0, 0, 6, 0, 0, 0, 1, 0, 263, 11, 0, 0, 0, 0, 0, 'invek', 148, 160, 'invek', 146, 166, 0, 0, 0, 0, 0, 0, 0, 0, 0, 0, 0, 0),
(83, 20000039, 3, 'Moee', 12, 89, 50, 5643691, 21073386, 308748, 77, 145, 1, 1, 17, 1, 5035, 5035, 384, 420, 14, 39, 0, 0, 0, 0, 7, 0, 0, 0, 21, 1, 0, 25, 0, 0, 0, 0, 0, 'lou_fild01', 137, 175, 'invek', 146, 166, 0, 0, 0, 0, 0, 0, 0, 0, 0, 0, 0, 0),
(89, 20000034, 1, 'Karoline', 9, 117, 50, 62757849, 547345386, 692987, 1, 1, 1, 167, 107, 1, 4595, 5008, 2987, 3255, 7, 0, 0, 0, 0, 0, 0, 0, 0, 0, 2, 3, 0, 1, 0, 0, 0, 0, 0, 'invek', 146, 166, 'invek', 146, 166, 0, 0, 0, 0, 0, 0, 0, 0, 0, 0, 0, 0),
(104, 20000018, 1, 'Chantelle~Snip', 4012, 360, 120, 578138915, 351707723, 85499, 300, 111, 100, 73, 300, 231, 166946, 337492, 3787, 3787, 2, 0, 16, 0, 0, 0, 6, 0, 0, 0, 26, 16, 146, 11, 0, 1007, 1270, 1417, 0, 'invek', 141, 161, 'new_zone02', 100, 17, 0, 0, 0, 0, 0, 0, 0, 0, 0, 0, 0, 0),
(85, 20000043, 6, 'Teddy', 4017, 360, 120, 360785404, 1746707723, 125736, 102, 221, 300, 300, 151, 4, 268253, 268253, 13756, 13756, 1, 0, 0, 0, 0, 10, 6, 0, 0, 0, 18, 1, 83, 1, 0, 1002, 0, 1333, 0, 'invek', 143, 164, 'invek', 146, 166, 0, 0, 0, 0, 0, 0, 0, 0, 0, 0, 0, 0),
(86, 20000044, 8, 'Leyla', 18, 72, 38, 908644, 0, 100670, 54, 100, 1, 1, 1, 1, 2873, 917, 321, 321, 534, 37, 0, 0, 0, 0, 6, 0, 0, 0, 1, 0, 0, 1, 0, 0, 0, 0, 0, 'invek', 149, 168, 'invek', 146, 166, 0, 0, 0, 0, 0, 0, 0, 0, 0, 0, 0, 0),
(87, 20000045, 0, 'Anima', 12, 101, 50, 43409025, 305477886, 216442, 101, 120, 1, 1, 72, 1, 6396, 6396, 434, 434, 72, 49, 0, 0, 0, 0, 6, 0, 0, 0, 3, 9, 263, 1, 0, 0, 0, 0, 0, 'invek', 144, 84, 'invek', 146, 166, 0, 0, 0, 0, 0, 0, 0, 0, 0, 0, 0, 0),
(88, 20000046, 1, 'Nanami', 9, 103, 50, 44125858, 2083386, 195647, 11, 47, 1, 99, 141, 1, 3567, 3567, 1977, 1977, 0, 0, 0, 0, 0, 15, 0, 0, 0, 0, 1, 0, 0, 1, 0, 0, 0, 0, 0, 'invek', 149, 169, 'invek', 146, 166, 0, 0, 0, 0, 0, 0, 0, 0, 0, 0, 0, 0),
(90, 20000034, 2, 'Karo', 0, 1, 1, 0, 0, 100000, 1, 1, 1, 1, 1, 1, 40, 40, 11, 11, 48, 0, 0, 0, 0, 0, 0, 0, 0, 0, 2, 7, 0, 0, 0, 0, 0, 0, 0, 'new_zone02', 100, 17, 'new_zone02', 100, 17, 0, 0, 0, 0, 0, 0, 0, 0, 0, 0, 0, 0),
(92, 20000042, 2, 'Killer', 4013, 360, 120, 578138915, 351707723, 75277, 300, 175, 244, 1, 19, 288, 318068, 134240, 1830, 2178, 0, 60, 0, 0, 0, 0, 0, 0, 0, 0, 3, 0, 263, 25, 0, 61, 0, 0, 0, 'invek', 142, 164, 'invek', 146, 166, 0, 0, 0, 0, 0, 0, 0, 0, 0, 0, 0, 0),
(94, 20000048, 1, 'Vani', 0, 1, 1, 1, 0, 100000, 1, 1, 1, 1, 1, 1, 40, 40, 11, 11, 48, 0, 0, 0, 0, 0, 0, 0, 0, 0, 1, 0, 0, 0, 0, 0, 0, 0, 0, 'new_zone02', 101, 12, 'new_zone02', 100, 17, 0, 0, 0, 0, 0, 0, 0, 0, 0, 0, 0, 0),
(95, 20000050, 1, 'xXColaXx', 0, 1, 1, 0, 0, 100000, 1, 1, 1, 1, 1, 1, 40, 40, 11, 11, 48, 0, 0, 0, 0, 0, 0, 0, 0, 0, 1, 0, 0, 0, 0, 0, 0, 0, 0, 'new_zone02', 100, 17, 'new_zone02', 100, 17, 0, 0, 0, 0, 0, 0, 0, 0, 0, 0, 0, 0),
(96, 20000050, 0, 'Cola', 0, 1, 1, 0, 0, 100000, 1, 1, 1, 1, 1, 1, 40, 40, 11, 11, 48, 0, 0, 0, 0, 0, 0, 0, 0, 0, 1, 0, 0, 0, 0, 0, 0, 0, 0, 'new_zone02', 100, 17, 'new_zone02', 100, 17, 0, 0, 0, 0, 0, 0, 0, 0, 0, 0, 0, 0),
(97, 20000050, 2, 'Seraphal', 12, 104, 50, 70294689, 2083386, 32350, 101, 106, 1, 1, 100, 4, 6760, 5340, 447, 511, 32, 0, 0, 0, 0, 0, 0, 0, 0, 0, 29, 0, 263, 16, 0, 0, 0, 0, 0, 'invek', 150, 164, 'invek', 146, 166, 0, 0, 0, 0, 0, 0, 0, 0, 0, 0, 0, 0),
(98, 20000050, 4, 'Destiny', 0, 1, 1, 0, 0, 100000, 1, 1, 1, 1, 1, 1, 40, 40, 11, 11, 48, 0, 0, 0, 0, 0, 0, 0, 0, 0, 1, 0, 0, 0, 0, 0, 0, 0, 0, 'new_zone02', 100, 17, 'new_zone02', 100, 17, 0, 0, 0, 0, 0, 0, 0, 0, 0, 0, 0, 0),
(99, 20000050, 3, 'xXDestinyXx', 0, 1, 1, 0, 0, 100000, 1, 1, 1, 1, 1, 1, 40, 40, 11, 11, 48, 0, 0, 0, 0, 0, 0, 0, 0, 0, 1, 0, 0, 0, 0, 0, 0, 0, 0, 'new_zone02', 100, 17, 'new_zone02', 100, 17, 0, 0, 0, 0, 0, 0, 0, 0, 0, 0, 0, 0),
(100, 20000050, 5, 'xXxDestinyxXx', 0, 1, 1, 0, 0, 100000, 1, 1, 1, 1, 1, 1, 40, 40, 11, 11, 48, 0, 0, 0, 0, 0, 0, 0, 0, 0, 1, 0, 0, 0, 0, 0, 0, 0, 0, 'new_zone02', 100, 17, 'new_zone02', 100, 17, 0, 0, 0, 0, 0, 0, 0, 0, 0, 0, 0, 0),
(101, 20000050, 7, 'Schizophren', 0, 1, 1, 0, 0, 100000, 1, 1, 1, 1, 1, 1, 40, 40, 11, 11, 48, 0, 0, 0, 0, 0, 0, 0, 0, 0, 1, 0, 0, 0, 0, 0, 0, 0, 0, 'new_zone02', 100, 17, 'new_zone02', 100, 17, 0, 0, 0, 0, 0, 0, 0, 0, 0, 0, 0, 0),
(102, 20000050, 8, 'xXSchizophrenXx', 0, 1, 1, 0, 0, 100000, 1, 1, 1, 1, 1, 1, 40, 40, 11, 11, 48, 0, 0, 0, 0, 0, 0, 0, 0, 0, 1, 0, 0, 0, 0, 0, 0, 0, 0, 'new_zone02', 100, 17, 'new_zone02', 100, 17, 0, 0, 0, 0, 0, 0, 0, 0, 0, 0, 0, 0),
(103, 20000050, 6, 'xXxSchizophrenxXx', 0, 1, 1, 0, 0, 100000, 1, 1, 1, 1, 1, 1, 40, 40, 11, 11, 48, 0, 0, 0, 0, 0, 0, 0, 0, 0, 1, 0, 0, 0, 0, 0, 0, 0, 0, 'new_zone02', 100, 17, 'new_zone02', 100, 17, 0, 0, 0, 0, 0, 0, 0, 0, 0, 0, 0, 0),
(105, 20000042, 3, 'dont ask', 4016, 249, 120, 107861298, 807707723, 429959, 295, 177, 116, 1, 41, 1, 86433, 103719, 1740, 1887, 17, 66, 0, 0, 0, 0, 0, 0, 0, 0, 3, 0, 0, 8, 0, 0, 0, 1364, 0, 'invek', 146, 166, 'invek', 146, 166, 0, 0, 0, 0, 0, 0, 0, 0, 0, 0, 0, 0),
(106, 20000045, 1, 'Anima~', 0, 1, 1, 0, 0, 100000, 1, 1, 1, 1, 1, 1, 40, 40, 11, 11, 48, 0, 0, 0, 0, 0, 0, 0, 0, 0, 3, 0, 0, 0, 0, 0, 0, 0, 0, 'new_zone02', 100, 17, 'new_zone02', 100, 17, 0, 0, 0, 0, 0, 0, 0, 0, 0, 0, 0, 0),
(107, 20000045, 2, '-Anima-', 15, 108, 50, 23808186, 593234120, 73180, 113, 1, 7, 32, 143, 1, 6824, 417, 692, 692, 7, 0, 0, 0, 0, 0, 0, 0, 0, 0, 3, 9, 0, 8, 0, 0, 0, 0, 0, 'invek', 145, 157, 'invek', 146, 166, 0, 0, 0, 0, 0, 0, 0, 0, 0, 0, 0, 0),
(108, 20000045, 3, '-Anima', 0, 1, 1, 0, 0, 100000, 1, 1, 1, 1, 1, 1, 40, 40, 11, 11, 48, 0, 0, 0, 0, 0, 0, 0, 0, 0, 3, 0, 0, 0, 0, 0, 0, 0, 0, 'new_zone02', 100, 17, 'new_zone02', 100, 17, 0, 0, 0, 0, 0, 0, 0, 0, 0, 0, 0, 0),
(109, 20000045, 4, 'Anima-', 0, 1, 1, 0, 0, 100000, 1, 1, 1, 1, 1, 1, 40, 40, 11, 11, 48, 0, 0, 0, 0, 0, 0, 0, 0, 0, 3, 0, 0, 0, 0, 0, 0, 0, 0, 'new_zone02', 100, 17, 'new_zone02', 100, 17, 0, 0, 0, 0, 0, 0, 0, 0, 0, 0, 0, 0),
(110, 20000045, 5, '~Anima', 0, 1, 1, 0, 0, 100000, 1, 1, 1, 1, 1, 1, 40, 40, 11, 11, 48, 0, 0, 0, 0, 0, 0, 0, 0, 0, 3, 0, 0, 0, 0, 0, 0, 0, 0, 'new_zone02', 100, 17, 'new_zone02', 100, 17, 0, 0, 0, 0, 0, 0, 0, 0, 0, 0, 0, 0),
(111, 20000045, 6, '-*Anima', 0, 1, 1, 0, 0, 100000, 1, 1, 1, 1, 1, 1, 40, 40, 11, 11, 48, 0, 0, 0, 0, 0, 0, 0, 0, 0, 3, 0, 0, 0, 0, 0, 0, 0, 0, 'new_zone02', 100, 17, 'new_zone02', 100, 17, 0, 0, 0, 0, 0, 0, 0, 0, 0, 0, 0, 0),
(112, 20000045, 7, 'Anima*-', 0, 1, 1, 0, 0, 100000, 1, 1, 1, 1, 1, 1, 40, 40, 11, 11, 48, 0, 0, 0, 0, 0, 0, 0, 0, 0, 3, 0, 0, 0, 0, 0, 0, 0, 0, 'new_zone02', 100, 17, 'new_zone02', 100, 17, 0, 0, 0, 0, 0, 0, 0, 0, 0, 0, 0, 0),
(113, 20000045, 8, '*Anima', 0, 1, 1, 0, 0, 100000, 1, 1, 1, 1, 1, 1, 40, 40, 11, 11, 48, 0, 0, 0, 0, 0, 0, 0, 0, 0, 3, 0, 0, 0, 0, 0, 0, 0, 0, 'new_zone02', 100, 17, 'new_zone02', 100, 17, 0, 0, 0, 0, 0, 0, 0, 0, 0, 0, 0, 0),
(115, 20000021, 3, 'Vergil', 4018, 360, 120, 1178787097, 3964020427, 84190, 263, 100, 1, 1, 1, 1, 74911, 74911, 2352, 2352, 10892, 119, 0, 0, 0, 11, 3, 0, 0, 0, 3, 0, 0, 0, 0, 0, 0, 0, 0, 'invek', 140, 163, 'new_zone02', 100, 72, 0, 0, 0, 0, 0, 0, 0, 0, 0, 0, 0, 0),
(114, 20000052, 0, 'Minato', 4016, 360, 120, 578138915, 351707723, 1117759, 300, 140, 133, 293, 250, 1, 190231, 209254, 8722, 8935, 17, 8, 0, 0, 0, 11, 3, 0, 0, 0, 3, 5, 169, 12, 4, 226, 187, 1364, 0, 'invek', 148, 162, 'invek', 146, 166, 0, 0, 0, 0, 0, 0, 0, 0, 0, 0, 0, 0),
(118, 20000008, 1, 'TimeToSurvive', 0, 1, 1, 1, 0, 100000, 1, 1, 1, 1, 1, 1, 40, 40, 11, 11, 48, 0, 0, 0, 0, 12, 0, 0, 0, 0, 1, 0, 0, 0, 0, 0, 0, 0, 0, 'invek', 144, 168, 'new_zone02', 100, 17, 0, 0, 0, 0, 0, 0, 0, 0, 0, 0, 0, 0),
(116, 20000027, 6, 'Pifko', 4011, 360, 120, 578138915, 351707723, 197930936, 300, 118, 5, 99, 270, 300, 83712, 83712, 3715, 2997, 0, 0, 0, 0, 0, 0, 0, 0, 0, 0, 1, 0, 0, 0, 0, 0, 0, 0, 0, 'prtv_in01', 116, 60, 'invek', 146, 166, 0, 1, 0, 0, 0, 0, 0, 0, 0, 0, 0, 0),
(117, 20000043, 7, 'I''m only 10 years old', 0, 21, 10, 1420, 7849, 100005, 11, 1, 11, 1, 1, 1, 155, 155, 31, 31, 102, 0, 0, 0, 0, 0, 0, 0, 0, 0, 1, 0, 0, 1, 1, 101, 0, 0, 0, 'invek', 141, 167, 'new_zone03', 96, 31, 0, 0, 0, 0, 0, 0, 0, 0, 0, 0, 0, 0),
(119, 20000043, 8, 'Jessica Jaymes', 0, 1, 1, 1, 0, 100000, 1, 1, 20, 1, 1, 1, 48, 48, 11, 11, 1, 0, 0, 0, 0, 12, 0, 0, 0, 0, 1, 0, 0, 0, 0, 0, 0, 0, 0, 'invek', 140, 168, 'new_zone02', 100, 17, 0, 0, 0, 0, 0, 0, 0, 0, 0, 0, 0, 0),
(120, 20000003, 3, 'Dönner Mann', 0, 1, 1, 1, 0, 100000, 1, 1, 1, 1, 1, 1, 40, 40, 11, 11, 48, 0, 0, 0, 0, 12, 0, 0, 0, 0, 1, 0, 0, 0, 0, 0, 0, 0, 0, 'invek', 147, 166, 'new_zone02', 100, 17, 0, 0, 0, 0, 0, 0, 0, 1389983621, 0, 0, 0, 0),
(121, 20000014, 5, 'Jacqueline', 0, 1, 1, 1, 0, 100000, 1, 1, 1, 1, 1, 1, 40, 40, 11, 12, 48, 0, 0, 0, 0, 12, 0, 0, 0, 0, 1, 0, 0, 0, 0, 0, 0, 0, 0, 'invek', 147, 169, 'new_zone02', 100, 17, 0, 0, 0, 0, 0, 0, 0, 0, 0, 0, 0, 0),
(122, 20000003, 4, 'Döner Mann', 0, 1, 1, 1, 0, 100000, 1, 1, 20, 1, 1, 1, 48, 30, 11, 11, 1, 0, 0, 0, 0, 12, 0, 0, 0, 0, 1, 0, 0, 1, 0, 0, 0, 0, 0, 'invek', 146, 166, 'new_zone02', 100, 17, 0, 0, 0, 0, 0, 0, 0, 0, 0, 0, 0, 0),
(123, 20000053, 7, 'BadSanta', 0, 1, 1, 0, 0, 100000, 1, 1, 1, 1, 1, 1, 40, 40, 11, 11, 48, 0, 0, 0, 0, 0, 0, 0, 0, 0, 1, 0, 0, 0, 0, 0, 0, 0, 0, 'new_zone02', 100, 17, 'new_zone02', 100, 17, 0, 0, 0, 0, 0, 0, 0, 0, 0, 0, 0, 0),
(124, 20000053, 6, 'BornTrouble', 0, 1, 1, 0, 0, 100000, 1, 1, 1, 1, 1, 1, 40, 40, 11, 11, 48, 0, 0, 0, 0, 0, 0, 0, 0, 0, 1, 0, 0, 0, 0, 0, 0, 0, 0, 'new_zone02', 100, 17, 'new_zone02', 100, 17, 0, 0, 0, 0, 0, 0, 0, 0, 0, 0, 0, 0),
(125, 20000053, 8, 'In Your Face', 0, 1, 1, 0, 0, 100000, 1, 1, 1, 1, 1, 1, 40, 40, 11, 11, 48, 0, 0, 0, 0, 0, 0, 0, 0, 0, 1, 0, 0, 0, 0, 0, 0, 0, 0, 'new_zone02', 100, 17, 'new_zone02', 100, 17, 0, 0, 0, 0, 0, 0, 0, 0, 0, 0, 0, 0),
(126, 20000053, 0, 'Awesome', 4016, 295, 120, 406473982, 351707723, 124347, 166, 294, 213, 97, 111, 1, 165043, 9210, 3558, 5337, 2, 55, 0, 0, 0, 13, 3, 0, 0, 0, 3, 0, 255, 8, 0, 0, 0, 0, 0, 'invek', 146, 166, 'invek', 146, 166, 0, 0, 0, 0, 0, 0, 0, 0, 0, 0, 0, 0),
(127, 20000053, 1, 'I DISPELL UR ASS', 0, 1, 1, 0, 0, 100000, 1, 1, 1, 1, 1, 1, 40, 40, 11, 11, 48, 0, 0, 0, 0, 0, 0, 0, 0, 0, 1, 0, 0, 0, 0, 0, 0, 0, 0, 'new_zone02', 100, 17, 'new_zone02', 100, 17, 0, 0, 0, 0, 0, 0, 0, 0, 0, 0, 0, 0),
(128, 20000053, 2, 'HighDMGMaker :D', 0, 1, 1, 0, 0, 100000, 1, 1, 1, 1, 1, 1, 40, 40, 11, 11, 48, 0, 0, 0, 0, 0, 0, 0, 0, 0, 1, 0, 0, 0, 0, 0, 0, 0, 0, 'new_zone02', 100, 17, 'new_zone02', 100, 17, 0, 0, 0, 0, 0, 0, 0, 0, 0, 0, 0, 0),
(129, 20000053, 3, 'HighDMGMaker', 0, 1, 1, 0, 0, 100000, 1, 1, 1, 1, 1, 1, 40, 40, 11, 11, 48, 0, 0, 0, 0, 0, 0, 0, 0, 0, 1, 0, 0, 0, 0, 0, 0, 0, 0, 'new_zone02', 100, 17, 'new_zone02', 100, 17, 0, 0, 0, 0, 0, 0, 0, 0, 0, 0, 0, 0),
(130, 20000047, 0, 'Sorata', 12, 102, 50, 88969308, 10180386, 75362, 66, 158, 5, 1, 51, 1, 6769, 6769, 438, 438, 4, 6, 0, 0, 0, 15, 0, 0, 0, 0, 3, 0, 0, 25, 0, 0, 0, 0, 0, 'invek', 150, 169, 'invek', 146, 166, 0, 0, 0, 0, 0, 0, 0, 0, 0, 0, 0, 0),
(131, 20000027, 3, 'UEBERSOLDAT', 4008, 360, 120, 578138915, 351707723, 710442, 300, 125, 242, 99, 300, 1, 434843, 434843, 2737, 2873, 19, 45, 32, 0, 0, 0, 0, 0, 0, 0, 25, 9, 217, 0, 0, 0, 0, 0, 0, 'invek', 148, 161, 'invek', 146, 166, 0, 0, 0, 0, 0, 0, 0, 0, 0, 0, 0, 0);

/*!40101 SET CHARACTER_SET_CLIENT=@OLD_CHARACTER_SET_CLIENT */;
/*!40101 SET CHARACTER_SET_RESULTS=@OLD_CHARACTER_SET_RESULTS */;
/*!40101 SET COLLATION_CONNECTION=@OLD_COLLATION_CONNECTION */;


-- phpMyAdmin SQL Dump
-- version 3.5.1
-- http://www.phpmyadmin.net
--
-- Host: localhost
-- Generation Time: Jan 17, 2014 at 02:50 AM
-- Server version: 5.5.24-log
-- PHP Version: 5.3.13

SET SQL_MODE="NO_AUTO_VALUE_ON_ZERO";
SET time_zone = "+00:00";


/*!40101 SET @OLD_CHARACTER_SET_CLIENT=@@CHARACTER_SET_CLIENT */;
/*!40101 SET @OLD_CHARACTER_SET_RESULTS=@@CHARACTER_SET_RESULTS */;
/*!40101 SET @OLD_COLLATION_CONNECTION=@@COLLATION_CONNECTION */;
/*!40101 SET NAMES utf8 */;

--
-- Database: `eamod`
--

-- --------------------------------------------------------

--
-- Table structure for table `storage`
--

CREATE TABLE IF NOT EXISTS `storage` (
  `id` int(11) unsigned NOT NULL AUTO_INCREMENT,
  `account_id` int(11) unsigned NOT NULL DEFAULT '0',
  `nameid` int(11) unsigned NOT NULL DEFAULT '0',
  `amount` smallint(11) unsigned NOT NULL DEFAULT '0',
  `equip` mediumint(8) unsigned NOT NULL DEFAULT '0',
  `identify` smallint(6) unsigned NOT NULL DEFAULT '0',
  `refine` tinyint(3) unsigned NOT NULL DEFAULT '0',
  `attribute` tinyint(4) unsigned NOT NULL DEFAULT '0',
  `card0` smallint(11) NOT NULL DEFAULT '0',
  `card1` smallint(11) NOT NULL DEFAULT '0',
  `card2` smallint(11) NOT NULL DEFAULT '0',
  `card3` smallint(11) NOT NULL DEFAULT '0',
  `expire_time` int(11) unsigned NOT NULL DEFAULT '0',
  `bound` tinyint(1) unsigned NOT NULL DEFAULT '0',
  `unique_id` bigint(20) unsigned NOT NULL DEFAULT '0',
  PRIMARY KEY (`id`),
  KEY `account_id` (`account_id`)
) ENGINE=MyISAM  DEFAULT CHARSET=latin1 AUTO_INCREMENT=2353 ;

--
-- Dumping data for table `storage`
--

INSERT INTO `storage` (`id`, `account_id`, `nameid`, `amount`, `equip`, `identify`, `refine`, `attribute`, `card0`, `card1`, `card2`, `card3`, `expire_time`, `bound`, `unique_id`) VALUES
(2223, 20000013, 2421, 1, 0, 1, 0, 0, 0, 0, 0, 0, 0, 0, 25),
(2, 20000009, 1065, 2, 0, 1, 0, 0, 0, 0, 0, 0, 0, 0, 0),
(3, 20000009, 713, 5, 0, 1, 0, 0, 0, 0, 0, 0, 0, 0, 0),
(4, 20000009, 935, 2, 0, 1, 0, 0, 0, 0, 0, 0, 0, 0, 0),
(5, 20000009, 1002, 1, 0, 1, 0, 0, 0, 0, 0, 0, 0, 0, 0),
(6, 20000009, 938, 18, 0, 1, 0, 0, 0, 0, 0, 0, 0, 0, 0),
(7, 20000009, 949, 3, 0, 1, 0, 0, 0, 0, 0, 0, 0, 0, 0),
(8, 20000009, 705, 4, 0, 1, 0, 0, 0, 0, 0, 0, 0, 0, 0),
(9, 20000009, 914, 3, 0, 1, 0, 0, 0, 0, 0, 0, 0, 0, 0),
(10, 20000009, 910, 16, 0, 1, 0, 0, 0, 0, 0, 0, 0, 0, 0),
(11, 20000009, 756, 10, 0, 1, 0, 0, 0, 0, 0, 0, 0, 0, 0),
(12, 20000009, 1010, 3, 0, 1, 0, 0, 0, 0, 0, 0, 0, 0, 0),
(13, 20000009, 1011, 3, 0, 1, 0, 0, 0, 0, 0, 0, 0, 0, 0),
(14, 20000009, 909, 7, 0, 1, 0, 0, 0, 0, 0, 0, 0, 0, 0),
(15, 20000009, 1752, 9, 0, 1, 0, 0, 0, 0, 0, 0, 0, 0, 0),
(16, 20000009, 7751, 1, 0, 1, 0, 0, 0, 0, 0, 0, 0, 0, 0),
(17, 20000009, 1039, 4, 0, 1, 0, 0, 0, 0, 0, 0, 0, 0, 0),
(18, 20000009, 1769, 4, 0, 1, 0, 0, 0, 0, 0, 0, 0, 0, 0),
(19, 20000009, 912, 3, 0, 1, 0, 0, 0, 0, 0, 0, 0, 0, 0),
(20, 20000009, 757, 4, 0, 1, 0, 0, 0, 0, 0, 0, 0, 0, 0),
(21, 20000009, 1064, 5, 0, 1, 0, 0, 0, 0, 0, 0, 0, 0, 0),
(22, 20000009, 7054, 56, 0, 1, 0, 0, 0, 0, 0, 0, 0, 0, 0),
(23, 20000009, 1098, 9, 0, 1, 0, 0, 0, 0, 0, 0, 0, 0, 0),
(24, 20000009, 7053, 3, 0, 1, 0, 0, 0, 0, 0, 0, 0, 0, 0),
(25, 20000009, 999, 4, 0, 1, 0, 0, 0, 0, 0, 0, 0, 0, 0),
(26, 20000009, 930, 5, 0, 1, 0, 0, 0, 0, 0, 0, 0, 0, 0),
(27, 20000009, 716, 5, 0, 1, 0, 0, 0, 0, 0, 0, 0, 0, 0),
(28, 20000009, 1015, 4, 0, 1, 0, 0, 0, 0, 0, 0, 0, 0, 0),
(29, 20000009, 984, 6, 0, 1, 0, 0, 0, 0, 0, 0, 0, 0, 0),
(30, 20000009, 7016, 4, 0, 1, 0, 0, 0, 0, 0, 0, 0, 0, 0),
(31, 20000009, 746, 1, 0, 1, 0, 0, 0, 0, 0, 0, 0, 0, 0),
(32, 20000009, 7007, 1, 0, 1, 0, 0, 0, 0, 0, 0, 0, 0, 0),
(33, 20000009, 985, 46, 0, 1, 0, 0, 0, 0, 0, 0, 0, 0, 0),
(34, 20000009, 1764, 5, 0, 1, 0, 0, 0, 0, 0, 0, 0, 0, 0),
(35, 20000009, 4133, 1, 0, 1, 0, 0, 0, 0, 0, 0, 0, 0, 0),
(36, 20000009, 1004, 2, 0, 1, 0, 0, 0, 0, 0, 0, 0, 0, 0),
(37, 20000009, 1097, 2, 0, 1, 0, 0, 0, 0, 0, 0, 0, 0, 0),
(38, 20000009, 7161, 1, 0, 1, 0, 0, 0, 0, 0, 0, 0, 0, 0),
(39, 20000009, 7167, 2, 0, 1, 0, 0, 0, 0, 0, 0, 0, 0, 0),
(40, 20000009, 7163, 11, 0, 1, 0, 0, 0, 0, 0, 0, 0, 0, 0),
(41, 20000009, 7168, 7, 0, 1, 0, 0, 0, 0, 0, 0, 0, 0, 0),
(42, 20000009, 924, 6, 0, 1, 0, 0, 0, 0, 0, 0, 0, 0, 0),
(43, 20000009, 7164, 7, 0, 1, 0, 0, 0, 0, 0, 0, 0, 0, 0),
(44, 20000009, 22040, 1, 0, 1, 0, 0, 0, 0, 0, 0, 0, 0, 0),
(45, 20000009, 7752, 2, 0, 1, 0, 0, 0, 0, 0, 0, 0, 0, 0),
(46, 20000009, 7753, 1, 0, 1, 0, 0, 0, 0, 0, 0, 0, 0, 0),
(47, 20000009, 7014, 1, 0, 1, 0, 0, 0, 0, 0, 0, 0, 0, 0),
(48, 20000009, 1094, 2, 0, 1, 0, 0, 0, 0, 0, 0, 0, 0, 0),
(49, 20000009, 901, 2, 0, 1, 0, 0, 0, 0, 0, 0, 0, 0, 0),
(50, 20000009, 934, 9, 0, 1, 0, 0, 0, 0, 0, 0, 0, 0, 0),
(51, 20000009, 932, 49, 0, 1, 0, 0, 0, 0, 0, 0, 0, 0, 0),
(52, 20000009, 957, 5, 0, 1, 0, 0, 0, 0, 0, 0, 0, 0, 0),
(53, 20000009, 958, 3, 0, 1, 0, 0, 0, 0, 0, 0, 0, 0, 0),
(54, 20000009, 913, 7, 0, 1, 0, 0, 0, 0, 0, 0, 0, 0, 0),
(55, 20000009, 727, 8, 0, 1, 0, 0, 0, 0, 0, 0, 0, 0, 0),
(56, 20000009, 7006, 11, 0, 1, 0, 0, 0, 0, 0, 0, 0, 0, 0),
(57, 20000009, 725, 1, 0, 1, 0, 0, 0, 0, 0, 0, 0, 0, 0),
(58, 20000009, 1962, 1, 0, 0, 0, 0, 0, 0, 0, 0, 0, 0, 1),
(59, 20000009, 532, 2, 0, 1, 0, 0, 0, 0, 0, 0, 0, 0, 0),
(60, 20000009, 604, 4, 0, 1, 0, 0, 0, 0, 0, 0, 0, 0, 0),
(61, 20000009, 518, 1, 0, 1, 0, 0, 0, 0, 0, 0, 0, 0, 0),
(62, 20000009, 512, 2, 0, 1, 0, 0, 0, 0, 0, 0, 0, 0, 0),
(63, 20000009, 511, 3, 0, 1, 0, 0, 0, 0, 0, 0, 0, 0, 0),
(64, 20000009, 507, 7, 0, 1, 0, 0, 0, 0, 0, 0, 0, 0, 0),
(65, 20000009, 509, 6, 0, 1, 0, 0, 0, 0, 0, 0, 0, 0, 0),
(66, 20000009, 526, 7, 0, 1, 0, 0, 0, 0, 0, 0, 0, 0, 0),
(636, 20000020, 7033, 1, 0, 1, 0, 0, 0, 0, 0, 0, 0, 0, 0),
(68, 20000013, 2255, 1, 0, 1, 0, 0, 0, 0, 0, 0, 0, 0, 0),
(579, 20000013, 984, 1097, 0, 1, 0, 0, 0, 0, 0, 0, 0, 0, 0),
(96, 20000013, 1420, 1, 0, 1, 0, 0, 0, 0, 0, 0, 0, 0, 4),
(110, 20000013, 2255, 1, 0, 1, 0, 0, 0, 0, 0, 0, 0, 0, 4),
(314, 20000020, 1750, 5000, 0, 1, 0, 0, 0, 0, 0, 0, 0, 0, 0),
(612, 20000025, 2620, 1, 0, 1, 0, 0, 0, 0, 0, 0, 0, 0, 2),
(1157, 20000013, 4123, 4, 0, 1, 0, 0, 0, 0, 0, 0, 0, 0, 0),
(684, 20000021, 4368, 1, 0, 1, 0, 0, 0, 0, 0, 0, 0, 0, 0),
(1164, 20000032, 2522, 1, 0, 0, 0, 0, 0, 0, 0, 0, 0, 0, 15),
(398, 20000020, 2624, 1, 0, 1, 0, 0, 0, 0, 0, 0, 0, 0, 0),
(249, 20000014, 4303, 4, 0, 1, 0, 0, 0, 0, 0, 0, 0, 0, 0),
(864, 20000028, 2365, 1, 0, 1, 0, 0, 0, 0, 0, 0, 0, 0, 20),
(618, 20000028, 999, 34, 0, 1, 0, 0, 0, 0, 0, 0, 0, 0, 0),
(619, 20000028, 7539, 3, 0, 1, 0, 0, 0, 0, 0, 0, 0, 0, 0),
(886, 20000028, 2406, 1, 0, 1, 0, 0, 0, 0, 0, 0, 0, 0, 53),
(114, 20000014, 2622, 1, 0, 0, 0, 0, 0, 0, 0, 0, 0, 0, 1),
(123, 20000014, 1730, 1, 0, 0, 0, 0, 0, 0, 0, 0, 0, 0, 31),
(614, 20000028, 714, 25, 0, 1, 0, 0, 0, 0, 0, 0, 0, 0, 0),
(332, 20000013, 983, 3, 0, 1, 0, 0, 0, 0, 0, 0, 0, 0, 0),
(92, 20000013, 5096, 1, 0, 1, 0, 0, 0, 0, 0, 0, 0, 0, 2),
(150, 20000014, 1201, 1, 0, 1, 0, 0, 0, 0, 0, 0, 0, 0, 0),
(2258, 20000021, 2554, 1, 0, 1, 0, 0, 4359, 0, 0, 0, 0, 0, 0),
(396, 20000020, 12208, 1, 0, 1, 0, 0, 0, 0, 0, 0, 0, 0, 0),
(597, 20000013, 2679, 1, 0, 1, 0, 0, 0, 0, 0, 0, 0, 0, 2),
(98, 20000013, 13106, 1, 0, 1, 0, 0, 0, 0, 0, 0, 0, 0, 2),
(635, 20000020, 971, 2, 0, 1, 0, 0, 0, 0, 0, 0, 0, 0, 0),
(606, 20000013, 2345, 1, 0, 1, 0, 0, 0, 0, 0, 0, 0, 0, 4),
(101, 20000013, 714, 23, 0, 1, 0, 0, 0, 0, 0, 0, 0, 0, 0),
(102, 20000013, 2125, 1, 0, 1, 0, 0, 0, 0, 0, 0, 0, 0, 2),
(500, 20000025, 2607, 1, 0, 1, 0, 0, 0, 0, 0, 0, 0, 0, 1),
(331, 20000015, 601, 304, 0, 1, 0, 0, 0, 0, 0, 0, 0, 0, 0),
(310, 20000013, 7511, 32, 0, 1, 0, 0, 0, 0, 0, 0, 0, 0, 0),
(499, 20000025, 643, 2, 0, 1, 0, 0, 0, 0, 0, 0, 0, 0, 0),
(611, 20000025, 2514, 1, 0, 1, 0, 0, 0, 0, 0, 0, 0, 0, 64),
(527, 20000025, 2102, 1, 0, 1, 0, 0, 0, 0, 0, 0, 0, 0, 13),
(232, 20000013, 2125, 1, 0, 1, 0, 0, 0, 0, 0, 0, 0, 0, 6),
(112, 20000014, 2301, 1, 0, 1, 0, 0, 0, 0, 0, 0, 0, 0, 0),
(115, 20000014, 13027, 1, 0, 0, 0, 0, 0, 0, 0, 0, 0, 0, 67),
(116, 20000014, 1624, 1, 0, 0, 0, 0, 0, 0, 0, 0, 0, 0, 5),
(117, 20000014, 1730, 1, 0, 0, 0, 0, 0, 0, 0, 0, 0, 0, 24),
(1363, 20000013, 4131, 1, 0, 1, 0, 0, 0, 0, 0, 0, 0, 0, 0),
(589, 20000013, 1723, 1, 0, 1, 0, 0, 0, 0, 0, 0, 0, 0, 22),
(588, 20000013, 1720, 1, 0, 1, 0, 0, 0, 0, 0, 0, 0, 0, 2),
(643, 20000013, 5096, 1, 0, 1, 0, 0, 0, 0, 0, 0, 0, 0, 7),
(124, 20000014, 2344, 1, 0, 0, 0, 0, 0, 0, 0, 0, 0, 0, 30),
(125, 20000014, 1972, 1, 0, 0, 0, 0, 0, 0, 0, 0, 0, 0, 25),
(126, 20000014, 1730, 1, 0, 0, 0, 0, 0, 0, 0, 0, 0, 0, 32),
(127, 20000014, 1626, 1, 0, 1, 0, 0, 0, 0, 0, 0, 0, 0, 0),
(128, 20000014, 2344, 1, 0, 0, 0, 0, 0, 0, 0, 0, 0, 0, 31),
(2227, 20000014, 1626, 1, 0, 0, 0, 0, 0, 0, 0, 0, 0, 0, 40),
(130, 20000014, 1920, 1, 0, 0, 0, 0, 0, 0, 0, 0, 0, 0, 14),
(131, 20000014, 2344, 1, 0, 0, 0, 0, 0, 0, 0, 0, 0, 0, 32),
(132, 20000014, 1376, 1, 0, 0, 0, 0, 0, 0, 0, 0, 0, 0, 17),
(133, 20000014, 2680, 1, 0, 0, 0, 0, 0, 0, 0, 0, 0, 0, 39),
(134, 20000014, 1730, 1, 0, 0, 0, 0, 0, 0, 0, 0, 0, 0, 33),
(135, 20000014, 1626, 1, 0, 0, 0, 0, 0, 0, 0, 0, 0, 0, 42),
(136, 20000014, 13303, 1, 0, 0, 0, 0, 0, 0, 0, 0, 0, 0, 17),
(137, 20000013, 2701, 1, 0, 1, 0, 0, 0, 0, 0, 0, 0, 0, 5),
(138, 20000014, 2344, 1, 0, 1, 0, 0, 0, 0, 0, 0, 0, 0, 61),
(139, 20000014, 2364, 1, 0, 1, 0, 0, 0, 0, 0, 0, 0, 0, 19),
(140, 20000014, 660, 1, 0, 1, 0, 0, 0, 0, 0, 0, 0, 0, 0),
(141, 20000013, 2701, 1, 0, 1, 0, 0, 0, 0, 0, 0, 0, 0, 14),
(1988, 20000032, 1505, 1, 0, 1, 0, 0, 0, 0, 0, 0, 0, 0, 0),
(1154, 20000032, 4417, 5, 0, 1, 0, 0, 0, 0, 0, 0, 0, 0, 0),
(144, 20000013, 2367, 1, 0, 1, 0, 0, 0, 0, 0, 0, 0, 0, 10),
(356, 20000020, 617, 5, 0, 1, 0, 0, 0, 0, 0, 0, 0, 0, 0),
(1143, 20000013, 1188, 1, 0, 1, 0, 0, 0, 0, 0, 0, 0, 0, 2),
(613, 20000025, 13004, 1, 0, 1, 0, 0, 0, 0, 0, 0, 0, 0, 2),
(148, 20000013, 2701, 1, 0, 1, 0, 0, 0, 0, 0, 0, 0, 0, 12),
(149, 20000013, 2701, 1, 0, 1, 0, 0, 0, 0, 0, 0, 0, 0, 13),
(1822, 20000028, 13404, 1, 0, 1, 0, 0, 0, 0, 0, 0, 0, 0, 68),
(334, 20000015, 1821, 1, 0, 1, 0, 0, 0, 0, 0, 0, 0, 0, 2),
(162, 20000013, 1010, 21, 0, 1, 0, 0, 0, 0, 0, 0, 0, 0, 0),
(1922, 20000028, 1626, 1, 0, 1, 0, 0, 0, 0, 0, 0, 0, 0, 0),
(163, 20000013, 985, 1418, 0, 1, 0, 0, 0, 0, 0, 0, 0, 0, 0),
(156, 20000013, 2255, 1, 0, 1, 0, 0, 0, 0, 0, 0, 0, 0, 11),
(157, 20000013, 2255, 1, 0, 1, 0, 0, 0, 0, 0, 0, 0, 0, 12),
(2086, 20000052, 1822, 1, 0, 1, 0, 0, 0, 0, 0, 0, 0, 0, 36),
(869, 20000028, 2206, 1, 0, 1, 0, 0, 0, 0, 0, 0, 0, 0, 0),
(358, 20000020, 969, 91, 0, 1, 0, 0, 0, 0, 0, 0, 0, 0, 0),
(174, 20000014, 969, 9, 0, 1, 0, 0, 0, 0, 0, 0, 0, 0, 0),
(335, 20000020, 603, 29, 0, 1, 0, 0, 0, 0, 0, 0, 0, 0, 0),
(317, 20000020, 1708, 1, 0, 0, 0, 0, 0, 0, 0, 0, 0, 0, 1),
(395, 20000020, 526, 11, 0, 1, 0, 0, 0, 0, 0, 0, 0, 0, 0),
(1921, 20000028, 2680, 1, 0, 1, 0, 0, 0, 0, 0, 0, 0, 0, 0),
(1152, 20000032, 2425, 1, 0, 1, 0, 0, 0, 0, 0, 0, 0, 0, 9),
(1958, 20000032, 4429, 2, 0, 1, 0, 0, 0, 0, 0, 0, 0, 0, 0),
(1151, 20000032, 2528, 1, 0, 1, 0, 0, 0, 0, 0, 0, 0, 0, 34),
(185, 20000015, 22011, 1, 0, 1, 0, 0, 0, 0, 0, 0, 0, 0, 0),
(284, 20000015, 2364, 1, 0, 1, 0, 0, 0, 0, 0, 0, 0, 0, 28),
(187, 20000015, 4138, 2, 0, 1, 0, 0, 0, 0, 0, 0, 0, 0, 0),
(188, 20000015, 4016, 1, 0, 1, 0, 0, 0, 0, 0, 0, 0, 0, 0),
(189, 20000015, 4348, 1, 0, 1, 0, 0, 0, 0, 0, 0, 0, 0, 0),
(316, 20000020, 932, 3, 0, 1, 0, 0, 0, 0, 0, 0, 0, 0, 0),
(191, 20000015, 4099, 2, 0, 1, 0, 0, 0, 0, 0, 0, 0, 0, 0),
(192, 20000015, 4102, 1, 0, 1, 0, 0, 0, 0, 0, 0, 0, 0, 0),
(193, 20000015, 4120, 2, 0, 1, 0, 0, 0, 0, 0, 0, 0, 0, 0),
(194, 20000015, 4027, 1, 0, 1, 0, 0, 0, 0, 0, 0, 0, 0, 0),
(195, 20000015, 4126, 2, 0, 1, 0, 0, 0, 0, 0, 0, 0, 0, 0),
(196, 20000015, 4005, 1, 0, 1, 0, 0, 0, 0, 0, 0, 0, 0, 0),
(200, 20000014, 13404, 1, 0, 1, 0, 0, 0, 0, 0, 0, 0, 0, 0),
(198, 20000015, 983, 1, 0, 1, 0, 0, 0, 0, 0, 0, 0, 0, 0),
(285, 20000015, 2122, 1, 0, 1, 0, 0, 0, 0, 0, 0, 0, 0, 19),
(201, 20000014, 2322, 1, 0, 0, 0, 0, 0, 0, 0, 0, 0, 0, 0),
(202, 20000014, 7063, 18, 0, 1, 0, 0, 0, 0, 0, 0, 0, 0, 0),
(203, 20000014, 7511, 83, 0, 1, 0, 0, 0, 0, 0, 0, 0, 0, 0),
(292, 20000015, 2601, 1, 0, 1, 0, 0, 0, 0, 0, 0, 0, 0, 35),
(223, 20000014, 2701, 1, 0, 1, 0, 0, 0, 0, 0, 0, 0, 0, 16),
(206, 20000014, 2528, 1, 0, 1, 0, 0, 0, 0, 0, 0, 0, 0, 0),
(207, 20000014, 2424, 1, 0, 1, 0, 0, 0, 0, 0, 0, 0, 0, 0),
(208, 20000014, 2424, 1, 0, 1, 0, 0, 0, 0, 0, 0, 0, 0, 0),
(209, 20000014, 2703, 1, 0, 1, 0, 0, 0, 0, 0, 0, 0, 0, 0),
(291, 20000015, 2254, 1, 0, 1, 0, 0, 0, 0, 0, 0, 0, 0, 0),
(634, 20000020, 7539, 2, 0, 1, 0, 0, 0, 0, 0, 0, 0, 0, 0),
(357, 20000020, 604, 3, 0, 1, 0, 0, 0, 0, 0, 0, 0, 0, 0),
(394, 20000020, 2625, 1, 0, 1, 0, 0, 0, 0, 0, 0, 0, 0, 17),
(288, 20000015, 1920, 1, 0, 1, 0, 0, 0, 0, 0, 0, 0, 0, 30),
(1351, 20000014, 607, 26, 0, 1, 0, 0, 0, 0, 0, 0, 0, 0, 0),
(228, 20000013, 2605, 1, 0, 1, 0, 0, 0, 0, 0, 0, 0, 0, 2),
(313, 20000020, 992, 6, 0, 1, 0, 0, 0, 0, 0, 0, 0, 0, 0),
(235, 20000013, 2259, 1, 0, 1, 0, 0, 0, 0, 0, 0, 0, 0, 4),
(236, 20000013, 5160, 1, 0, 1, 0, 0, 0, 0, 0, 0, 0, 0, 3),
(354, 20000020, 1713, 1, 0, 1, 0, 0, 4094, 0, 0, 0, 0, 0, 0),
(238, 20000013, 2785, 1, 0, 1, 0, 0, 0, 0, 0, 0, 0, 0, 2),
(393, 20000020, 2625, 1, 0, 1, 0, 0, 0, 0, 0, 0, 0, 0, 30),
(523, 20000013, 2424, 1, 0, 1, 5, 0, 4097, 0, 0, 0, 0, 0, 0),
(311, 20000013, 7563, 6, 0, 1, 0, 0, 0, 0, 0, 0, 0, 0, 0),
(685, 20000013, 1422, 1, 0, 1, 0, 0, 0, 0, 0, 0, 0, 0, 14),
(650, 20000013, 2731, 1, 0, 1, 0, 0, 0, 0, 0, 0, 0, 0, 1),
(556, 20000020, 4429, 1, 0, 1, 0, 0, 0, 0, 0, 0, 0, 0, 0),
(370, 20000013, 2254, 1, 0, 1, 0, 0, 0, 0, 0, 0, 0, 0, 97),
(2082, 20000052, 14545, 1, 0, 1, 0, 0, 0, 0, 0, 0, 0, 0, 0),
(642, 20000013, 1560, 1, 0, 1, 0, 0, 0, 0, 0, 0, 0, 0, 2),
(250, 20000014, 4197, 1, 0, 1, 0, 0, 0, 0, 0, 0, 0, 0, 0),
(251, 20000014, 983, 2, 0, 1, 0, 0, 0, 0, 0, 0, 0, 0, 0),
(2070, 20000026, 2301, 1, 0, 1, 0, 0, 0, 0, 0, 0, 0, 0, 0),
(268, 20000013, 5068, 1, 0, 1, 0, 0, 0, 0, 0, 0, 0, 0, 0),
(391, 20000013, 4047, 3, 0, 1, 0, 0, 0, 0, 0, 0, 0, 0, 0),
(256, 20000014, 1556, 1, 0, 1, 0, 0, 0, 0, 0, 0, 0, 0, 0),
(318, 20000020, 1701, 1, 0, 1, 0, 0, 0, 0, 0, 0, 0, 0, 15),
(258, 20000013, 7063, 121, 0, 1, 0, 0, 0, 0, 0, 0, 0, 0, 0),
(390, 20000014, 714, 4, 0, 1, 0, 0, 0, 0, 0, 0, 0, 0, 0),
(1153, 20000032, 4439, 1, 0, 1, 0, 0, 0, 0, 0, 0, 0, 0, 0),
(261, 20000013, 2266, 1, 0, 1, 0, 0, 0, 0, 0, 0, 0, 0, 0),
(262, 20000014, 14545, 2, 0, 1, 0, 0, 0, 0, 0, 0, 0, 0, 0),
(263, 20000013, 14545, 1, 0, 1, 0, 0, 0, 0, 0, 0, 0, 0, 0),
(648, 20000013, 2649, 1, 0, 1, 0, 0, 0, 0, 0, 0, 0, 0, 2),
(267, 20000014, 2254, 1, 0, 1, 0, 0, 0, 0, 0, 0, 0, 0, 69),
(355, 20000020, 1261, 1, 0, 1, 0, 0, 0, 0, 0, 0, 0, 0, 2),
(294, 20000015, 1370, 1, 0, 1, 0, 0, 0, 0, 0, 0, 0, 0, 17),
(353, 20000013, 2254, 1, 0, 1, 0, 0, 0, 0, 0, 0, 0, 0, 93),
(501, 20000025, 1217, 1, 0, 1, 0, 0, 0, 0, 0, 0, 0, 0, 20),
(297, 20000015, 2680, 1, 0, 1, 0, 0, 0, 0, 0, 0, 0, 0, 100),
(298, 20000015, 2680, 1, 0, 1, 0, 0, 0, 0, 0, 0, 0, 0, 99),
(351, 20000013, 7024, 15, 0, 1, 0, 0, 0, 0, 0, 0, 0, 0, 0),
(300, 20000015, 1730, 1, 0, 1, 0, 0, 0, 0, 0, 0, 0, 0, 83),
(301, 20000015, 2680, 1, 0, 1, 0, 0, 0, 0, 0, 0, 0, 0, 101),
(302, 20000015, 4358, 2, 0, 1, 0, 0, 0, 0, 0, 0, 0, 0, 0),
(462, 20000013, 7539, 51, 0, 1, 0, 0, 0, 0, 0, 0, 0, 0, 0),
(308, 20000013, 5172, 1, 0, 1, 0, 0, 0, 0, 0, 0, 0, 0, 0),
(305, 20000013, 2245, 1, 0, 1, 0, 0, 0, 0, 0, 0, 0, 0, 2),
(323, 20000013, 5113, 1, 0, 1, 0, 0, 0, 0, 0, 0, 0, 0, 0),
(336, 20000020, 722, 12, 0, 1, 0, 0, 0, 0, 0, 0, 0, 0, 0),
(337, 20000020, 984, 35, 0, 1, 0, 0, 0, 0, 0, 0, 0, 0, 0),
(338, 20000020, 731, 13, 0, 1, 0, 0, 0, 0, 0, 0, 0, 0, 0),
(399, 20000020, 2626, 1, 0, 1, 0, 0, 0, 0, 0, 0, 0, 0, 23),
(340, 20000020, 985, 21, 0, 1, 0, 0, 0, 0, 0, 0, 0, 0, 0),
(341, 20000020, 7023, 18, 0, 1, 0, 0, 0, 0, 0, 0, 0, 0, 0),
(651, 20000013, 2375, 1, 0, 1, 0, 0, 0, 0, 0, 0, 0, 0, 2),
(343, 20000020, 2424, 1, 0, 1, 0, 0, 0, 0, 0, 0, 0, 0, 20),
(344, 20000020, 2703, 1, 0, 1, 0, 0, 0, 0, 0, 0, 0, 0, 10),
(522, 20000025, 984, 2, 0, 1, 0, 0, 0, 0, 0, 0, 0, 0, 0),
(346, 20000020, 2528, 1, 0, 1, 0, 0, 0, 0, 0, 0, 0, 0, 20),
(347, 20000020, 2528, 1, 0, 1, 0, 0, 0, 0, 0, 0, 0, 0, 19),
(360, 20000020, 1201, 1, 0, 1, 0, 0, 4140, 0, 0, 0, 0, 0, 0),
(359, 20000020, 4103, 1, 0, 1, 0, 0, 0, 0, 0, 0, 0, 0, 0),
(1712, 20000021, 7085, 1, 0, 1, 0, 0, 0, 0, 0, 0, 0, 0, 0),
(372, 20000020, 714, 12, 0, 1, 0, 0, 0, 0, 0, 0, 0, 0, 0),
(406, 20000020, 2619, 1, 0, 1, 0, 0, 0, 0, 0, 0, 0, 0, 0),
(373, 20000020, 4033, 2, 0, 1, 0, 0, 0, 0, 0, 0, 0, 0, 0),
(374, 20000020, 4053, 1, 0, 1, 0, 0, 0, 0, 0, 0, 0, 0, 0),
(375, 20000020, 990, 6, 0, 1, 0, 0, 0, 0, 0, 0, 0, 0, 0),
(407, 20000020, 4205, 1, 0, 1, 0, 0, 0, 0, 0, 0, 0, 0, 0),
(387, 20000020, 749, 8, 0, 1, 0, 0, 0, 0, 0, 0, 0, 0, 0),
(386, 20000020, 4206, 2, 0, 1, 0, 0, 0, 0, 0, 0, 0, 0, 0),
(536, 20000020, 1216, 1, 0, 1, 0, 0, 0, 0, 0, 0, 0, 0, 9),
(405, 20000020, 2619, 1, 0, 1, 0, 0, 0, 0, 0, 0, 0, 0, 0),
(631, 20000020, 2624, 1, 0, 1, 0, 0, 0, 0, 0, 0, 0, 0, 20),
(403, 20000020, 2624, 1, 0, 1, 0, 0, 0, 0, 0, 0, 0, 0, 24),
(402, 20000020, 2624, 1, 0, 1, 0, 0, 0, 0, 0, 0, 0, 0, 23),
(401, 20000020, 2624, 1, 0, 1, 0, 0, 0, 0, 0, 0, 0, 0, 22),
(400, 20000020, 2624, 1, 0, 1, 0, 0, 0, 0, 0, 0, 0, 0, 21),
(408, 20000020, 997, 4, 0, 1, 0, 0, 0, 0, 0, 0, 0, 0, 0),
(409, 20000020, 4226, 2, 0, 1, 0, 0, 0, 0, 0, 0, 0, 0, 0),
(410, 20000020, 4234, 1, 0, 1, 0, 0, 0, 0, 0, 0, 0, 0, 0),
(411, 20000020, 616, 1, 0, 1, 0, 0, 0, 0, 0, 0, 0, 0, 0),
(412, 20000020, 2701, 1, 0, 1, 0, 0, 0, 0, 0, 0, 0, 0, 18),
(413, 20000020, 1730, 1, 0, 1, 0, 0, 0, 0, 0, 0, 0, 0, 86),
(641, 20000013, 1557, 1, 0, 1, 0, 0, 0, 0, 0, 0, 0, 0, 2),
(415, 20000020, 1723, 1, 0, 1, 0, 0, 0, 0, 0, 0, 0, 0, 13),
(416, 20000020, 2367, 1, 0, 1, 0, 0, 0, 0, 0, 0, 0, 0, 15),
(417, 20000020, 2331, 1, 0, 1, 0, 0, 0, 0, 0, 0, 0, 0, 5),
(418, 20000020, 2680, 1, 0, 1, 0, 0, 0, 0, 0, 0, 0, 0, 106),
(419, 20000014, 4137, 1, 0, 1, 0, 0, 0, 0, 0, 0, 0, 0, 0),
(1353, 20000014, 7539, 20, 0, 1, 0, 0, 0, 0, 0, 0, 0, 0, 0),
(423, 20000013, 2702, 1, 0, 1, 0, 0, 0, 0, 0, 0, 0, 0, 2),
(426, 20000021, 2387, 1, 0, 1, 0, 0, 0, 0, 0, 0, 0, 0, 31),
(427, 20000021, 2744, 1, 0, 1, 0, 0, 0, 0, 0, 0, 0, 0, 6),
(428, 20000021, 2387, 1, 0, 1, 0, 0, 0, 0, 0, 0, 0, 0, 30),
(681, 20000021, 984, 33, 0, 1, 0, 0, 0, 0, 0, 0, 0, 0, 0),
(430, 20000021, 2440, 1, 0, 1, 0, 0, 0, 0, 0, 0, 0, 0, 9),
(431, 20000021, 2440, 1, 0, 1, 0, 0, 0, 0, 0, 0, 0, 0, 11),
(432, 20000021, 2387, 1, 0, 1, 0, 0, 0, 0, 0, 0, 0, 0, 25),
(433, 20000021, 2387, 1, 0, 1, 0, 0, 0, 0, 0, 0, 0, 0, 26),
(434, 20000021, 2387, 1, 0, 1, 0, 0, 0, 0, 0, 0, 0, 0, 27),
(435, 20000021, 2703, 1, 0, 1, 0, 0, 0, 0, 0, 0, 0, 0, 16),
(436, 20000021, 2703, 1, 0, 1, 0, 0, 0, 0, 0, 0, 0, 0, 15),
(469, 20000015, 4245, 1, 0, 1, 0, 0, 0, 0, 0, 0, 0, 0, 0),
(473, 20000015, 1531, 1, 0, 1, 0, 0, 0, 0, 0, 0, 0, 0, 2),
(439, 20000021, 2387, 1, 0, 1, 0, 0, 0, 0, 0, 0, 0, 0, 22),
(440, 20000021, 2387, 1, 0, 1, 0, 0, 0, 0, 0, 0, 0, 0, 24),
(441, 20000021, 2387, 1, 0, 1, 0, 0, 0, 0, 0, 0, 0, 0, 29),
(442, 20000021, 2387, 1, 0, 1, 0, 0, 0, 0, 0, 0, 0, 0, 32),
(443, 20000021, 2387, 1, 0, 1, 0, 0, 0, 0, 0, 0, 0, 0, 21),
(444, 20000021, 2440, 1, 0, 1, 0, 0, 0, 0, 0, 0, 0, 0, 7),
(445, 20000021, 2387, 1, 0, 1, 0, 0, 0, 0, 0, 0, 0, 0, 23),
(446, 20000021, 2440, 1, 0, 1, 0, 0, 0, 0, 0, 0, 0, 0, 10),
(863, 20000028, 2365, 1, 0, 1, 0, 0, 0, 0, 0, 0, 0, 0, 21),
(448, 20000021, 2387, 1, 0, 1, 0, 0, 0, 0, 0, 0, 0, 0, 20),
(2226, 20000052, 1230, 1, 0, 1, 0, 0, 0, 0, 0, 0, 0, 0, 129),
(450, 20000021, 2387, 1, 0, 1, 0, 0, 0, 0, 0, 0, 0, 0, 18),
(472, 20000015, 2513, 1, 0, 1, 0, 0, 0, 0, 0, 0, 0, 0, 6),
(1581, 20000027, 5808, 1, 0, 1, 0, 0, 0, 0, 0, 0, 0, 0, 4),
(596, 20000013, 7020, 1, 0, 1, 0, 0, 0, 0, 0, 0, 0, 0, 0),
(595, 20000013, 7036, 1, 0, 1, 0, 0, 0, 0, 0, 0, 0, 0, 0),
(633, 20000020, 995, 1, 0, 1, 0, 0, 0, 0, 0, 0, 0, 0, 0),
(627, 20000013, 2125, 1, 0, 1, 0, 0, 4253, 0, 0, 0, 0, 0, 0),
(592, 20000023, 22040, 13, 0, 1, 0, 0, 0, 0, 0, 0, 0, 0, 0),
(632, 20000020, 4159, 1, 0, 1, 0, 0, 0, 0, 0, 0, 0, 0, 0),
(601, 20000027, 678, 10600, 0, 1, 0, 0, 0, 0, 0, 0, 0, 0, 0),
(471, 20000015, 2662, 1, 0, 1, 0, 0, 0, 0, 0, 0, 0, 0, 0),
(470, 20000015, 2554, 1, 0, 1, 0, 0, 0, 0, 0, 0, 0, 0, 3),
(474, 20000015, 13017, 1, 0, 1, 0, 0, 0, 0, 0, 0, 0, 0, 6),
(475, 20000015, 2554, 1, 0, 1, 0, 0, 0, 0, 0, 0, 0, 0, 4),
(476, 20000015, 2621, 1, 0, 1, 0, 0, 4079, 0, 0, 0, 0, 0, 0),
(477, 20000013, 22040, 30, 0, 1, 0, 0, 0, 0, 0, 0, 0, 0, 0),
(478, 20000020, 4433, 1, 0, 1, 0, 0, 0, 0, 0, 0, 0, 0, 0),
(479, 20000020, 994, 23, 0, 1, 0, 0, 0, 0, 0, 0, 0, 0, 0),
(480, 20000020, 4097, 1, 0, 1, 0, 0, 0, 0, 0, 0, 0, 0, 0),
(481, 20000020, 4428, 1, 0, 1, 0, 0, 0, 0, 0, 0, 0, 0, 0),
(482, 20000020, 2701, 1, 0, 1, 0, 0, 0, 0, 0, 0, 0, 0, 20),
(555, 20000020, 1723, 1, 0, 1, 0, 0, 0, 0, 0, 0, 0, 0, 20),
(484, 20000020, 2367, 1, 0, 1, 0, 0, 0, 0, 0, 0, 0, 0, 17),
(485, 20000020, 2621, 1, 0, 1, 0, 0, 0, 0, 0, 0, 0, 0, 47),
(486, 20000020, 12087, 1, 0, 1, 0, 0, 0, 0, 0, 0, 0, 0, 0),
(491, 20000025, 12009, 9, 0, 1, 0, 0, 0, 0, 0, 0, 0, 0, 0),
(599, 20000013, 2345, 1, 0, 1, 0, 0, 0, 0, 0, 0, 0, 0, 2),
(502, 20000025, 4030, 1, 0, 1, 0, 0, 0, 0, 0, 0, 0, 0, 0),
(503, 20000025, 4052, 2, 0, 1, 0, 0, 0, 0, 0, 0, 0, 0, 0),
(504, 20000025, 4077, 1, 0, 1, 0, 0, 0, 0, 0, 0, 0, 0, 0),
(505, 20000025, 4089, 1, 0, 1, 0, 0, 0, 0, 0, 0, 0, 0, 0),
(506, 20000025, 4070, 1, 0, 1, 0, 0, 0, 0, 0, 0, 0, 0, 0),
(507, 20000025, 4022, 1, 0, 1, 0, 0, 0, 0, 0, 0, 0, 0, 0),
(508, 20000025, 4035, 1, 0, 1, 0, 0, 0, 0, 0, 0, 0, 0, 0),
(538, 20000020, 13035, 1, 0, 1, 0, 0, 0, 0, 0, 0, 0, 0, 8),
(537, 20000020, 13035, 1, 0, 1, 0, 0, 0, 0, 0, 0, 0, 0, 10),
(511, 20000020, 2331, 1, 0, 1, 0, 0, 0, 0, 0, 0, 0, 0, 6),
(512, 20000020, 1754, 1, 0, 1, 0, 0, 0, 0, 0, 0, 0, 0, 0),
(521, 20000025, 985, 6, 0, 1, 0, 0, 0, 0, 0, 0, 0, 0, 0),
(520, 20000013, 1522, 1, 0, 1, 0, 0, 0, 0, 0, 0, 0, 0, 0),
(746, 20000021, 12103, 3600, 0, 1, 0, 0, 0, 0, 0, 0, 0, 0, 0),
(525, 20000020, 993, 2, 0, 1, 0, 0, 0, 0, 0, 0, 0, 0, 0),
(554, 20000020, 1370, 1, 0, 1, 0, 0, 0, 0, 0, 0, 0, 0, 27),
(528, 20000025, 1613, 1, 0, 1, 0, 0, 0, 0, 0, 0, 0, 0, 3),
(644, 20000013, 2621, 1, 0, 1, 0, 0, 0, 0, 0, 0, 0, 0, 59),
(530, 20000020, 608, 8, 0, 1, 0, 0, 0, 0, 0, 0, 0, 0, 0),
(541, 20000020, 13035, 1, 0, 1, 0, 0, 0, 0, 0, 0, 0, 0, 7),
(540, 20000020, 13035, 1, 0, 1, 0, 0, 0, 0, 0, 0, 0, 0, 9),
(539, 20000020, 1216, 1, 0, 1, 0, 0, 0, 0, 0, 0, 0, 0, 13),
(534, 20000013, 7510, 30, 0, 1, 0, 0, 0, 0, 0, 0, 0, 0, 0),
(542, 20000020, 1219, 1, 0, 1, 0, 0, 0, 0, 0, 0, 0, 0, 4),
(543, 20000020, 1219, 1, 0, 1, 0, 0, 0, 0, 0, 0, 0, 0, 6),
(544, 20000020, 4094, 3, 0, 1, 0, 0, 0, 0, 0, 0, 0, 0, 0),
(545, 20000020, 4069, 1, 0, 1, 0, 0, 0, 0, 0, 0, 0, 0, 0),
(745, 20000013, 4263, 5, 0, 1, 0, 0, 0, 0, 0, 0, 0, 0, 0),
(639, 20000013, 607, 567, 0, 1, 0, 0, 0, 0, 0, 0, 0, 0, 0),
(638, 20000020, 2234, 1, 0, 1, 0, 0, 0, 0, 0, 0, 0, 0, 5),
(637, 20000020, 991, 2, 0, 1, 0, 0, 0, 0, 0, 0, 0, 0, 0),
(696, 20000013, 715, 47, 0, 1, 0, 0, 0, 0, 0, 0, 0, 0, 0),
(1174, 20000032, 1625, 1, 0, 1, 0, 0, 0, 0, 0, 0, 0, 0, 71),
(652, 20000013, 608, 25100, 0, 1, 0, 0, 0, 0, 0, 0, 0, 0, 0),
(1161, 20000032, 2522, 1, 0, 0, 0, 0, 0, 0, 0, 0, 0, 0, 20),
(654, 20000013, 2295, 1, 0, 1, 0, 0, 0, 0, 0, 0, 0, 0, 1),
(704, 20000027, 12103, 6900, 0, 1, 0, 0, 0, 0, 0, 0, 0, 0, 0),
(1134, 20000013, 4174, 2, 0, 1, 0, 0, 0, 0, 0, 0, 0, 0, 0),
(657, 20000028, 660, 1, 0, 1, 0, 0, 0, 0, 0, 0, 0, 0, 0),
(658, 20000013, 4276, 2, 0, 1, 0, 0, 0, 0, 0, 0, 0, 0, 0),
(1418, 20000027, 714, 11, 0, 1, 0, 0, 0, 0, 0, 0, 0, 0, 0),
(661, 20000013, 610, 100, 0, 1, 0, 0, 0, 0, 0, 0, 0, 0, 0),
(697, 20000013, 1000, 47, 0, 1, 0, 0, 0, 0, 0, 0, 0, 0, 0),
(663, 20000028, 1226, 1, 0, 1, 0, 0, 0, 0, 0, 0, 0, 0, 11),
(664, 20000028, 22040, 8, 0, 1, 0, 0, 0, 0, 0, 0, 0, 0, 0),
(914, 20000023, 1370, 1, 0, 1, 0, 0, 0, 0, 0, 0, 0, 0, 0),
(683, 20000021, 7510, 22, 0, 1, 0, 0, 0, 0, 0, 0, 0, 0, 0),
(667, 20000027, 2514, 1, 0, 1, 0, 0, 0, 0, 0, 0, 0, 0, 73),
(707, 20000032, 510, 80, 0, 1, 0, 0, 0, 0, 0, 0, 0, 0, 0),
(1589, 20000021, 13413, 1, 0, 1, 0, 0, 0, 0, 0, 0, 0, 0, 6),
(672, 20000013, 7109, 5, 0, 1, 0, 0, 0, 0, 0, 0, 0, 0, 0),
(743, 20000021, 678, 2500, 0, 1, 0, 0, 0, 0, 0, 0, 0, 0, 0),
(1120, 20000021, 13413, 1, 0, 1, 0, 0, 0, 0, 0, 0, 0, 0, 4),
(2054, 20000021, 1231, 1, 0, 1, 0, 0, 0, 0, 0, 0, 0, 0, 36),
(676, 20000013, 2679, 1, 0, 1, 0, 0, 0, 0, 0, 0, 0, 0, 4),
(677, 20000013, 7451, 1, 0, 1, 0, 0, 0, 0, 0, 0, 0, 0, 0),
(678, 20000013, 2659, 1, 0, 1, 0, 0, 0, 0, 0, 0, 0, 0, 2),
(679, 20000013, 968, 3, 0, 1, 0, 0, 0, 0, 0, 0, 0, 0, 0),
(1417, 20000027, 7510, 27, 0, 1, 0, 0, 0, 0, 0, 0, 0, 0, 0),
(833, 20000027, 2554, 1, 0, 1, 0, 0, 0, 0, 0, 0, 0, 0, 0),
(688, 20000013, 2678, 1, 0, 1, 0, 0, 0, 0, 0, 0, 0, 0, 2),
(689, 20000013, 7023, 1, 0, 1, 0, 0, 0, 0, 0, 0, 0, 0, 0),
(703, 20000013, 12103, 5300, 0, 1, 0, 0, 0, 0, 0, 0, 0, 0, 0),
(1227, 20000036, 984, 41, 0, 1, 0, 0, 0, 0, 0, 0, 0, 0, 0),
(751, 20000013, 4132, 4, 0, 1, 0, 0, 0, 0, 0, 0, 0, 0, 0),
(708, 20000032, 509, 50, 0, 1, 0, 0, 0, 0, 0, 0, 0, 0, 0),
(823, 20000032, 2209, 1, 0, 1, 0, 0, 0, 0, 0, 0, 0, 0, 18),
(822, 20000032, 2609, 1, 0, 1, 0, 0, 0, 0, 0, 0, 0, 0, 49),
(821, 20000032, 2209, 1, 0, 1, 0, 0, 0, 0, 0, 0, 0, 0, 19),
(820, 20000032, 2609, 1, 0, 1, 0, 0, 0, 0, 0, 0, 0, 0, 50),
(819, 20000032, 1505, 1, 0, 1, 0, 0, 0, 0, 0, 0, 0, 0, 33),
(818, 20000032, 2609, 1, 0, 1, 0, 0, 0, 0, 0, 0, 0, 0, 53),
(1960, 20000032, 4431, 1, 0, 1, 0, 0, 0, 0, 0, 0, 0, 0, 0),
(817, 20000032, 2609, 1, 0, 1, 0, 0, 0, 0, 0, 0, 0, 0, 52),
(816, 20000032, 2609, 1, 0, 1, 0, 0, 0, 0, 0, 0, 0, 0, 51),
(815, 20000032, 1505, 1, 0, 1, 0, 0, 0, 0, 0, 0, 0, 0, 31),
(814, 20000032, 1201, 1, 0, 1, 0, 0, 0, 0, 0, 0, 0, 0, 0),
(720, 20000032, 1731, 1, 0, 0, 0, 0, 0, 0, 0, 0, 0, 0, 27),
(1173, 20000032, 2626, 1, 0, 1, 0, 0, 0, 0, 0, 0, 0, 0, 32),
(812, 20000032, 1505, 1, 0, 1, 0, 0, 0, 0, 0, 0, 0, 0, 32),
(723, 20000032, 721, 2, 0, 1, 0, 0, 0, 0, 0, 0, 0, 0, 0),
(724, 20000032, 985, 28, 0, 1, 0, 0, 0, 0, 0, 0, 0, 0, 0),
(725, 20000032, 984, 49, 0, 1, 0, 0, 0, 0, 0, 0, 0, 0, 0),
(726, 20000032, 757, 34, 0, 1, 0, 0, 0, 0, 0, 0, 0, 0, 0),
(727, 20000032, 22040, 28, 0, 1, 0, 0, 0, 0, 0, 0, 0, 0, 0),
(728, 20000032, 4416, 2, 0, 1, 0, 0, 0, 0, 0, 0, 0, 0, 0),
(729, 20000032, 993, 3, 0, 1, 0, 0, 0, 0, 0, 0, 0, 0, 0),
(730, 20000032, 905, 20, 0, 1, 0, 0, 0, 0, 0, 0, 0, 0, 0),
(731, 20000032, 937, 2, 0, 1, 0, 0, 0, 0, 0, 0, 0, 0, 0),
(732, 20000032, 1011, 19, 0, 1, 0, 0, 0, 0, 0, 0, 0, 0, 0),
(733, 20000032, 713, 2, 0, 1, 0, 0, 0, 0, 0, 0, 0, 0, 0),
(734, 20000032, 4418, 2, 0, 1, 0, 0, 0, 0, 0, 0, 0, 0, 0),
(735, 20000032, 4022, 2, 0, 1, 0, 0, 0, 0, 0, 0, 0, 0, 0),
(736, 20000032, 7033, 7, 0, 1, 0, 0, 0, 0, 0, 0, 0, 0, 0),
(737, 20000032, 921, 7, 0, 1, 0, 0, 0, 0, 0, 0, 0, 0, 0),
(738, 20000032, 2393, 1, 0, 1, 0, 0, 0, 0, 0, 0, 0, 0, 31),
(739, 20000032, 2112, 1, 0, 1, 0, 0, 0, 0, 0, 0, 0, 0, 31),
(740, 20000032, 2510, 1, 0, 1, 0, 0, 0, 0, 0, 0, 0, 0, 31),
(741, 20000032, 2414, 1, 0, 1, 0, 0, 0, 0, 0, 0, 0, 0, 31),
(742, 20000032, 5055, 1, 0, 1, 0, 0, 0, 0, 0, 0, 0, 0, 31),
(857, 20000013, 4135, 4, 0, 1, 0, 0, 0, 0, 0, 0, 0, 0, 0),
(752, 20000032, 4253, 1, 0, 1, 0, 0, 0, 0, 0, 0, 0, 0, 0),
(753, 20000032, 4362, 1, 0, 1, 0, 0, 0, 0, 0, 0, 0, 0, 0),
(754, 20000032, 4415, 3, 0, 1, 0, 0, 0, 0, 0, 0, 0, 0, 0),
(755, 20000032, 995, 2, 0, 1, 0, 0, 0, 0, 0, 0, 0, 0, 0),
(756, 20000032, 749, 1, 0, 1, 0, 0, 0, 0, 0, 0, 0, 0, 0),
(778, 20000013, 1387, 1, 0, 1, 0, 0, 0, 0, 0, 0, 0, 0, 4),
(786, 20000027, 4121, 1, 0, 1, 0, 0, 0, 0, 0, 0, 0, 0, 0),
(785, 20000013, 1237, 1, 0, 1, 10, 0, 0, 0, 0, 0, 0, 0, 6),
(783, 20000021, 4241, 1, 0, 1, 0, 0, 0, 0, 0, 0, 0, 0, 0),
(761, 20000013, 4318, 1, 0, 1, 0, 0, 0, 0, 0, 0, 0, 0, 0),
(762, 20000013, 999, 3, 0, 1, 0, 0, 0, 0, 0, 0, 0, 0, 0),
(994, 20000034, 2364, 1, 0, 0, 0, 0, 0, 0, 0, 0, 0, 0, 38),
(993, 20000034, 2344, 1, 0, 0, 0, 0, 0, 0, 0, 0, 0, 0, 100),
(1416, 20000027, 1030, 4, 0, 1, 0, 0, 0, 0, 0, 0, 0, 0, 0),
(1610, 20000027, 2254, 1, 0, 0, 0, 0, 0, 0, 0, 0, 0, 0, 163),
(1736, 20000027, 2421, 1, 0, 1, 0, 0, 0, 0, 0, 0, 0, 0, 17),
(768, 20000027, 4324, 1, 0, 1, 0, 0, 0, 0, 0, 0, 0, 0, 0),
(769, 20000027, 4123, 1, 0, 1, 0, 0, 0, 0, 0, 0, 0, 0, 0),
(770, 20000027, 4137, 2, 0, 1, 0, 0, 0, 0, 0, 0, 0, 0, 0),
(1527, 20000034, 2404, 1, 0, 1, 0, 0, 0, 0, 0, 0, 0, 0, 41),
(1352, 20000014, 601, 70, 0, 1, 0, 0, 0, 0, 0, 0, 0, 0, 0),
(773, 20000013, 4142, 5, 0, 1, 0, 0, 0, 0, 0, 0, 0, 0, 0),
(782, 20000021, 4121, 2, 0, 1, 0, 0, 0, 0, 0, 0, 0, 0, 0),
(781, 20000021, 4142, 2, 0, 1, 0, 0, 0, 0, 0, 0, 0, 0, 0),
(780, 20000021, 4143, 3, 0, 1, 0, 0, 0, 0, 0, 0, 0, 0, 0),
(1119, 20000021, 13412, 1, 0, 1, 0, 0, 0, 0, 0, 0, 0, 0, 5),
(779, 20000013, 4143, 3, 0, 1, 0, 0, 0, 0, 0, 0, 0, 0, 0),
(793, 20000013, 4168, 4, 0, 1, 0, 0, 0, 0, 0, 0, 0, 0, 0),
(1160, 20000032, 2522, 1, 0, 0, 0, 0, 0, 0, 0, 0, 0, 0, 18),
(795, 20000021, 1230, 1, 0, 1, 0, 0, 0, 0, 0, 0, 0, 0, 0),
(796, 20000021, 1230, 1, 0, 1, 0, 0, 0, 0, 0, 0, 0, 0, 0),
(797, 20000021, 1230, 1, 0, 1, 0, 0, 0, 0, 0, 0, 0, 0, 0),
(1602, 20000021, 608, 5800, 0, 1, 0, 0, 0, 0, 0, 0, 0, 0, 0),
(799, 20000021, 13017, 1, 0, 1, 0, 0, 0, 0, 0, 0, 0, 0, 0),
(800, 20000021, 2554, 1, 0, 1, 0, 0, 0, 0, 0, 0, 0, 0, 0),
(801, 20000021, 2554, 1, 0, 1, 0, 0, 0, 0, 0, 0, 0, 0, 17),
(802, 20000021, 2115, 1, 0, 1, 0, 0, 0, 0, 0, 0, 0, 0, 0),
(803, 20000021, 2115, 1, 0, 1, 0, 0, 0, 0, 0, 0, 0, 0, 0),
(1747, 20000021, 4134, 2, 0, 1, 0, 0, 0, 0, 0, 0, 0, 0, 0),
(805, 20000021, 2357, 1, 0, 1, 0, 0, 0, 0, 0, 0, 0, 0, 0),
(806, 20000021, 2421, 1, 0, 1, 0, 0, 0, 0, 0, 0, 0, 0, 0),
(1562, 20000034, 1168, 1, 0, 1, 0, 0, 0, 0, 0, 0, 0, 0, 54),
(808, 20000021, 2554, 1, 0, 1, 0, 0, 0, 0, 0, 0, 0, 0, 19),
(809, 20000021, 1822, 1, 0, 1, 8, 0, 0, 0, 0, 0, 0, 0, 0),
(810, 20000021, 5113, 1, 0, 1, 0, 0, 0, 0, 0, 0, 0, 0, 0),
(811, 20000021, 607, 95, 0, 1, 0, 0, 0, 0, 0, 0, 0, 0, 0),
(824, 20000032, 1505, 1, 0, 1, 0, 0, 0, 0, 0, 0, 0, 0, 30),
(825, 20000032, 4020, 2, 0, 1, 0, 0, 0, 0, 0, 0, 0, 0, 0),
(826, 20000032, 756, 53, 0, 1, 0, 0, 0, 0, 0, 0, 0, 0, 0),
(827, 20000032, 4038, 2, 0, 1, 0, 0, 0, 0, 0, 0, 0, 0, 0),
(828, 20000032, 932, 14, 0, 1, 0, 0, 0, 0, 0, 0, 0, 0, 0),
(829, 20000032, 4025, 2, 0, 1, 0, 0, 0, 0, 0, 0, 0, 0, 0),
(830, 20000032, 1010, 9, 0, 1, 0, 0, 0, 0, 0, 0, 0, 0, 0),
(831, 20000032, 601, 5, 0, 1, 0, 0, 0, 0, 0, 0, 0, 0, 0),
(832, 20000032, 645, 5, 0, 1, 0, 0, 0, 0, 0, 0, 0, 0, 0),
(991, 20000034, 2344, 1, 0, 0, 0, 0, 0, 0, 0, 0, 0, 0, 98),
(835, 20000032, 2301, 1, 0, 1, 0, 0, 0, 0, 0, 0, 0, 0, 0),
(1997, 20000013, 13413, 1, 0, 1, 0, 0, 0, 0, 0, 0, 0, 0, 5),
(1117, 20000021, 2514, 1, 0, 1, 0, 0, 0, 0, 0, 0, 0, 0, 76),
(1609, 20000027, 2254, 1, 0, 0, 0, 0, 0, 0, 0, 0, 0, 0, 161),
(845, 20000013, 4342, 2, 0, 1, 0, 0, 0, 0, 0, 0, 0, 0, 0),
(1608, 20000027, 2254, 1, 0, 0, 0, 0, 0, 0, 0, 0, 0, 0, 162),
(1526, 20000034, 2344, 1, 0, 1, 0, 0, 0, 0, 0, 0, 0, 0, 119),
(2045, 20000027, 5030, 1, 0, 1, 0, 0, 0, 0, 0, 0, 0, 0, 1),
(2046, 20000027, 5009, 1, 0, 1, 0, 0, 0, 0, 0, 0, 0, 0, 47),
(855, 20000013, 4134, 1, 0, 1, 0, 0, 0, 0, 0, 0, 0, 0, 0),
(854, 20000013, 4425, 4, 0, 1, 0, 0, 0, 0, 0, 0, 0, 0, 0),
(860, 20000028, 2425, 1, 0, 1, 0, 0, 0, 0, 0, 0, 0, 0, 6),
(913, 20000023, 984, 3, 0, 1, 0, 0, 0, 0, 0, 0, 0, 0, 0),
(849, 20000013, 4054, 2, 0, 1, 0, 0, 0, 0, 0, 0, 0, 0, 0),
(859, 20000028, 2703, 1, 0, 1, 0, 0, 0, 0, 0, 0, 0, 0, 27),
(896, 20000028, 13027, 1, 0, 1, 0, 0, 0, 0, 0, 0, 0, 0, 89),
(866, 20000028, 2424, 1, 0, 1, 0, 0, 0, 0, 0, 0, 0, 0, 29),
(897, 20000028, 13027, 1, 0, 1, 0, 0, 0, 0, 0, 0, 0, 0, 87),
(868, 20000028, 13027, 1, 0, 1, 0, 0, 0, 0, 0, 0, 0, 0, 88),
(870, 20000028, 2506, 1, 0, 1, 0, 0, 0, 0, 0, 0, 0, 0, 42),
(871, 20000028, 2404, 1, 0, 1, 0, 0, 0, 0, 0, 0, 0, 0, 0),
(1345, 20000028, 2404, 1, 0, 1, 0, 0, 0, 0, 0, 0, 0, 0, 29),
(873, 20000028, 2624, 1, 0, 1, 0, 0, 4205, 0, 0, 0, 0, 0, 0),
(1302, 20000028, 2404, 1, 0, 1, 0, 0, 0, 0, 0, 0, 0, 0, 28),
(875, 20000028, 4411, 2, 0, 1, 0, 0, 0, 0, 0, 0, 0, 0, 0),
(876, 20000028, 7447, 8, 0, 1, 0, 0, 0, 0, 0, 0, 0, 0, 0),
(877, 20000028, 7563, 183, 0, 1, 0, 0, 0, 0, 0, 0, 0, 0, 0),
(878, 20000028, 7445, 20, 0, 1, 0, 0, 0, 0, 0, 0, 0, 0, 0),
(879, 20000028, 7446, 19, 0, 1, 0, 0, 0, 0, 0, 0, 0, 0, 0),
(880, 20000028, 13027, 1, 0, 1, 0, 0, 0, 0, 0, 0, 0, 0, 91),
(881, 20000028, 5172, 1, 0, 1, 0, 0, 0, 0, 0, 0, 0, 0, 65),
(882, 20000028, 5122, 1, 0, 1, 0, 0, 0, 0, 0, 0, 0, 0, 7),
(883, 20000028, 4412, 2, 0, 1, 0, 0, 0, 0, 0, 0, 0, 0, 0),
(884, 20000028, 7340, 23, 0, 1, 0, 0, 0, 0, 0, 0, 0, 0, 0),
(885, 20000028, 985, 69, 0, 1, 0, 0, 0, 0, 0, 0, 0, 0, 0),
(887, 20000028, 2406, 1, 0, 1, 0, 0, 0, 0, 0, 0, 0, 0, 52),
(888, 20000028, 13027, 1, 0, 1, 0, 0, 0, 0, 0, 0, 0, 0, 107),
(889, 20000028, 13027, 1, 0, 1, 0, 0, 0, 0, 0, 0, 0, 0, 106),
(890, 20000028, 13027, 1, 0, 1, 0, 0, 0, 0, 0, 0, 0, 0, 105),
(891, 20000028, 13027, 1, 0, 1, 0, 0, 0, 0, 0, 0, 0, 0, 104),
(892, 20000028, 13027, 1, 0, 1, 0, 0, 0, 0, 0, 0, 0, 0, 103),
(893, 20000028, 13027, 1, 0, 1, 0, 0, 0, 0, 0, 0, 0, 0, 102),
(894, 20000028, 13027, 1, 0, 1, 0, 0, 0, 0, 0, 0, 0, 0, 101),
(895, 20000028, 13027, 1, 0, 1, 0, 0, 0, 0, 0, 0, 0, 0, 100),
(899, 20000028, 4410, 1, 0, 1, 0, 0, 0, 0, 0, 0, 0, 0, 0),
(900, 20000028, 5122, 1, 0, 1, 0, 0, 0, 0, 0, 0, 0, 0, 5),
(901, 20000028, 2104, 1, 0, 1, 0, 0, 0, 0, 0, 0, 0, 0, 53),
(902, 20000028, 1711, 1, 0, 1, 0, 0, 0, 0, 0, 0, 0, 0, 34),
(912, 20000028, 4338, 1, 0, 1, 0, 0, 0, 0, 0, 0, 0, 0, 0),
(911, 20000028, 984, 65, 0, 1, 0, 0, 0, 0, 0, 0, 0, 0, 0),
(905, 20000028, 757, 38, 0, 1, 0, 0, 0, 0, 0, 0, 0, 0, 0),
(906, 20000028, 1003, 21, 0, 1, 0, 0, 0, 0, 0, 0, 0, 0, 0),
(910, 20000028, 1207, 1, 0, 1, 7, 0, 4092, 4092, 4268, 0, 0, 0, 0),
(1848, 20000028, 1207, 1, 0, 1, 7, 0, 4025, 4025, 4025, 0, 0, 0, 164),
(915, 20000023, 1376, 1, 0, 1, 0, 0, 0, 0, 0, 0, 0, 0, 0),
(916, 20000023, 601, 9, 0, 1, 0, 0, 0, 0, 0, 0, 0, 0, 0),
(917, 20000037, 2112, 1, 0, 1, 0, 0, 0, 0, 0, 0, 0, 0, 0),
(918, 20000037, 5055, 1, 0, 1, 0, 0, 0, 0, 0, 0, 0, 0, 0),
(919, 20000037, 2510, 1, 0, 1, 0, 0, 0, 0, 0, 0, 0, 0, 0),
(920, 20000037, 2414, 1, 0, 1, 0, 0, 0, 0, 0, 0, 0, 0, 0),
(921, 20000037, 2393, 1, 0, 1, 0, 0, 0, 0, 0, 0, 0, 0, 0),
(922, 20000034, 757, 40, 0, 1, 0, 0, 0, 0, 0, 0, 0, 0, 0),
(923, 20000034, 985, 24, 0, 1, 0, 0, 0, 0, 0, 0, 0, 0, 0),
(924, 20000034, 991, 49, 0, 1, 0, 0, 0, 0, 0, 0, 0, 0, 0),
(925, 20000034, 4416, 2, 0, 1, 0, 0, 0, 0, 0, 0, 0, 0, 0),
(926, 20000034, 7066, 33, 0, 1, 0, 0, 0, 0, 0, 0, 0, 0, 0),
(927, 20000034, 7561, 15, 0, 1, 0, 0, 0, 0, 0, 0, 0, 0, 0),
(928, 20000034, 4415, 2, 0, 1, 0, 0, 0, 0, 0, 0, 0, 0, 0),
(929, 20000034, 984, 17, 0, 1, 0, 0, 0, 0, 0, 0, 0, 0, 0),
(930, 20000034, 960, 30, 0, 1, 0, 0, 0, 0, 0, 0, 0, 0, 0),
(931, 20000034, 910, 93, 0, 1, 0, 0, 0, 0, 0, 0, 0, 0, 0),
(932, 20000034, 995, 2, 0, 1, 0, 0, 0, 0, 0, 0, 0, 0, 0),
(933, 20000034, 749, 2, 0, 1, 0, 0, 0, 0, 0, 0, 0, 0, 0),
(934, 20000034, 962, 13, 0, 1, 0, 0, 0, 0, 0, 0, 0, 0, 0),
(935, 20000034, 1011, 17, 0, 1, 0, 0, 0, 0, 0, 0, 0, 0, 0),
(936, 20000034, 938, 197, 0, 1, 0, 0, 0, 0, 0, 0, 0, 0, 0),
(937, 20000034, 971, 7, 0, 1, 0, 0, 0, 0, 0, 0, 0, 0, 0),
(938, 20000034, 7565, 1, 0, 1, 0, 0, 0, 0, 0, 0, 0, 0, 0),
(939, 20000034, 1031, 1, 0, 1, 0, 0, 0, 0, 0, 0, 0, 0, 0),
(940, 20000034, 943, 39, 0, 1, 0, 0, 0, 0, 0, 0, 0, 0, 0),
(941, 20000034, 1033, 1, 0, 1, 0, 0, 0, 0, 0, 0, 0, 0, 0),
(942, 20000034, 1032, 1, 0, 1, 0, 0, 0, 0, 0, 0, 0, 0, 0),
(943, 20000034, 993, 1, 0, 1, 0, 0, 0, 0, 0, 0, 0, 0, 0),
(944, 20000034, 721, 1, 0, 1, 0, 0, 0, 0, 0, 0, 0, 0, 0),
(945, 20000034, 4417, 1, 0, 1, 0, 0, 0, 0, 0, 0, 0, 0, 0),
(976, 20000021, 2554, 1, 0, 1, 0, 0, 0, 0, 0, 0, 0, 0, 18),
(947, 20000034, 4079, 1, 0, 1, 0, 0, 0, 0, 0, 0, 0, 0, 0),
(948, 20000034, 717, 29, 0, 1, 0, 0, 0, 0, 0, 0, 0, 0, 0),
(949, 20000034, 510, 10, 0, 1, 0, 0, 0, 0, 0, 0, 0, 0, 0),
(950, 20000034, 528, 1, 0, 1, 0, 0, 0, 0, 0, 0, 0, 0, 0),
(951, 20000034, 525, 12, 0, 1, 0, 0, 0, 0, 0, 0, 0, 0, 0),
(952, 20000034, 517, 10, 0, 1, 0, 0, 0, 0, 0, 0, 0, 0, 0),
(953, 20000034, 629, 1, 0, 1, 0, 0, 0, 0, 0, 0, 0, 0, 0),
(954, 20000034, 631, 1, 0, 1, 0, 0, 0, 0, 0, 0, 0, 0, 0),
(955, 20000034, 509, 4, 0, 1, 0, 0, 0, 0, 0, 0, 0, 0, 0),
(2065, 20000021, 1230, 1, 0, 1, 0, 0, 0, 0, 0, 0, 0, 0, 36),
(965, 20000021, 1230, 1, 0, 1, 0, 0, 0, 0, 0, 0, 0, 0, 48),
(1735, 20000027, 5104, 1, 0, 1, 0, 0, 0, 0, 0, 0, 0, 0, 0),
(974, 20000021, 1230, 1, 0, 1, 0, 0, 0, 0, 0, 0, 0, 0, 33),
(962, 20000021, 13017, 1, 0, 1, 0, 0, 0, 0, 0, 0, 0, 0, 35),
(968, 20000021, 4425, 2, 0, 1, 0, 0, 0, 0, 0, 0, 0, 0, 0),
(969, 20000021, 4374, 2, 0, 1, 0, 0, 0, 0, 0, 0, 0, 0, 0),
(970, 20000021, 4386, 1, 0, 1, 0, 0, 0, 0, 0, 0, 0, 0, 0),
(971, 20000021, 4168, 1, 0, 1, 0, 0, 0, 0, 0, 0, 0, 0, 0),
(972, 20000021, 4399, 1, 0, 1, 0, 0, 0, 0, 0, 0, 0, 0, 0),
(973, 20000021, 4372, 2, 0, 1, 0, 0, 0, 0, 0, 0, 0, 0, 0),
(978, 20000027, 4241, 1, 0, 1, 0, 0, 0, 0, 0, 0, 0, 0, 0),
(979, 20000027, 4359, 1, 0, 1, 0, 0, 0, 0, 0, 0, 0, 0, 0),
(1600, 20000027, 608, 29350, 0, 1, 0, 0, 0, 0, 0, 0, 0, 0, 0),
(1599, 20000027, 1232, 1, 0, 1, 0, 0, 0, 0, 0, 0, 0, 0, 25),
(982, 20000027, 4399, 1, 0, 1, 0, 0, 0, 0, 0, 0, 0, 0, 0),
(987, 20000021, 4132, 1, 0, 1, 0, 0, 0, 0, 0, 0, 0, 0, 0),
(1718, 20000021, 2286, 1, 0, 1, 0, 0, 0, 0, 0, 0, 0, 0, 0),
(1525, 20000034, 2364, 1, 0, 1, 0, 0, 0, 0, 0, 0, 0, 0, 44),
(1604, 20000027, 4198, 1, 0, 1, 0, 0, 0, 0, 0, 0, 0, 0, 0),
(1734, 20000027, 5123, 1, 0, 1, 0, 0, 0, 0, 0, 0, 0, 0, 0),
(1561, 20000034, 1176, 1, 0, 1, 0, 0, 0, 0, 0, 0, 0, 0, 31),
(1560, 20000034, 1158, 1, 0, 1, 0, 0, 0, 0, 0, 0, 0, 0, 46),
(1559, 20000034, 1168, 1, 0, 1, 0, 0, 0, 0, 0, 0, 0, 0, 55),
(1003, 20000034, 2344, 1, 0, 0, 0, 0, 0, 0, 0, 0, 0, 0, 101),
(2259, 20000021, 2387, 1, 0, 1, 0, 0, 4047, 0, 0, 0, 0, 0, 0),
(1005, 20000034, 2344, 1, 0, 0, 0, 0, 0, 0, 0, 0, 0, 0, 102),
(1643, 20000027, 22040, 9, 0, 1, 0, 0, 0, 0, 0, 0, 0, 0, 0),
(1007, 20000034, 1920, 1, 0, 0, 0, 0, 0, 0, 0, 0, 0, 0, 43),
(1558, 20000034, 1168, 1, 0, 1, 0, 0, 0, 0, 0, 0, 0, 0, 53),
(1578, 20000027, 2374, 1, 0, 1, 0, 0, 0, 0, 0, 0, 0, 0, 7),
(1524, 20000034, 2404, 1, 0, 1, 0, 0, 0, 0, 0, 0, 0, 0, 42),
(1011, 20000034, 1920, 1, 0, 0, 0, 0, 0, 0, 0, 0, 0, 0, 44),
(1613, 20000027, 2254, 1, 0, 0, 0, 0, 0, 0, 0, 0, 0, 0, 166),
(1732, 20000027, 2440, 1, 0, 1, 0, 0, 0, 0, 0, 0, 0, 0, 0),
(1717, 20000021, 5123, 1, 0, 1, 0, 0, 0, 0, 0, 0, 0, 0, 27),
(1577, 20000027, 2375, 1, 0, 1, 0, 0, 0, 0, 0, 0, 0, 0, 7),
(1612, 20000027, 2254, 1, 0, 0, 0, 0, 0, 0, 0, 0, 0, 0, 165),
(2225, 20000013, 1237, 1, 0, 1, 0, 0, 0, 0, 0, 0, 0, 0, 30),
(1566, 20000034, 1158, 1, 0, 1, 0, 0, 0, 0, 0, 0, 0, 0, 45),
(1019, 20000034, 2344, 1, 0, 0, 0, 0, 0, 0, 0, 0, 0, 0, 99),
(1020, 20000034, 2344, 1, 0, 0, 0, 0, 0, 0, 0, 0, 0, 0, 97),
(1572, 20000042, 2624, 1, 0, 1, 0, 0, 0, 0, 0, 0, 0, 0, 0),
(1565, 20000034, 1163, 1, 0, 1, 0, 0, 0, 0, 0, 0, 0, 0, 58),
(1687, 20000021, 2255, 1, 0, 1, 0, 0, 0, 0, 0, 0, 0, 0, 0),
(1564, 20000034, 1163, 1, 0, 1, 0, 0, 0, 0, 0, 0, 0, 0, 59),
(1025, 20000034, 2344, 1, 0, 0, 0, 0, 0, 0, 0, 0, 0, 0, 96),
(1563, 20000034, 1168, 1, 0, 1, 0, 0, 0, 0, 0, 0, 0, 0, 52),
(1557, 20000034, 1626, 1, 0, 1, 0, 0, 0, 0, 0, 0, 0, 0, 137),
(1556, 20000034, 2506, 1, 0, 1, 0, 0, 0, 0, 0, 0, 0, 0, 77),
(1555, 20000034, 2506, 1, 0, 1, 0, 0, 0, 0, 0, 0, 0, 0, 78),
(1030, 20000034, 2122, 1, 0, 0, 0, 0, 0, 0, 0, 0, 0, 0, 22),
(1523, 20000034, 2367, 1, 0, 1, 0, 0, 0, 0, 0, 0, 0, 0, 28),
(1571, 20000034, 1176, 1, 0, 1, 0, 0, 0, 0, 0, 0, 0, 0, 32),
(1033, 20000034, 1920, 1, 0, 0, 0, 0, 0, 0, 0, 0, 0, 0, 41),
(1554, 20000034, 2417, 1, 0, 1, 0, 0, 0, 0, 0, 0, 0, 0, 11),
(1553, 20000034, 2417, 1, 0, 1, 0, 0, 0, 0, 0, 0, 0, 0, 12),
(1036, 20000034, 1920, 1, 0, 0, 0, 0, 0, 0, 0, 0, 0, 0, 42),
(1522, 20000034, 2122, 1, 0, 1, 0, 0, 0, 0, 0, 0, 0, 0, 25),
(1038, 20000034, 1920, 1, 0, 0, 0, 0, 0, 0, 0, 0, 0, 0, 40),
(1552, 20000034, 2610, 1, 0, 1, 0, 0, 0, 0, 0, 0, 0, 0, 280),
(1551, 20000034, 2680, 1, 0, 1, 0, 0, 0, 0, 0, 0, 0, 0, 177),
(1550, 20000034, 2621, 1, 0, 1, 0, 0, 0, 0, 0, 0, 0, 0, 218),
(1549, 20000034, 2621, 1, 0, 1, 0, 0, 0, 0, 0, 0, 0, 0, 217),
(1601, 20000021, 13017, 1, 0, 1, 0, 0, 0, 0, 0, 0, 0, 0, 23),
(1548, 20000034, 2621, 1, 0, 1, 0, 0, 0, 0, 0, 0, 0, 0, 216),
(1045, 20000034, 2344, 1, 0, 0, 0, 0, 0, 0, 0, 0, 0, 0, 95),
(1673, 20000027, 2115, 1, 0, 1, 0, 0, 0, 0, 0, 0, 0, 0, 67),
(1547, 20000034, 2610, 1, 0, 1, 0, 0, 0, 0, 0, 0, 0, 0, 278),
(1048, 20000034, 2364, 1, 0, 0, 0, 0, 0, 0, 0, 0, 0, 0, 40),
(1546, 20000034, 2610, 1, 0, 1, 0, 0, 0, 0, 0, 0, 0, 0, 279),
(2032, 20000045, 22040, 13, 0, 1, 0, 0, 0, 0, 0, 0, 0, 0, 0),
(1051, 20000034, 2364, 1, 0, 0, 0, 0, 0, 0, 0, 0, 0, 0, 39),
(1052, 20000034, 2344, 1, 0, 0, 0, 0, 0, 0, 0, 0, 0, 0, 103),
(1545, 20000034, 2621, 1, 0, 1, 0, 0, 0, 0, 0, 0, 0, 0, 224),
(1544, 20000034, 2621, 1, 0, 1, 0, 0, 0, 0, 0, 0, 0, 0, 219),
(1543, 20000034, 2680, 1, 0, 1, 0, 0, 0, 0, 0, 0, 0, 0, 188),
(1542, 20000034, 2680, 1, 0, 1, 0, 0, 0, 0, 0, 0, 0, 0, 185),
(1057, 20000034, 2344, 1, 0, 0, 0, 0, 0, 0, 0, 0, 0, 0, 104),
(1570, 20000034, 1176, 1, 0, 1, 0, 0, 0, 0, 0, 0, 0, 0, 33),
(1521, 20000034, 2701, 1, 0, 1, 0, 0, 0, 0, 0, 0, 0, 0, 28),
(1512, 20000021, 617, 102, 0, 1, 0, 0, 0, 0, 0, 0, 0, 0, 0),
(1569, 20000034, 1176, 1, 0, 1, 0, 0, 0, 0, 0, 0, 0, 0, 34),
(1062, 20000034, 7097, 30, 0, 1, 0, 0, 0, 0, 0, 0, 0, 0, 0),
(1063, 20000034, 716, 10, 0, 1, 0, 0, 0, 0, 0, 0, 0, 0, 0),
(1064, 20000034, 7122, 14, 0, 1, 0, 0, 0, 0, 0, 0, 0, 0, 0),
(1065, 20000034, 7069, 8, 0, 1, 0, 0, 0, 0, 0, 0, 0, 0, 0),
(1066, 20000034, 994, 29, 0, 1, 0, 0, 0, 0, 0, 0, 0, 0, 0),
(1067, 20000034, 7110, 1, 0, 1, 0, 0, 0, 0, 0, 0, 0, 0, 0),
(1068, 20000034, 7006, 16, 0, 1, 0, 0, 0, 0, 0, 0, 0, 0, 0),
(1069, 20000034, 12087, 1, 0, 1, 0, 0, 0, 0, 0, 0, 0, 0, 0),
(1070, 20000034, 603, 2, 0, 1, 0, 0, 0, 0, 0, 0, 0, 0, 0),
(1071, 20000034, 4429, 1, 0, 1, 0, 0, 0, 0, 0, 0, 0, 0, 0),
(1072, 20000034, 4427, 1, 0, 1, 0, 0, 0, 0, 0, 0, 0, 0, 0),
(1073, 20000034, 4064, 2, 0, 1, 0, 0, 0, 0, 0, 0, 0, 0, 0),
(2129, 20000036, 22040, 17, 0, 1, 0, 0, 0, 0, 0, 0, 0, 0, 0),
(1075, 20000028, 969, 45, 0, 1, 0, 0, 0, 0, 0, 0, 0, 0, 0),
(1076, 20000028, 13035, 1, 0, 1, 0, 0, 0, 0, 0, 0, 0, 0, 12),
(1077, 20000028, 1220, 1, 0, 1, 0, 0, 0, 0, 0, 0, 0, 0, 12),
(1078, 20000028, 658, 1, 0, 1, 0, 0, 0, 0, 0, 0, 0, 0, 0),
(1079, 20000028, 7005, 1, 0, 1, 0, 0, 0, 0, 0, 0, 0, 0, 0),
(1996, 20000013, 13412, 1, 0, 1, 0, 0, 0, 0, 0, 0, 0, 0, 8),
(1588, 20000021, 13412, 1, 0, 1, 0, 0, 0, 0, 0, 0, 0, 0, 6),
(1082, 20000013, 5808, 1, 0, 1, 0, 0, 0, 0, 0, 0, 0, 0, 2),
(1083, 20000013, 617, 1, 0, 1, 0, 0, 0, 0, 0, 0, 0, 0, 0),
(1084, 20000013, 601, 28400, 0, 1, 0, 0, 0, 0, 0, 0, 0, 0, 0),
(1085, 20000013, 2648, 1, 0, 1, 0, 0, 0, 0, 0, 0, 0, 0, 7),
(1114, 20000021, 2542, 1, 0, 1, 0, 0, 0, 0, 0, 0, 0, 0, 2),
(1113, 20000021, 13412, 1, 0, 1, 0, 0, 0, 0, 0, 0, 0, 0, 7),
(1088, 20000013, 1223, 1, 0, 1, 0, 0, 0, 0, 0, 0, 0, 0, 22),
(1112, 20000021, 4290, 1, 0, 1, 0, 0, 0, 0, 0, 0, 0, 0, 0),
(1111, 20000021, 4357, 1, 0, 1, 0, 0, 0, 0, 0, 0, 0, 0, 0),
(1419, 20000027, 4441, 1, 0, 1, 0, 0, 0, 0, 0, 0, 0, 0, 0),
(1092, 20000013, 4137, 4, 0, 1, 0, 0, 0, 0, 0, 0, 0, 0, 0),
(2097, 20000052, 2123, 1, 0, 1, 0, 0, 0, 0, 0, 0, 0, 0, 11),
(1094, 20000013, 4144, 3, 0, 1, 0, 0, 0, 0, 0, 0, 0, 0, 0),
(1420, 20000021, 7082, 6, 0, 1, 0, 0, 0, 0, 0, 0, 0, 0, 0),
(1096, 20000013, 4121, 1, 0, 1, 0, 0, 0, 0, 0, 0, 0, 0, 0),
(1866, 20000013, 2554, 1, 0, 1, 8, 0, 0, 0, 0, 0, 0, 0, 66),
(1159, 20000032, 2522, 1, 0, 0, 0, 0, 0, 0, 0, 0, 0, 0, 19),
(1099, 20000013, 4148, 5, 0, 1, 0, 0, 0, 0, 0, 0, 0, 0, 0),
(2096, 20000052, 2123, 1, 0, 1, 0, 0, 0, 0, 0, 0, 0, 0, 8),
(1104, 20000013, 2364, 1, 0, 1, 5, 0, 0, 0, 0, 0, 0, 0, 0),
(1102, 20000013, 678, 500, 0, 1, 0, 0, 0, 0, 0, 0, 0, 0, 0),
(1103, 20000013, 604, 9000, 0, 1, 0, 0, 0, 0, 0, 0, 0, 0, 0),
(1158, 20000003, 22011, 1, 0, 1, 0, 0, 0, 0, 0, 0, 0, 0, 0),
(1957, 20000032, 1723, 1, 0, 1, 0, 0, 0, 0, 0, 0, 0, 0, 34),
(1956, 20000032, 12087, 5, 0, 1, 0, 0, 0, 0, 0, 0, 0, 0, 0),
(1955, 20000013, 2421, 1, 0, 1, 0, 0, 0, 0, 0, 0, 0, 0, 19),
(1145, 20000013, 2783, 1, 0, 1, 0, 0, 0, 0, 0, 0, 0, 0, 2),
(1144, 20000013, 1384, 1, 0, 1, 0, 0, 0, 0, 0, 0, 0, 0, 2),
(1138, 20000013, 2423, 1, 0, 1, 0, 0, 0, 0, 0, 0, 0, 0, 0),
(1959, 20000032, 4427, 1, 0, 1, 0, 0, 0, 0, 0, 0, 0, 0, 0),
(1137, 20000013, 2357, 1, 0, 1, 7, 0, 4047, 0, 0, 0, 0, 0, 0),
(1165, 20000032, 7121, 5, 0, 1, 0, 0, 0, 0, 0, 0, 0, 0, 0),
(1166, 20000032, 4099, 2, 0, 1, 0, 0, 0, 0, 0, 0, 0, 0, 0),
(1167, 20000032, 4126, 10, 0, 1, 0, 0, 0, 0, 0, 0, 0, 0, 0),
(1168, 20000032, 4138, 4, 0, 1, 0, 0, 0, 0, 0, 0, 0, 0, 0),
(1169, 20000032, 2424, 1, 0, 1, 0, 0, 0, 0, 0, 0, 0, 0, 33),
(1170, 20000032, 1242, 1, 0, 1, 0, 0, 0, 0, 0, 0, 0, 0, 0),
(1171, 20000032, 2528, 1, 0, 1, 0, 0, 0, 0, 0, 0, 0, 0, 36),
(1172, 20000032, 13027, 1, 0, 1, 0, 0, 0, 0, 0, 0, 0, 0, 109),
(1176, 20000036, 2424, 1, 0, 1, 0, 0, 0, 0, 0, 0, 0, 0, 32),
(1177, 20000036, 2365, 1, 0, 1, 0, 0, 0, 0, 0, 0, 0, 0, 24),
(1178, 20000036, 509, 42, 0, 1, 0, 0, 0, 0, 0, 0, 0, 0, 0),
(1993, 20000032, 2306, 1, 0, 1, 0, 0, 0, 0, 0, 0, 0, 0, 0),
(1180, 20000032, 2220, 1, 0, 1, 0, 0, 0, 0, 0, 0, 0, 0, 0),
(1181, 20000032, 2609, 1, 0, 1, 0, 0, 0, 0, 0, 0, 0, 0, 67),
(1920, 20000028, 2680, 1, 0, 1, 0, 0, 0, 0, 0, 0, 0, 0, 0),
(1183, 20000032, 714, 20, 0, 1, 0, 0, 0, 0, 0, 0, 0, 0, 0),
(1184, 20000032, 7006, 2, 0, 1, 0, 0, 0, 0, 0, 0, 0, 0, 0),
(1185, 20000032, 1614, 1, 0, 0, 0, 0, 0, 0, 0, 0, 0, 0, 86),
(1186, 20000032, 2308, 1, 0, 1, 0, 0, 0, 0, 0, 0, 0, 0, 0),
(1187, 20000032, 2308, 1, 0, 1, 0, 0, 0, 0, 0, 0, 0, 0, 31),
(1188, 20000032, 1217, 1, 0, 0, 0, 0, 0, 0, 0, 0, 0, 0, 35),
(1926, 20000032, 2308, 1, 0, 1, 0, 0, 0, 0, 0, 0, 0, 0, 32),
(1190, 20000032, 2339, 1, 0, 1, 0, 0, 0, 0, 0, 0, 0, 0, 24),
(1191, 20000032, 2270, 1, 0, 1, 0, 0, 0, 0, 0, 0, 0, 0, 0),
(1192, 20000032, 568, 11, 0, 1, 0, 0, 0, 0, 0, 0, 0, 0, 0),
(1193, 20000032, 507, 2, 0, 1, 0, 0, 0, 0, 0, 0, 0, 0, 0),
(1194, 20000032, 1625, 1, 0, 0, 0, 0, 0, 0, 0, 0, 0, 0, 73),
(1195, 20000032, 1614, 1, 0, 0, 0, 0, 0, 0, 0, 0, 0, 0, 87),
(1196, 20000032, 2522, 1, 0, 0, 0, 0, 0, 0, 0, 0, 0, 0, 25),
(1197, 20000032, 2522, 1, 0, 0, 0, 0, 0, 0, 0, 0, 0, 0, 26),
(1198, 20000032, 1614, 1, 0, 0, 0, 0, 0, 0, 0, 0, 0, 0, 85),
(1199, 20000032, 1625, 1, 0, 0, 0, 0, 0, 0, 0, 0, 0, 0, 72),
(1200, 20000032, 1614, 1, 0, 0, 0, 0, 0, 0, 0, 0, 0, 0, 84),
(1201, 20000032, 516, 4, 0, 1, 0, 0, 0, 0, 0, 0, 0, 0, 0),
(1202, 20000032, 569, 20, 0, 1, 0, 0, 0, 0, 0, 0, 0, 0, 0),
(1203, 20000032, 1217, 1, 0, 0, 0, 0, 0, 0, 0, 0, 0, 0, 38),
(1204, 20000032, 1217, 1, 0, 0, 0, 0, 0, 0, 0, 0, 0, 0, 37),
(1205, 20000032, 7477, 1, 0, 1, 0, 0, 0, 0, 0, 0, 0, 0, 0),
(1206, 20000032, 941, 31, 0, 1, 0, 0, 0, 0, 0, 0, 0, 0, 0),
(1207, 20000032, 958, 1, 0, 1, 0, 0, 0, 0, 0, 0, 0, 0, 0),
(1208, 20000032, 1045, 12, 0, 1, 0, 0, 0, 0, 0, 0, 0, 0, 0),
(1209, 20000032, 2626, 1, 0, 1, 0, 0, 0, 0, 0, 0, 0, 0, 34),
(1210, 20000032, 912, 1, 0, 1, 0, 0, 0, 0, 0, 0, 0, 0, 0),
(1211, 20000032, 2365, 1, 0, 1, 0, 0, 0, 0, 0, 0, 0, 0, 30),
(1212, 20000032, 13027, 1, 0, 1, 0, 0, 0, 0, 0, 0, 0, 0, 112),
(1213, 20000032, 13027, 1, 0, 1, 0, 0, 0, 0, 0, 0, 0, 0, 113),
(1214, 20000032, 2425, 1, 0, 1, 0, 0, 0, 0, 0, 0, 0, 0, 15),
(1215, 20000032, 2528, 1, 0, 1, 0, 0, 0, 0, 0, 0, 0, 0, 41),
(1216, 20000032, 2424, 1, 0, 1, 0, 0, 0, 0, 0, 0, 0, 0, 37),
(1217, 20000032, 2365, 1, 0, 1, 0, 0, 0, 0, 0, 0, 0, 0, 29),
(1218, 20000032, 13404, 1, 0, 1, 0, 0, 0, 0, 0, 0, 0, 0, 95),
(1219, 20000032, 13404, 1, 0, 1, 0, 0, 0, 0, 0, 0, 0, 0, 97),
(1220, 20000032, 13404, 1, 0, 1, 0, 0, 0, 0, 0, 0, 0, 0, 96),
(1221, 20000032, 13404, 1, 0, 1, 0, 0, 0, 0, 0, 0, 0, 0, 94),
(1222, 20000032, 4110, 2, 0, 1, 0, 0, 0, 0, 0, 0, 0, 0, 0),
(1223, 20000032, 4438, 2, 0, 1, 0, 0, 0, 0, 0, 0, 0, 0, 0),
(1224, 20000032, 934, 16, 0, 1, 0, 0, 0, 0, 0, 0, 0, 0, 0),
(1225, 20000032, 511, 13, 0, 1, 0, 0, 0, 0, 0, 0, 0, 0, 0),
(1349, 20000014, 678, 180, 0, 1, 0, 0, 0, 0, 0, 0, 0, 0, 0),
(1228, 20000036, 7561, 24, 0, 1, 0, 0, 0, 0, 0, 0, 0, 0, 0),
(1229, 20000036, 7066, 34, 0, 1, 0, 0, 0, 0, 0, 0, 0, 0, 0),
(1230, 20000036, 749, 7, 0, 1, 0, 0, 0, 0, 0, 0, 0, 0, 0),
(1231, 20000036, 995, 13, 0, 1, 0, 0, 0, 0, 0, 0, 0, 0, 0),
(1232, 20000036, 1000, 9, 0, 1, 0, 0, 0, 0, 0, 0, 0, 0, 0),
(1233, 20000036, 941, 29, 0, 1, 0, 0, 0, 0, 0, 0, 0, 0, 0),
(1234, 20000036, 991, 4, 0, 1, 0, 0, 0, 0, 0, 0, 0, 0, 0),
(1235, 20000036, 934, 2, 0, 1, 0, 0, 0, 0, 0, 0, 0, 0, 0),
(1236, 20000036, 985, 26, 0, 1, 0, 0, 0, 0, 0, 0, 0, 0, 0),
(1237, 20000036, 7121, 6, 0, 1, 0, 0, 0, 0, 0, 0, 0, 0, 0),
(1238, 20000032, 1000, 16, 0, 1, 0, 0, 0, 0, 0, 0, 0, 0, 0),
(1239, 20000032, 4201, 1, 0, 1, 0, 0, 0, 0, 0, 0, 0, 0, 0),
(1240, 20000032, 2611, 1, 0, 0, 0, 0, 0, 0, 0, 0, 0, 0, 39),
(1241, 20000032, 2611, 1, 0, 0, 0, 0, 0, 0, 0, 0, 0, 0, 52),
(1242, 20000032, 2611, 1, 0, 0, 0, 0, 0, 0, 0, 0, 0, 0, 49),
(1243, 20000032, 2611, 1, 0, 0, 0, 0, 0, 0, 0, 0, 0, 0, 48),
(1244, 20000032, 2611, 1, 0, 0, 0, 0, 0, 0, 0, 0, 0, 0, 54),
(1245, 20000032, 2611, 1, 0, 0, 0, 0, 0, 0, 0, 0, 0, 0, 46),
(1246, 20000032, 2611, 1, 0, 0, 0, 0, 0, 0, 0, 0, 0, 0, 44),
(1247, 20000032, 2611, 1, 0, 0, 0, 0, 0, 0, 0, 0, 0, 0, 42),
(1248, 20000032, 2611, 1, 0, 0, 0, 0, 0, 0, 0, 0, 0, 0, 40),
(1249, 20000032, 2611, 1, 0, 0, 0, 0, 0, 0, 0, 0, 0, 0, 51),
(1250, 20000036, 510, 3, 0, 1, 0, 0, 0, 0, 0, 0, 0, 0, 0),
(1251, 20000036, 2424, 1, 0, 1, 0, 0, 0, 0, 0, 0, 0, 0, 36),
(1252, 20000036, 2528, 1, 0, 1, 0, 0, 0, 0, 0, 0, 0, 0, 40),
(1253, 20000036, 2365, 1, 0, 1, 0, 0, 0, 0, 0, 0, 0, 0, 28),
(1254, 20000036, 1478, 1, 0, 1, 0, 0, 0, 0, 0, 0, 0, 0, 0),
(1299, 20000028, 13027, 1, 0, 1, 0, 0, 0, 0, 0, 0, 0, 0, 119),
(1256, 20000036, 4418, 1, 0, 1, 0, 0, 0, 0, 0, 0, 0, 0, 0),
(1257, 20000036, 4415, 5, 0, 1, 0, 0, 0, 0, 0, 0, 0, 0, 0),
(1258, 20000036, 4417, 3, 0, 1, 0, 0, 0, 0, 0, 0, 0, 0, 0),
(1259, 20000036, 4431, 3, 0, 1, 0, 0, 0, 0, 0, 0, 0, 0, 0),
(1260, 20000036, 757, 9, 0, 1, 0, 0, 0, 0, 0, 0, 0, 0, 0),
(1261, 20000036, 756, 26, 0, 1, 0, 0, 0, 0, 0, 0, 0, 0, 0),
(1262, 20000036, 4438, 1, 0, 1, 0, 0, 0, 0, 0, 0, 0, 0, 0),
(1263, 20000036, 4064, 2, 0, 1, 0, 0, 0, 0, 0, 0, 0, 0, 0),
(1264, 20000036, 4201, 2, 0, 1, 0, 0, 0, 0, 0, 0, 0, 0, 0),
(1265, 20000036, 4435, 2, 0, 1, 0, 0, 0, 0, 0, 0, 0, 0, 0),
(1266, 20000036, 4126, 7, 0, 1, 0, 0, 0, 0, 0, 0, 0, 0, 0),
(1267, 20000013, 4372, 1, 0, 1, 0, 0, 0, 0, 0, 0, 0, 0, 0),
(1268, 20000036, 1361, 1, 0, 1, 0, 0, 0, 0, 0, 0, 0, 0, 178),
(1269, 20000036, 1361, 1, 0, 1, 0, 0, 0, 0, 0, 0, 0, 0, 179),
(1298, 20000013, 969, 192, 0, 1, 0, 0, 0, 0, 0, 0, 0, 0, 0),
(1271, 20000036, 568, 26, 0, 1, 0, 0, 0, 0, 0, 0, 0, 0, 0),
(1274, 20000032, 969, 39, 0, 1, 0, 0, 0, 0, 0, 0, 0, 0, 0),
(2094, 20000032, 943, 1, 0, 1, 0, 0, 0, 0, 0, 0, 0, 0, 0),
(1275, 20000032, 4033, 3, 0, 1, 0, 0, 0, 0, 0, 0, 0, 0, 0),
(2232, 20000033, 601, 9, 0, 1, 0, 0, 0, 0, 0, 0, 0, 0, 0),
(1277, 20000032, 1730, 1, 0, 1, 0, 0, 0, 0, 0, 0, 0, 0, 112),
(1278, 20000032, 2254, 1, 0, 1, 0, 0, 0, 0, 0, 0, 0, 0, 156),
(1279, 20000032, 1626, 1, 0, 1, 0, 0, 0, 0, 0, 0, 0, 0, 121),
(1280, 20000032, 12374, 6, 0, 1, 0, 0, 0, 0, 0, 0, 0, 0, 0),
(1281, 20000036, 969, 85, 0, 1, 0, 0, 0, 0, 0, 0, 0, 0, 0),
(1282, 20000036, 7069, 8, 0, 1, 0, 0, 0, 0, 0, 0, 0, 0, 0),
(1934, 20000036, 1626, 1, 0, 1, 0, 0, 0, 0, 0, 0, 0, 0, 157),
(1933, 20000036, 1626, 1, 0, 1, 0, 0, 0, 0, 0, 0, 0, 0, 161),
(1285, 20000036, 2621, 1, 0, 0, 0, 0, 0, 0, 0, 0, 0, 0, 204),
(1286, 20000036, 2680, 1, 0, 0, 0, 0, 0, 0, 0, 0, 0, 0, 159),
(1287, 20000036, 4433, 1, 0, 1, 0, 0, 0, 0, 0, 0, 0, 0, 0),
(1288, 20000036, 4427, 1, 0, 1, 0, 0, 0, 0, 0, 0, 0, 0, 0),
(1289, 20000032, 2344, 1, 0, 1, 0, 0, 0, 0, 0, 0, 0, 0, 112),
(1290, 20000032, 4432, 1, 0, 1, 0, 0, 0, 0, 0, 0, 0, 0, 0),
(1291, 20000032, 716, 22, 0, 1, 0, 0, 0, 0, 0, 0, 0, 0, 0),
(1292, 20000032, 7097, 4, 0, 1, 0, 0, 0, 0, 0, 0, 0, 0, 0),
(1293, 20000032, 7122, 8, 0, 1, 0, 0, 0, 0, 0, 0, 0, 0, 0),
(1294, 20000032, 13027, 1, 0, 1, 0, 0, 0, 0, 0, 0, 0, 0, 116),
(1295, 20000032, 2701, 1, 0, 1, 0, 0, 0, 0, 0, 0, 0, 0, 25),
(1296, 20000037, 611, 80, 0, 1, 0, 0, 0, 0, 0, 0, 0, 0, 0),
(1350, 20000014, 7510, 4, 0, 1, 0, 0, 0, 0, 0, 0, 0, 0, 0),
(1300, 20000028, 13027, 1, 0, 1, 0, 0, 0, 0, 0, 0, 0, 0, 120),
(1820, 20000028, 1262, 1, 0, 1, 0, 0, 0, 0, 0, 0, 0, 0, 32),
(1541, 20000034, 2680, 1, 0, 1, 0, 0, 0, 0, 0, 0, 0, 0, 187),
(2255, 20000027, 13017, 1, 0, 1, 10, 0, 4140, 0, 0, 0, 0, 0, 89),
(2248, 20000027, 4386, 7, 0, 1, 0, 0, 0, 0, 0, 0, 0, 0, 0),
(1540, 20000034, 2680, 1, 0, 1, 0, 0, 0, 0, 0, 0, 0, 0, 186),
(1307, 20000034, 1730, 1, 0, 1, 0, 0, 0, 0, 0, 0, 0, 0, 129),
(1308, 20000034, 1376, 1, 0, 1, 0, 0, 0, 0, 0, 0, 0, 0, 111),
(1309, 20000034, 2344, 1, 0, 1, 0, 0, 0, 0, 0, 0, 0, 0, 117),
(1310, 20000034, 1730, 1, 0, 1, 0, 0, 0, 0, 0, 0, 0, 0, 128),
(2088, 20000032, 610, 1, 0, 1, 0, 0, 0, 0, 0, 0, 0, 0, 0),
(1312, 20000034, 1723, 1, 0, 1, 0, 0, 0, 0, 0, 0, 0, 0, 26),
(1313, 20000034, 1701, 1, 0, 1, 0, 0, 0, 0, 0, 0, 0, 0, 42),
(1314, 20000034, 1370, 1, 0, 1, 0, 0, 0, 0, 0, 0, 0, 0, 33),
(1315, 20000034, 1176, 1, 0, 1, 0, 0, 0, 0, 0, 0, 0, 0, 30),
(1539, 20000034, 2680, 1, 0, 1, 0, 0, 0, 0, 0, 0, 0, 0, 184),
(1538, 20000034, 2680, 1, 0, 1, 0, 0, 0, 0, 0, 0, 0, 0, 182),
(1537, 20000034, 2680, 1, 0, 1, 0, 0, 0, 0, 0, 0, 0, 0, 183),
(1536, 20000034, 2680, 1, 0, 1, 0, 0, 0, 0, 0, 0, 0, 0, 180),
(1535, 20000034, 2680, 1, 0, 1, 0, 0, 0, 0, 0, 0, 0, 0, 178),
(1534, 20000034, 2680, 1, 0, 1, 0, 0, 0, 0, 0, 0, 0, 0, 179),
(1533, 20000034, 2680, 1, 0, 1, 0, 0, 0, 0, 0, 0, 0, 0, 175),
(1568, 20000034, 1370, 1, 0, 1, 0, 0, 0, 0, 0, 0, 0, 0, 34);
INSERT INTO `storage` (`id`, `account_id`, `nameid`, `amount`, `equip`, `identify`, `refine`, `attribute`, `card0`, `card1`, `card2`, `card3`, `expire_time`, `bound`, `unique_id`) VALUES
(1532, 20000034, 2621, 1, 0, 1, 0, 0, 0, 0, 0, 0, 0, 0, 225),
(1531, 20000034, 2621, 1, 0, 1, 0, 0, 0, 0, 0, 0, 0, 0, 220),
(1530, 20000034, 2621, 1, 0, 1, 0, 0, 0, 0, 0, 0, 0, 0, 223),
(1529, 20000034, 2621, 1, 0, 1, 0, 0, 0, 0, 0, 0, 0, 0, 222),
(1528, 20000034, 2621, 1, 0, 1, 0, 0, 0, 0, 0, 0, 0, 0, 221),
(1567, 20000034, 1370, 1, 0, 1, 0, 0, 0, 0, 0, 0, 0, 0, 35),
(1330, 20000034, 1972, 1, 0, 1, 0, 0, 0, 0, 0, 0, 0, 0, 117),
(1331, 20000034, 2680, 1, 0, 1, 0, 0, 0, 0, 0, 0, 0, 0, 173),
(1332, 20000028, 12040, 10, 0, 1, 0, 0, 0, 0, 0, 0, 0, 0, 0),
(1333, 20000034, 714, 2, 0, 1, 0, 0, 0, 0, 0, 0, 0, 0, 0),
(1334, 20000034, 969, 101, 0, 1, 0, 0, 0, 0, 0, 0, 0, 0, 0),
(1335, 20000034, 713, 114, 0, 1, 0, 0, 0, 0, 0, 0, 0, 0, 0),
(1336, 20000034, 514, 67, 0, 1, 0, 0, 0, 0, 0, 0, 0, 0, 0),
(1337, 20000034, 512, 358, 0, 1, 0, 0, 0, 0, 0, 0, 0, 0, 0),
(1338, 20000034, 511, 54, 0, 1, 0, 0, 0, 0, 0, 0, 0, 0, 0),
(1339, 20000034, 619, 37, 0, 1, 0, 0, 0, 0, 0, 0, 0, 0, 0),
(1340, 20000034, 620, 77, 0, 1, 0, 0, 0, 0, 0, 0, 0, 0, 0),
(1341, 20000028, 1220, 1, 0, 1, 0, 0, 0, 0, 0, 0, 0, 0, 16),
(1342, 20000028, 2626, 1, 0, 1, 0, 0, 4212, 0, 0, 0, 0, 0, 0),
(1343, 20000028, 1616, 1, 0, 1, 0, 0, 0, 0, 0, 0, 0, 0, 6),
(1344, 20000028, 4349, 1, 0, 1, 0, 0, 0, 0, 0, 0, 0, 0, 0),
(1819, 20000028, 4370, 8, 0, 1, 0, 0, 0, 0, 0, 0, 0, 0, 0),
(1347, 20000028, 678, 1, 0, 1, 0, 0, 0, 0, 0, 0, 0, 0, 0),
(1809, 20000028, 1284, 1, 0, 1, 0, 0, 0, 0, 0, 0, 0, 0, 39),
(1355, 20000014, 13017, 1, 0, 1, 10, 0, 0, 0, 0, 0, 0, 0, 51),
(1362, 20000013, 4330, 2, 0, 1, 0, 0, 0, 0, 0, 0, 0, 0, 0),
(1907, 20000013, 1408, 1, 0, 1, 10, 0, 0, 0, 0, 0, 0, 0, 69),
(1906, 20000013, 1408, 1, 0, 1, 10, 0, 0, 0, 0, 0, 0, 0, 67),
(2200, 20000014, 505, 8, 0, 1, 0, 0, 0, 0, 0, 0, 0, 0, 0),
(1366, 20000021, 610, 59, 0, 1, 0, 0, 0, 0, 0, 0, 0, 0, 0),
(1367, 20000014, 12103, 2669, 0, 1, 0, 0, 0, 0, 0, 0, 0, 0, 0),
(1368, 20000014, 603, 12, 0, 1, 0, 0, 0, 0, 0, 0, 0, 0, 0),
(1369, 20000014, 608, 6, 0, 1, 0, 0, 0, 0, 0, 0, 0, 0, 0),
(1370, 20000014, 504, 12, 0, 1, 0, 0, 0, 0, 0, 0, 0, 0, 0),
(1371, 20000014, 610, 1, 0, 1, 0, 0, 0, 0, 0, 0, 0, 0, 0),
(1372, 20000014, 604, 1, 0, 1, 0, 0, 0, 0, 0, 0, 0, 0, 0),
(1373, 20000014, 662, 1, 0, 1, 0, 0, 0, 0, 0, 0, 0, 0, 0),
(1374, 20000014, 617, 22, 0, 1, 0, 0, 0, 0, 0, 0, 0, 0, 0),
(2095, 20000052, 2626, 1, 0, 1, 0, 0, 0, 0, 0, 0, 0, 0, 50),
(2069, 20000026, 2680, 1, 0, 1, 0, 0, 0, 0, 0, 0, 0, 0, 276),
(1377, 20000014, 2282, 1, 0, 1, 0, 0, 0, 0, 0, 0, 0, 0, 0),
(1378, 20000014, 1473, 1, 0, 1, 0, 0, 0, 0, 0, 0, 0, 0, 0),
(1379, 20000014, 2004, 1, 0, 1, 0, 0, 0, 0, 0, 0, 0, 0, 0),
(1380, 20000014, 5068, 1, 0, 1, 0, 0, 0, 0, 0, 0, 0, 0, 0),
(1381, 20000014, 1552, 1, 0, 1, 0, 0, 0, 0, 0, 0, 0, 0, 0),
(1382, 20000014, 1455, 1, 0, 1, 0, 0, 0, 0, 0, 0, 0, 0, 0),
(1383, 20000014, 2624, 1, 0, 1, 0, 0, 0, 0, 0, 0, 0, 0, 0),
(1384, 20000014, 1405, 1, 0, 1, 0, 0, 0, 0, 0, 0, 0, 0, 0),
(1385, 20000014, 1256, 1, 0, 1, 0, 0, 0, 0, 0, 0, 0, 0, 0),
(2083, 20000052, 12014, 1, 0, 1, 0, 0, 0, 0, 0, 0, 0, 0, 0),
(2072, 20000014, 1626, 1, 0, 0, 0, 0, 0, 0, 0, 0, 0, 0, 41),
(2068, 20000014, 2615, 1, 0, 1, 0, 0, 0, 0, 0, 0, 0, 0, 0),
(1389, 20000014, 4012, 1, 0, 1, 0, 0, 0, 0, 0, 0, 0, 0, 0),
(1390, 20000014, 995, 1, 0, 1, 0, 0, 0, 0, 0, 0, 0, 0, 0),
(1391, 20000014, 732, 1, 0, 1, 0, 0, 0, 0, 0, 0, 0, 0, 0),
(1392, 20000014, 7005, 1, 0, 1, 0, 0, 0, 0, 0, 0, 0, 0, 0),
(1393, 20000014, 923, 1, 0, 1, 0, 0, 0, 0, 0, 0, 0, 0, 0),
(1394, 20000014, 4010, 1, 0, 1, 0, 0, 0, 0, 0, 0, 0, 0, 0),
(1395, 20000014, 4027, 1, 0, 1, 0, 0, 0, 0, 0, 0, 0, 0, 0),
(1396, 20000014, 985, 2, 0, 1, 0, 0, 0, 0, 0, 0, 0, 0, 0),
(1397, 20000014, 934, 1, 0, 1, 0, 0, 0, 0, 0, 0, 0, 0, 0),
(1398, 20000014, 7072, 1, 0, 1, 0, 0, 0, 0, 0, 0, 0, 0, 0),
(1399, 20000014, 1022, 2, 0, 1, 0, 0, 0, 0, 0, 0, 0, 0, 0),
(1400, 20000014, 22040, 17, 0, 1, 0, 0, 0, 0, 0, 0, 0, 0, 0),
(2222, 20000003, 1011, 190, 0, 1, 0, 0, 0, 0, 0, 0, 0, 0, 0),
(1402, 20000014, 1059, 1, 0, 1, 0, 0, 0, 0, 0, 0, 0, 0, 0),
(1403, 20000014, 7036, 2, 0, 1, 0, 0, 0, 0, 0, 0, 0, 0, 0),
(1404, 20000014, 4073, 1, 0, 1, 0, 0, 0, 0, 0, 0, 0, 0, 0),
(1405, 20000014, 4033, 1, 0, 1, 0, 0, 0, 0, 0, 0, 0, 0, 0),
(1406, 20000014, 4011, 1, 0, 1, 0, 0, 0, 0, 0, 0, 0, 0, 0),
(1407, 20000014, 757, 1, 0, 1, 0, 0, 0, 0, 0, 0, 0, 0, 0),
(1408, 20000014, 912, 1, 0, 1, 0, 0, 0, 0, 0, 0, 0, 0, 0),
(1409, 20000014, 4113, 1, 0, 1, 0, 0, 0, 0, 0, 0, 0, 0, 0),
(1410, 20000014, 7507, 2, 0, 1, 0, 0, 0, 0, 0, 0, 0, 0, 0),
(1430, 20000034, 694, 1, 0, 1, 0, 0, 0, 0, 0, 0, 0, 0, 0),
(1429, 20000034, 644, 3, 0, 1, 0, 0, 0, 0, 0, 0, 0, 0, 0),
(1598, 20000027, 607, 80, 0, 1, 0, 0, 0, 0, 0, 0, 0, 0, 0),
(1428, 20000034, 12040, 7, 0, 1, 0, 0, 0, 0, 0, 0, 0, 0, 0),
(1427, 20000027, 969, 55, 0, 1, 0, 0, 0, 0, 0, 0, 0, 0, 0),
(1431, 20000034, 529, 1, 0, 1, 0, 0, 0, 0, 0, 0, 0, 0, 0),
(1432, 20000034, 12374, 1, 0, 1, 0, 0, 0, 0, 0, 0, 0, 0, 0),
(1433, 20000034, 508, 1, 0, 1, 0, 0, 0, 0, 0, 0, 0, 0, 0),
(1434, 20000034, 530, 2, 0, 1, 0, 0, 0, 0, 0, 0, 0, 0, 0),
(1435, 20000034, 507, 1, 0, 1, 0, 0, 0, 0, 0, 0, 0, 0, 0),
(1436, 20000034, 610, 2, 0, 1, 0, 0, 0, 0, 0, 0, 0, 0, 0),
(1437, 20000034, 617, 4, 0, 1, 0, 0, 0, 0, 0, 0, 0, 0, 0),
(1438, 20000034, 4044, 1, 0, 1, 0, 0, 0, 0, 0, 0, 0, 0, 0),
(1439, 20000034, 7005, 2, 0, 1, 0, 0, 0, 0, 0, 0, 0, 0, 0),
(1440, 20000034, 723, 3, 0, 1, 0, 0, 0, 0, 0, 0, 0, 0, 0),
(1441, 20000034, 710, 1, 0, 1, 0, 0, 0, 0, 0, 0, 0, 0, 0),
(1442, 20000034, 7440, 2, 0, 1, 0, 0, 0, 0, 0, 0, 0, 0, 0),
(1443, 20000034, 718, 2, 0, 1, 0, 0, 0, 0, 0, 0, 0, 0, 0),
(1444, 20000034, 909, 127, 0, 1, 0, 0, 0, 0, 0, 0, 0, 0, 0),
(1445, 20000034, 7435, 2, 0, 1, 0, 0, 0, 0, 0, 0, 0, 0, 0),
(1446, 20000034, 7441, 4, 0, 1, 0, 0, 0, 0, 0, 0, 0, 0, 0),
(1447, 20000034, 4387, 1, 0, 1, 0, 0, 0, 0, 0, 0, 0, 0, 0),
(1448, 20000034, 7098, 1, 0, 1, 0, 0, 0, 0, 0, 0, 0, 0, 0),
(1449, 20000034, 4388, 1, 0, 1, 0, 0, 0, 0, 0, 0, 0, 0, 0),
(1450, 20000034, 7480, 3, 0, 1, 0, 0, 0, 0, 0, 0, 0, 0, 0),
(1451, 20000034, 7479, 2, 0, 1, 0, 0, 0, 0, 0, 0, 0, 0, 0),
(1452, 20000034, 912, 1, 0, 1, 0, 0, 0, 0, 0, 0, 0, 0, 0),
(1453, 20000034, 7015, 3, 0, 1, 0, 0, 0, 0, 0, 0, 0, 0, 0),
(1454, 20000034, 731, 1, 0, 1, 0, 0, 0, 0, 0, 0, 0, 0, 0),
(1455, 20000034, 7449, 1, 0, 1, 0, 0, 0, 0, 0, 0, 0, 0, 0),
(1456, 20000034, 1097, 1, 0, 1, 0, 0, 0, 0, 0, 0, 0, 0, 0),
(1457, 20000034, 11003, 2, 0, 1, 0, 0, 0, 0, 0, 0, 0, 0, 0),
(1458, 20000034, 7023, 1, 0, 1, 0, 0, 0, 0, 0, 0, 0, 0, 0),
(1459, 20000034, 728, 2, 0, 1, 0, 0, 0, 0, 0, 0, 0, 0, 0),
(1460, 20000034, 722, 2, 0, 1, 0, 0, 0, 0, 0, 0, 0, 0, 0),
(1461, 20000034, 7439, 1, 0, 1, 0, 0, 0, 0, 0, 0, 0, 0, 0),
(1462, 20000034, 4014, 1, 0, 1, 0, 0, 0, 0, 0, 0, 0, 0, 0),
(1463, 20000034, 4094, 1, 0, 1, 0, 0, 0, 0, 0, 0, 0, 0, 0),
(1464, 20000034, 1059, 3, 0, 1, 0, 0, 0, 0, 0, 0, 0, 0, 0),
(1465, 20000034, 7442, 9, 0, 1, 0, 0, 0, 0, 0, 0, 0, 0, 0),
(1466, 20000034, 2255, 1, 0, 0, 0, 0, 0, 0, 0, 0, 0, 0, 0),
(1467, 20000034, 2254, 1, 0, 0, 0, 0, 0, 0, 0, 0, 0, 0, 0),
(1468, 20000034, 2257, 1, 0, 0, 0, 0, 0, 0, 0, 0, 0, 0, 0),
(1469, 20000034, 2116, 1, 0, 0, 0, 0, 0, 0, 0, 0, 0, 0, 0),
(1470, 20000034, 2236, 1, 0, 0, 0, 0, 0, 0, 0, 0, 0, 0, 0),
(1471, 20000034, 2236, 1, 0, 0, 0, 0, 0, 0, 0, 0, 0, 0, 0),
(2257, 20000027, 2433, 1, 0, 1, 0, 0, 0, 0, 0, 0, 0, 0, 14),
(1746, 20000021, 2554, 1, 0, 1, 0, 0, 0, 0, 0, 0, 0, 0, 62),
(1745, 20000021, 2554, 1, 0, 1, 0, 0, 0, 0, 0, 0, 0, 0, 60),
(1744, 20000021, 1230, 1, 0, 1, 0, 0, 0, 0, 0, 0, 0, 0, 118),
(2053, 20000027, 2245, 1, 0, 1, 0, 0, 0, 0, 0, 0, 0, 0, 3),
(2052, 20000027, 978, 1, 0, 1, 0, 0, 0, 0, 0, 0, 0, 0, 0),
(2051, 20000027, 980, 1, 0, 1, 0, 0, 0, 0, 0, 0, 0, 0, 0),
(2093, 20000032, 711, 8, 0, 1, 0, 0, 0, 0, 0, 0, 0, 0, 0),
(2050, 20000027, 975, 2, 0, 1, 0, 0, 0, 0, 0, 0, 0, 0, 0),
(2049, 20000027, 5090, 1, 0, 1, 0, 0, 0, 0, 0, 0, 0, 0, 1),
(2048, 20000027, 5035, 1, 0, 1, 0, 0, 0, 0, 0, 0, 0, 0, 8),
(2047, 20000027, 5089, 1, 0, 1, 0, 0, 0, 0, 0, 0, 0, 0, 1),
(2035, 20000045, 985, 1, 0, 1, 0, 0, 0, 0, 0, 0, 0, 0, 0),
(2034, 20000045, 969, 2, 0, 1, 0, 0, 0, 0, 0, 0, 0, 0, 0),
(2029, 20000013, 1132, 1, 0, 1, 0, 0, 0, 0, 0, 0, 0, 0, 2),
(2028, 20000013, 1415, 1, 0, 1, 0, 0, 0, 0, 0, 0, 0, 0, 6),
(2236, 20000027, 22491, 1, 0, 1, 0, 0, 0, 0, 0, 0, 0, 0, 10),
(2026, 20000003, 1309, 1, 0, 1, 10, 0, 0, 0, 0, 0, 0, 0, 4),
(2234, 20000027, 2678, 1, 0, 1, 0, 0, 0, 0, 0, 0, 0, 0, 6),
(2081, 20000052, 678, 6, 0, 1, 0, 0, 0, 0, 0, 0, 0, 0, 0),
(2241, 20000027, 4263, 1, 0, 1, 0, 0, 0, 0, 0, 0, 0, 0, 0),
(1743, 20000021, 2554, 1, 0, 1, 0, 0, 0, 0, 0, 0, 0, 0, 61),
(1617, 20000027, 4054, 2, 0, 1, 0, 0, 0, 0, 0, 0, 0, 0, 0),
(1611, 20000027, 2254, 1, 0, 0, 0, 0, 0, 0, 0, 0, 0, 0, 164),
(1497, 20000034, 4256, 1, 0, 1, 0, 0, 0, 0, 0, 0, 0, 0, 0),
(1498, 20000034, 22011, 1, 0, 1, 0, 0, 0, 0, 0, 0, 0, 0, 0),
(1499, 20000034, 4213, 2, 0, 1, 0, 0, 0, 0, 0, 0, 0, 0, 0),
(1500, 20000034, 4322, 2, 0, 1, 0, 0, 0, 0, 0, 0, 0, 0, 0),
(1501, 20000034, 4282, 1, 0, 1, 0, 0, 0, 0, 0, 0, 0, 0, 0),
(1502, 20000034, 4230, 2, 0, 1, 0, 0, 0, 0, 0, 0, 0, 0, 0),
(1742, 20000021, 2554, 1, 0, 1, 0, 0, 0, 0, 0, 0, 0, 0, 59),
(1650, 20000027, 5104, 1, 0, 1, 0, 0, 0, 0, 0, 0, 0, 0, 0),
(1741, 20000027, 4144, 1, 0, 1, 0, 0, 0, 0, 0, 0, 0, 0, 0),
(1740, 20000027, 4146, 1, 0, 1, 0, 0, 0, 0, 0, 0, 0, 0, 0),
(1739, 20000027, 4147, 1, 0, 1, 0, 0, 0, 0, 0, 0, 0, 0, 0),
(1738, 20000027, 4142, 2, 0, 1, 0, 0, 0, 0, 0, 0, 0, 0, 0),
(1628, 20000027, 2254, 1, 0, 1, 0, 0, 0, 0, 0, 0, 0, 0, 185),
(1737, 20000027, 4135, 1, 0, 1, 0, 0, 0, 0, 0, 0, 0, 0, 0),
(1630, 20000027, 2254, 1, 0, 1, 0, 0, 0, 0, 0, 0, 0, 0, 186),
(1631, 20000027, 2254, 1, 0, 1, 0, 0, 0, 0, 0, 0, 0, 0, 189),
(1632, 20000027, 2254, 1, 0, 1, 0, 0, 0, 0, 0, 0, 0, 0, 188),
(1633, 20000027, 2254, 1, 0, 1, 0, 0, 0, 0, 0, 0, 0, 0, 187),
(1634, 20000027, 2254, 1, 0, 1, 0, 0, 0, 0, 0, 0, 0, 0, 190),
(1635, 20000027, 2254, 1, 0, 1, 0, 0, 0, 0, 0, 0, 0, 0, 191),
(1636, 20000027, 2254, 1, 0, 1, 0, 0, 0, 0, 0, 0, 0, 0, 192),
(1637, 20000027, 2254, 1, 0, 1, 0, 0, 0, 0, 0, 0, 0, 0, 193),
(1638, 20000027, 2254, 1, 0, 1, 0, 0, 0, 0, 0, 0, 0, 0, 194),
(1639, 20000027, 2254, 1, 0, 1, 0, 0, 0, 0, 0, 0, 0, 0, 195),
(1675, 20000027, 2115, 1, 0, 1, 0, 0, 0, 0, 0, 0, 0, 0, 69),
(1677, 20000027, 2115, 1, 0, 1, 0, 0, 0, 0, 0, 0, 0, 0, 72),
(1676, 20000027, 2115, 1, 0, 1, 0, 0, 0, 0, 0, 0, 0, 0, 70),
(1724, 20000021, 1230, 1, 0, 1, 0, 0, 0, 0, 0, 0, 0, 0, 34),
(1645, 20000021, 4033, 1, 0, 1, 0, 0, 0, 0, 0, 0, 0, 0, 0),
(1646, 20000021, 4054, 1, 0, 1, 0, 0, 0, 0, 0, 0, 0, 0, 0),
(1716, 20000021, 22460, 1, 0, 1, 0, 0, 0, 0, 0, 0, 0, 0, 23),
(1648, 20000021, 4137, 1, 0, 1, 0, 0, 0, 0, 0, 0, 0, 0, 0),
(1731, 20000027, 2744, 1, 0, 1, 0, 0, 0, 0, 0, 0, 0, 0, 0),
(1733, 20000027, 2387, 1, 0, 1, 0, 0, 4346, 0, 0, 0, 0, 0, 0),
(2237, 20000027, 22175, 1, 0, 1, 0, 0, 0, 0, 0, 0, 0, 0, 3),
(1726, 20000021, 4352, 1, 0, 1, 0, 0, 0, 0, 0, 0, 0, 0, 0),
(1725, 20000021, 4123, 1, 0, 1, 0, 0, 0, 0, 0, 0, 0, 0, 0),
(1723, 20000021, 714, 1, 0, 1, 0, 0, 0, 0, 0, 0, 0, 0, 0),
(1678, 20000027, 2115, 1, 0, 1, 0, 0, 0, 0, 0, 0, 0, 0, 71),
(1722, 20000021, 969, 2, 0, 1, 0, 0, 0, 0, 0, 0, 0, 0, 0),
(2087, 20000052, 1822, 1, 0, 1, 0, 0, 0, 0, 0, 0, 0, 0, 34),
(1674, 20000027, 2115, 1, 0, 1, 0, 0, 0, 0, 0, 0, 0, 0, 68),
(1721, 20000021, 5104, 1, 0, 1, 0, 0, 0, 0, 0, 0, 0, 0, 0),
(1720, 20000021, 2291, 1, 0, 1, 0, 0, 0, 0, 0, 0, 0, 0, 0),
(1719, 20000021, 2286, 1, 0, 1, 0, 0, 0, 0, 0, 0, 0, 0, 0),
(1700, 20000021, 2115, 1, 0, 1, 0, 0, 0, 0, 0, 0, 0, 0, 73),
(1701, 20000021, 2115, 1, 0, 1, 0, 0, 0, 0, 0, 0, 0, 0, 74),
(1702, 20000021, 2115, 1, 0, 1, 0, 0, 0, 0, 0, 0, 0, 0, 82),
(1703, 20000021, 2115, 1, 0, 1, 0, 0, 0, 0, 0, 0, 0, 0, 81),
(1704, 20000021, 2115, 1, 0, 1, 0, 0, 0, 0, 0, 0, 0, 0, 75),
(1705, 20000021, 2115, 1, 0, 1, 0, 0, 0, 0, 0, 0, 0, 0, 80),
(1706, 20000021, 2115, 1, 0, 1, 0, 0, 0, 0, 0, 0, 0, 0, 83),
(1707, 20000021, 2115, 1, 0, 1, 0, 0, 0, 0, 0, 0, 0, 0, 76),
(1708, 20000021, 2115, 1, 0, 1, 0, 0, 0, 0, 0, 0, 0, 0, 77),
(1709, 20000021, 2115, 1, 0, 1, 0, 0, 0, 0, 0, 0, 0, 0, 78),
(1713, 20000021, 2286, 1, 0, 1, 0, 0, 0, 0, 0, 0, 0, 0, 0),
(1711, 20000021, 2115, 1, 0, 1, 0, 0, 0, 0, 0, 0, 0, 0, 84),
(1748, 20000021, 983, 2, 0, 1, 0, 0, 0, 0, 0, 0, 0, 0, 0),
(1761, 20000028, 1269, 1, 0, 1, 0, 0, 0, 0, 0, 0, 0, 0, 25),
(1760, 20000028, 1269, 1, 0, 1, 0, 0, 0, 0, 0, 0, 0, 0, 26),
(1759, 20000028, 7448, 36, 0, 1, 0, 0, 0, 0, 0, 0, 0, 0, 0),
(1758, 20000028, 4378, 2, 0, 1, 0, 0, 0, 0, 0, 0, 0, 0, 0),
(1757, 20000028, 4387, 1, 0, 1, 0, 0, 0, 0, 0, 0, 0, 0, 0),
(1762, 20000028, 1269, 1, 0, 1, 0, 0, 0, 0, 0, 0, 0, 0, 24),
(1763, 20000028, 1269, 1, 0, 1, 0, 0, 0, 0, 0, 0, 0, 0, 23),
(1764, 20000028, 1269, 1, 0, 1, 0, 0, 0, 0, 0, 0, 0, 0, 27),
(1765, 20000028, 1269, 1, 0, 1, 0, 0, 0, 0, 0, 0, 0, 0, 28),
(1766, 20000028, 2114, 1, 0, 1, 0, 0, 0, 0, 0, 0, 0, 0, 24),
(1767, 20000028, 1269, 1, 0, 1, 0, 0, 0, 0, 0, 0, 0, 0, 34),
(1768, 20000028, 1269, 1, 0, 1, 0, 0, 0, 0, 0, 0, 0, 0, 32),
(1769, 20000028, 1269, 1, 0, 1, 0, 0, 0, 0, 0, 0, 0, 0, 31),
(1770, 20000028, 1269, 1, 0, 1, 0, 0, 0, 0, 0, 0, 0, 0, 30),
(1771, 20000028, 1269, 1, 0, 1, 0, 0, 0, 0, 0, 0, 0, 0, 29),
(1772, 20000028, 1269, 1, 0, 1, 0, 0, 0, 0, 0, 0, 0, 0, 33),
(1978, 20000013, 7450, 1, 0, 1, 0, 0, 0, 0, 0, 0, 0, 0, 0),
(1774, 20000028, 1269, 1, 0, 1, 0, 0, 0, 0, 0, 0, 0, 0, 54),
(1775, 20000028, 1269, 1, 0, 1, 0, 0, 0, 0, 0, 0, 0, 0, 51),
(1776, 20000028, 1269, 1, 0, 1, 0, 0, 0, 0, 0, 0, 0, 0, 52),
(1777, 20000028, 1269, 1, 0, 1, 0, 0, 0, 0, 0, 0, 0, 0, 39),
(1778, 20000028, 1269, 1, 0, 1, 0, 0, 0, 0, 0, 0, 0, 0, 38),
(1779, 20000028, 1269, 1, 0, 1, 0, 0, 0, 0, 0, 0, 0, 0, 53),
(1780, 20000028, 1269, 1, 0, 1, 0, 0, 0, 0, 0, 0, 0, 0, 57),
(1781, 20000028, 1269, 1, 0, 1, 0, 0, 0, 0, 0, 0, 0, 0, 56),
(1782, 20000028, 1269, 1, 0, 1, 0, 0, 0, 0, 0, 0, 0, 0, 55),
(1783, 20000028, 1269, 1, 0, 1, 0, 0, 0, 0, 0, 0, 0, 0, 58),
(1784, 20000028, 1269, 1, 0, 1, 0, 0, 0, 0, 0, 0, 0, 0, 59),
(1785, 20000028, 1269, 1, 0, 1, 0, 0, 0, 0, 0, 0, 0, 0, 61),
(1786, 20000028, 1269, 1, 0, 1, 0, 0, 0, 0, 0, 0, 0, 0, 60),
(1787, 20000028, 982, 1, 0, 1, 0, 0, 0, 0, 0, 0, 0, 0, 0),
(1788, 20000028, 751, 1, 0, 1, 0, 0, 0, 0, 0, 0, 0, 0, 0),
(1789, 20000028, 1269, 1, 0, 1, 0, 0, 0, 0, 0, 0, 0, 0, 79),
(1790, 20000028, 1269, 1, 0, 1, 0, 0, 0, 0, 0, 0, 0, 0, 81),
(1791, 20000028, 1269, 1, 0, 1, 0, 0, 0, 0, 0, 0, 0, 0, 80),
(1792, 20000028, 1269, 1, 0, 1, 0, 0, 0, 0, 0, 0, 0, 0, 85),
(1793, 20000028, 1269, 1, 0, 1, 0, 0, 0, 0, 0, 0, 0, 0, 84),
(1794, 20000028, 1269, 1, 0, 1, 0, 0, 0, 0, 0, 0, 0, 0, 83),
(1795, 20000028, 1269, 1, 0, 1, 0, 0, 0, 0, 0, 0, 0, 0, 82),
(1796, 20000028, 1269, 1, 0, 1, 0, 0, 0, 0, 0, 0, 0, 0, 86),
(1797, 20000028, 1269, 1, 0, 1, 0, 0, 0, 0, 0, 0, 0, 0, 87),
(1798, 20000028, 1269, 1, 0, 1, 0, 0, 0, 0, 0, 0, 0, 0, 95),
(1799, 20000028, 1269, 1, 0, 1, 0, 0, 0, 0, 0, 0, 0, 0, 94),
(1800, 20000028, 1269, 1, 0, 1, 0, 0, 0, 0, 0, 0, 0, 0, 93),
(1801, 20000028, 1269, 1, 0, 1, 0, 0, 0, 0, 0, 0, 0, 0, 90),
(1802, 20000028, 1269, 1, 0, 1, 0, 0, 0, 0, 0, 0, 0, 0, 89),
(1803, 20000028, 1269, 1, 0, 1, 0, 0, 0, 0, 0, 0, 0, 0, 91),
(1804, 20000028, 1269, 1, 0, 1, 0, 0, 0, 0, 0, 0, 0, 0, 92),
(1805, 20000028, 1269, 1, 0, 1, 0, 0, 0, 0, 0, 0, 0, 0, 88),
(1806, 20000028, 604, 1, 0, 1, 0, 0, 0, 0, 0, 0, 0, 0, 0),
(1807, 20000028, 2510, 1, 0, 1, 0, 0, 0, 0, 0, 0, 0, 0, 44),
(1808, 20000028, 2331, 1, 0, 1, 0, 0, 0, 0, 0, 0, 0, 0, 24),
(1812, 20000028, 2296, 1, 0, 1, 0, 0, 0, 0, 0, 0, 0, 0, 42),
(1813, 20000028, 5118, 1, 0, 1, 0, 0, 0, 0, 0, 0, 0, 0, 0),
(1814, 20000028, 2506, 1, 0, 1, 0, 0, 0, 0, 0, 0, 0, 0, 102),
(1815, 20000028, 2506, 1, 0, 1, 0, 0, 0, 0, 0, 0, 0, 0, 104),
(1816, 20000028, 2506, 1, 0, 1, 0, 0, 0, 0, 0, 0, 0, 0, 101),
(1817, 20000028, 2506, 1, 0, 1, 0, 0, 0, 0, 0, 0, 0, 0, 103),
(1818, 20000028, 2506, 1, 0, 1, 0, 0, 0, 0, 0, 0, 0, 0, 100),
(1821, 20000028, 1265, 1, 0, 1, 0, 0, 0, 0, 0, 0, 0, 0, 5),
(1823, 20000028, 1731, 1, 0, 1, 0, 0, 0, 0, 0, 0, 0, 0, 93),
(1824, 20000028, 1731, 1, 0, 1, 0, 0, 0, 0, 0, 0, 0, 0, 92),
(1825, 20000028, 1819, 1, 0, 1, 0, 0, 0, 0, 0, 0, 0, 0, 123),
(1826, 20000028, 12374, 1, 0, 1, 0, 0, 0, 0, 0, 0, 0, 0, 0),
(1827, 20000028, 2286, 1, 0, 1, 0, 0, 0, 0, 0, 0, 0, 0, 152),
(1828, 20000028, 2124, 1, 0, 1, 0, 0, 0, 0, 0, 0, 0, 0, 61),
(1829, 20000028, 1972, 1, 0, 1, 0, 0, 0, 0, 0, 0, 0, 0, 120),
(1830, 20000028, 1972, 1, 0, 1, 0, 0, 0, 0, 0, 0, 0, 0, 121),
(1831, 20000028, 4428, 1, 0, 1, 0, 0, 0, 0, 0, 0, 0, 0, 0),
(1832, 20000028, 1730, 1, 0, 1, 0, 0, 0, 0, 0, 0, 0, 0, 135),
(1833, 20000028, 1176, 1, 0, 1, 0, 0, 0, 0, 0, 0, 0, 0, 42),
(1834, 20000028, 1176, 1, 0, 1, 0, 0, 0, 0, 0, 0, 0, 0, 43),
(1835, 20000028, 2364, 1, 0, 1, 0, 0, 0, 0, 0, 0, 0, 0, 48),
(1836, 20000028, 2344, 1, 0, 1, 0, 0, 0, 0, 0, 0, 0, 0, 124),
(1837, 20000028, 2122, 1, 0, 1, 0, 0, 0, 0, 0, 0, 0, 0, 29),
(1838, 20000028, 2367, 1, 0, 1, 0, 0, 0, 0, 0, 0, 0, 0, 33),
(1839, 20000028, 1370, 1, 0, 1, 0, 0, 0, 0, 0, 0, 0, 0, 37),
(1840, 20000028, 1723, 1, 0, 1, 0, 0, 0, 0, 0, 0, 0, 0, 31),
(1841, 20000028, 1723, 1, 0, 1, 0, 0, 0, 0, 0, 0, 0, 0, 32),
(1842, 20000028, 2367, 1, 0, 1, 0, 0, 0, 0, 0, 0, 0, 0, 34),
(1843, 20000028, 2367, 1, 0, 1, 0, 0, 0, 0, 0, 0, 0, 0, 36),
(1844, 20000028, 2367, 1, 0, 1, 0, 0, 0, 0, 0, 0, 0, 0, 35),
(1845, 20000028, 2344, 1, 0, 1, 0, 0, 0, 0, 0, 0, 0, 0, 125),
(1846, 20000028, 2701, 1, 0, 1, 0, 0, 0, 0, 0, 0, 0, 0, 30),
(1847, 20000028, 1626, 1, 0, 1, 0, 0, 0, 0, 0, 0, 0, 0, 143),
(2033, 20000045, 4416, 5, 0, 1, 0, 0, 0, 0, 0, 0, 0, 0, 0),
(1904, 20000013, 1408, 1, 0, 1, 10, 0, 0, 0, 0, 0, 0, 0, 70),
(2221, 20000003, 984, 122, 0, 1, 0, 0, 0, 0, 0, 0, 0, 0, 0),
(2199, 20000014, 522, 1, 0, 1, 0, 0, 0, 0, 0, 0, 0, 0, 0),
(1883, 20000003, 5808, 1, 0, 1, 0, 0, 0, 0, 0, 0, 0, 0, 6),
(1878, 20000013, 22391, 1, 0, 1, 0, 0, 0, 0, 0, 0, 0, 0, 0),
(1869, 20000013, 2375, 1, 0, 1, 0, 0, 0, 0, 0, 0, 0, 0, 10),
(1868, 20000013, 2537, 1, 0, 1, 0, 0, 0, 0, 0, 0, 0, 0, 2),
(1861, 20000013, 4324, 2, 0, 1, 0, 0, 0, 0, 0, 0, 0, 0, 0),
(1881, 20000013, 13017, 1, 0, 1, 10, 0, 0, 0, 0, 0, 0, 0, 11),
(2231, 20000027, 2277, 1, 0, 1, 0, 0, 0, 0, 0, 0, 0, 0, 0),
(1864, 20000013, 4386, 2, 0, 1, 0, 0, 0, 0, 0, 0, 0, 0, 0),
(1919, 20000028, 2274, 1, 0, 1, 0, 0, 0, 0, 0, 0, 0, 0, 0),
(1911, 20000042, 969, 60, 0, 1, 0, 0, 0, 0, 0, 0, 0, 0, 0),
(1918, 20000013, 4305, 3, 0, 1, 0, 0, 0, 0, 0, 0, 0, 0, 0),
(1917, 20000013, 4072, 1, 0, 1, 0, 0, 0, 0, 0, 0, 0, 0, 0),
(2219, 20000013, 1408, 1, 0, 1, 10, 0, 4140, 4140, 4140, 4140, 0, 0, 0),
(2233, 20000033, 610, 48, 0, 1, 0, 0, 0, 0, 0, 0, 0, 0, 0),
(2076, 20000043, 14545, 1, 0, 1, 0, 0, 0, 0, 0, 0, 0, 0, 0),
(1925, 20000045, 14545, 1, 0, 1, 0, 0, 0, 0, 0, 0, 0, 0, 0),
(1927, 20000032, 1730, 1, 0, 1, 0, 0, 0, 0, 0, 0, 0, 0, 147),
(1928, 20000045, 1626, 1, 0, 1, 0, 0, 0, 0, 0, 0, 0, 0, 164),
(1929, 20000045, 2122, 1, 0, 1, 0, 0, 0, 0, 0, 0, 0, 0, 38),
(1930, 20000045, 1168, 1, 0, 1, 0, 0, 0, 0, 0, 0, 0, 0, 61),
(1931, 20000045, 2364, 1, 0, 1, 0, 0, 0, 0, 0, 0, 0, 0, 56),
(1932, 20000045, 1730, 1, 0, 1, 0, 0, 0, 0, 0, 0, 0, 0, 148),
(1935, 20000036, 1626, 1, 0, 1, 0, 0, 0, 0, 0, 0, 0, 0, 155),
(1936, 20000036, 1626, 1, 0, 1, 0, 0, 0, 0, 0, 0, 0, 0, 156),
(1937, 20000036, 1626, 1, 0, 1, 0, 0, 0, 0, 0, 0, 0, 0, 158),
(1938, 20000036, 1626, 1, 0, 1, 0, 0, 0, 0, 0, 0, 0, 0, 160),
(1939, 20000036, 1626, 1, 0, 1, 0, 0, 0, 0, 0, 0, 0, 0, 159),
(1940, 20000036, 2621, 1, 0, 1, 0, 0, 0, 0, 0, 0, 0, 0, 260),
(1941, 20000036, 2122, 1, 0, 1, 0, 0, 0, 0, 0, 0, 0, 0, 35),
(1942, 20000032, 2122, 1, 0, 1, 0, 0, 0, 0, 0, 0, 0, 0, 37),
(1943, 20000032, 2621, 1, 0, 1, 0, 0, 0, 0, 0, 0, 0, 0, 261),
(1944, 20000032, 4433, 3, 0, 1, 0, 0, 0, 0, 0, 0, 0, 0, 0),
(2155, 20000013, 22103, 1, 0, 1, 0, 0, 0, 0, 0, 0, 0, 0, 9),
(1953, 20000036, 2701, 1, 0, 1, 0, 0, 0, 0, 0, 0, 0, 0, 34),
(1948, 20000036, 1626, 1, 0, 1, 0, 0, 0, 0, 0, 0, 0, 0, 166),
(1949, 20000036, 1163, 1, 0, 1, 0, 0, 0, 0, 0, 0, 0, 0, 75),
(1950, 20000036, 2701, 1, 0, 1, 0, 0, 0, 0, 0, 0, 0, 0, 32),
(1951, 20000032, 2621, 1, 0, 1, 0, 0, 0, 0, 0, 0, 0, 0, 269),
(1952, 20000032, 2621, 1, 0, 1, 0, 0, 0, 0, 0, 0, 0, 0, 268),
(1954, 20000036, 2621, 1, 0, 1, 0, 0, 0, 0, 0, 0, 0, 0, 275),
(1961, 20000032, 994, 5, 0, 1, 0, 0, 0, 0, 0, 0, 0, 0, 0),
(1962, 20000032, 7110, 2, 0, 1, 0, 0, 0, 0, 0, 0, 0, 0, 0),
(1963, 20000032, 7069, 2, 0, 1, 0, 0, 0, 0, 0, 0, 0, 0, 0),
(1964, 20000032, 5096, 1, 0, 1, 0, 0, 0, 0, 0, 0, 0, 0, 44),
(1965, 20000036, 7122, 4, 0, 1, 0, 0, 0, 0, 0, 0, 0, 0, 0),
(1966, 20000036, 4428, 1, 0, 1, 0, 0, 0, 0, 0, 0, 0, 0, 0),
(1967, 20000036, 2344, 1, 0, 1, 0, 0, 0, 0, 0, 0, 0, 0, 150),
(1968, 20000036, 2701, 1, 0, 1, 0, 0, 0, 0, 0, 0, 0, 0, 36),
(1969, 20000036, 1626, 1, 0, 1, 0, 0, 0, 0, 0, 0, 0, 0, 172),
(1970, 20000036, 1163, 1, 0, 1, 0, 0, 0, 0, 0, 0, 0, 0, 76),
(1971, 20000036, 2344, 1, 0, 1, 0, 0, 0, 0, 0, 0, 0, 0, 151),
(1972, 20000036, 2621, 1, 0, 1, 0, 0, 0, 0, 0, 0, 0, 0, 289),
(1973, 20000036, 5096, 1, 0, 1, 0, 0, 0, 0, 0, 0, 0, 0, 43),
(1974, 20000036, 1176, 1, 0, 1, 0, 0, 0, 0, 0, 0, 0, 0, 54),
(1975, 20000036, 1626, 1, 0, 1, 0, 0, 0, 0, 0, 0, 0, 0, 171),
(1976, 20000036, 1478, 1, 0, 1, 0, 0, 0, 0, 0, 0, 0, 0, 0),
(1977, 20000036, 12087, 5, 0, 1, 0, 0, 0, 0, 0, 0, 0, 0, 0),
(2092, 20000032, 7100, 6, 0, 1, 0, 0, 0, 0, 0, 0, 0, 0, 0),
(2091, 20000032, 7203, 1, 0, 1, 0, 0, 0, 0, 0, 0, 0, 0, 0),
(2090, 20000032, 7478, 1, 0, 1, 0, 0, 0, 0, 0, 0, 0, 0, 0),
(2055, 20000021, 4147, 1, 0, 1, 0, 0, 0, 0, 0, 0, 0, 0, 0),
(1983, 20000032, 909, 1, 0, 1, 0, 0, 0, 0, 0, 0, 0, 0, 0),
(1984, 20000032, 938, 21, 0, 1, 0, 0, 0, 0, 0, 0, 0, 0, 0),
(1985, 20000032, 910, 2, 0, 1, 0, 0, 0, 0, 0, 0, 0, 0, 0),
(1986, 20000032, 4079, 1, 0, 1, 0, 0, 0, 0, 0, 0, 0, 0, 0),
(1987, 20000032, 521, 28, 0, 1, 0, 0, 0, 0, 0, 0, 0, 0, 0),
(1989, 20000032, 4071, 3, 0, 1, 0, 0, 0, 0, 0, 0, 0, 0, 0),
(1990, 20000032, 611, 34, 0, 1, 0, 0, 0, 0, 0, 0, 0, 0, 0),
(1991, 20000032, 1043, 10, 0, 1, 0, 0, 0, 0, 0, 0, 0, 0, 0),
(1992, 20000032, 922, 4, 0, 1, 0, 0, 0, 0, 0, 0, 0, 0, 0),
(1995, 20000013, 4146, 1, 0, 1, 0, 0, 0, 0, 0, 0, 0, 0, 0),
(1998, 20000045, 1505, 1, 0, 1, 0, 0, 0, 0, 0, 0, 0, 0, 51),
(1999, 20000045, 1505, 1, 0, 1, 0, 0, 0, 0, 0, 0, 0, 0, 52),
(2000, 20000045, 1505, 1, 0, 1, 0, 0, 0, 0, 0, 0, 0, 0, 54),
(2001, 20000045, 1505, 1, 0, 1, 0, 0, 0, 0, 0, 0, 0, 0, 53),
(2002, 20000045, 1505, 1, 0, 1, 0, 0, 0, 0, 0, 0, 0, 0, 55),
(2003, 20000045, 1505, 1, 0, 1, 0, 0, 0, 0, 0, 0, 0, 0, 57),
(2005, 20000021, 1230, 1, 0, 1, 0, 0, 0, 0, 0, 0, 0, 0, 123),
(2006, 20000021, 1230, 1, 0, 1, 0, 0, 0, 0, 0, 0, 0, 0, 124),
(2007, 20000021, 1230, 1, 0, 1, 0, 0, 0, 0, 0, 0, 0, 0, 122),
(2008, 20000021, 4408, 1, 0, 1, 0, 0, 0, 0, 0, 0, 0, 0, 0),
(2009, 20000021, 4318, 1, 0, 1, 0, 0, 0, 0, 0, 0, 0, 0, 0),
(2010, 20000032, 918, 5, 0, 1, 0, 0, 0, 0, 0, 0, 0, 0, 0),
(2011, 20000032, 1061, 3, 0, 1, 0, 0, 0, 0, 0, 0, 0, 0, 0),
(2012, 20000032, 1001, 3, 0, 1, 0, 0, 0, 0, 0, 0, 0, 0, 0),
(2013, 20000032, 1006, 3, 0, 1, 0, 0, 0, 0, 0, 0, 0, 0, 0),
(2014, 20000032, 911, 6, 0, 1, 0, 0, 0, 0, 0, 0, 0, 0, 0),
(2015, 20000032, 908, 3, 0, 1, 0, 0, 0, 0, 0, 0, 0, 0, 0),
(2016, 20000032, 725, 4, 0, 1, 0, 0, 0, 0, 0, 0, 0, 0, 0),
(2017, 20000032, 637, 2, 0, 1, 0, 0, 0, 0, 0, 0, 0, 0, 0),
(2089, 20000032, 602, 1, 0, 1, 0, 0, 0, 0, 0, 0, 0, 0, 0),
(2071, 20000014, 4263, 1, 0, 1, 0, 0, 0, 0, 0, 0, 0, 0, 0),
(2067, 20000014, 2528, 1, 0, 1, 0, 0, 4359, 0, 0, 0, 0, 0, 0),
(2098, 20000052, 2123, 1, 0, 1, 0, 0, 0, 0, 0, 0, 0, 0, 10),
(2099, 20000036, 4104, 1, 0, 1, 0, 0, 0, 0, 0, 0, 0, 0, 0),
(2100, 20000036, 4029, 5, 0, 1, 0, 0, 0, 0, 0, 0, 0, 0, 0),
(2101, 20000036, 4001, 2, 0, 1, 0, 0, 0, 0, 0, 0, 0, 0, 0),
(2102, 20000036, 4079, 2, 0, 1, 0, 0, 0, 0, 0, 0, 0, 0, 0),
(2103, 20000036, 4033, 1, 0, 1, 0, 0, 0, 0, 0, 0, 0, 0, 0),
(2104, 20000036, 4102, 1, 0, 1, 0, 0, 0, 0, 0, 0, 0, 0, 0),
(2105, 20000036, 1611, 1, 0, 1, 0, 0, 0, 0, 0, 0, 0, 0, 4),
(2106, 20000036, 2252, 1, 0, 1, 0, 0, 0, 0, 0, 0, 0, 0, 8),
(2107, 20000032, 2206, 1, 0, 1, 0, 0, 0, 0, 0, 0, 0, 0, 17),
(2108, 20000032, 2252, 1, 0, 1, 0, 0, 0, 0, 0, 0, 0, 0, 6),
(2109, 20000052, 2626, 1, 0, 1, 0, 0, 0, 0, 0, 0, 0, 0, 49),
(2110, 20000052, 2626, 1, 0, 1, 0, 0, 0, 0, 0, 0, 0, 0, 51),
(2111, 20000052, 2703, 1, 0, 1, 0, 0, 0, 0, 0, 0, 0, 0, 43),
(2112, 20000052, 2703, 1, 0, 1, 0, 0, 0, 0, 0, 0, 0, 0, 44),
(2113, 20000052, 985, 24, 0, 1, 0, 0, 0, 0, 0, 0, 0, 0, 0),
(2114, 20000052, 984, 21, 0, 1, 0, 0, 0, 0, 0, 0, 0, 0, 0),
(2240, 20000013, 4408, 1, 0, 1, 0, 0, 0, 0, 0, 0, 0, 0, 0),
(2116, 20000021, 22496, 1, 0, 1, 0, 0, 0, 0, 0, 0, 0, 0, 6),
(2239, 20000013, 13017, 1, 0, 1, 0, 0, 0, 0, 0, 0, 0, 0, 86),
(2118, 20000021, 2269, 1, 0, 1, 0, 0, 0, 0, 0, 0, 0, 0, 0),
(2119, 20000021, 2289, 1, 0, 1, 0, 0, 0, 0, 0, 0, 0, 0, 0),
(2120, 20000021, 4144, 1, 0, 1, 0, 0, 0, 0, 0, 0, 0, 0, 0),
(2121, 20000021, 1000, 16, 0, 1, 0, 0, 0, 0, 0, 0, 0, 0, 0),
(2122, 20000021, 715, 13, 0, 1, 0, 0, 0, 0, 0, 0, 0, 0, 0),
(2123, 20000032, 930, 8, 0, 1, 0, 0, 0, 0, 0, 0, 0, 0, 0),
(2124, 20000032, 1625, 1, 0, 0, 0, 0, 0, 0, 0, 0, 0, 0, 81),
(2125, 20000032, 1625, 1, 0, 0, 0, 0, 0, 0, 0, 0, 0, 0, 82),
(2126, 20000032, 1625, 1, 0, 0, 0, 0, 0, 0, 0, 0, 0, 0, 83),
(2127, 20000032, 1625, 1, 0, 0, 0, 0, 0, 0, 0, 0, 0, 0, 84),
(2128, 20000032, 1625, 1, 0, 0, 0, 0, 0, 0, 0, 0, 0, 0, 85),
(2130, 20000032, 2252, 1, 0, 1, 0, 0, 0, 0, 0, 0, 0, 0, 7),
(2131, 20000032, 1625, 1, 0, 0, 0, 0, 0, 0, 0, 0, 0, 0, 87),
(2132, 20000032, 1625, 1, 0, 0, 0, 0, 0, 0, 0, 0, 0, 0, 97),
(2133, 20000032, 1614, 1, 0, 0, 0, 0, 0, 0, 0, 0, 0, 0, 115),
(2134, 20000032, 1625, 1, 0, 0, 0, 0, 0, 0, 0, 0, 0, 0, 89),
(2135, 20000032, 1625, 1, 0, 0, 0, 0, 0, 0, 0, 0, 0, 0, 95),
(2136, 20000032, 1625, 1, 0, 0, 0, 0, 0, 0, 0, 0, 0, 0, 90),
(2137, 20000032, 1625, 1, 0, 0, 0, 0, 0, 0, 0, 0, 0, 0, 94),
(2138, 20000032, 1625, 1, 0, 0, 0, 0, 0, 0, 0, 0, 0, 0, 96),
(2139, 20000032, 1625, 1, 0, 0, 0, 0, 0, 0, 0, 0, 0, 0, 93),
(2140, 20000032, 1625, 1, 0, 0, 0, 0, 0, 0, 0, 0, 0, 0, 92),
(2141, 20000032, 1625, 1, 0, 0, 0, 0, 0, 0, 0, 0, 0, 0, 91),
(2142, 20000032, 1625, 1, 0, 0, 0, 0, 0, 0, 0, 0, 0, 0, 104),
(2143, 20000032, 1625, 1, 0, 0, 0, 0, 0, 0, 0, 0, 0, 0, 103),
(2144, 20000032, 1625, 1, 0, 0, 0, 0, 0, 0, 0, 0, 0, 0, 102),
(2145, 20000032, 1625, 1, 0, 0, 0, 0, 0, 0, 0, 0, 0, 0, 101),
(2146, 20000032, 1625, 1, 0, 0, 0, 0, 0, 0, 0, 0, 0, 0, 100),
(2147, 20000032, 1625, 1, 0, 0, 0, 0, 0, 0, 0, 0, 0, 0, 99),
(2148, 20000032, 1625, 1, 0, 0, 0, 0, 0, 0, 0, 0, 0, 0, 98),
(2149, 20000037, 2524, 1, 0, 1, 0, 0, 0, 0, 0, 0, 0, 0, 0),
(2150, 20000037, 2374, 1, 0, 1, 0, 0, 0, 0, 0, 0, 0, 0, 0),
(2151, 20000037, 2375, 1, 0, 1, 0, 0, 0, 0, 0, 0, 0, 0, 0),
(2152, 20000037, 2421, 1, 0, 1, 0, 0, 0, 0, 0, 0, 0, 0, 0),
(2153, 20000037, 2537, 1, 0, 1, 0, 0, 0, 0, 0, 0, 0, 0, 0),
(2154, 20000037, 2433, 1, 0, 1, 0, 0, 0, 0, 0, 0, 0, 0, 0),
(2156, 20000037, 999, 17, 0, 1, 0, 0, 0, 0, 0, 0, 0, 0, 0),
(2157, 20000037, 757, 23, 0, 1, 0, 0, 0, 0, 0, 0, 0, 0, 0),
(2158, 20000037, 5009, 1, 0, 1, 0, 0, 0, 0, 0, 0, 0, 0, 54),
(2159, 20000037, 1201, 1, 0, 1, 0, 0, 0, 0, 0, 0, 0, 0, 0),
(2160, 20000037, 984, 1, 0, 1, 0, 0, 0, 0, 0, 0, 0, 0, 0),
(2161, 20000026, 12103, 807, 0, 1, 0, 0, 0, 0, 0, 0, 0, 0, 0),
(2162, 20000026, 12087, 1, 0, 1, 0, 0, 0, 0, 0, 0, 0, 0, 0),
(2163, 20000026, 569, 18, 0, 1, 0, 0, 0, 0, 0, 0, 0, 0, 0),
(2164, 20000026, 608, 8, 0, 1, 0, 0, 0, 0, 0, 0, 0, 0, 0),
(2165, 20000026, 516, 1, 0, 1, 0, 0, 0, 0, 0, 0, 0, 0, 0),
(2166, 20000026, 601, 69, 0, 1, 0, 0, 0, 0, 0, 0, 0, 0, 0),
(2167, 20000026, 607, 8, 0, 1, 0, 0, 0, 0, 0, 0, 0, 0, 0),
(2168, 20000026, 616, 1, 0, 1, 0, 0, 0, 0, 0, 0, 0, 0, 0),
(2169, 20000026, 603, 1, 0, 1, 0, 0, 0, 0, 0, 0, 0, 0, 0),
(2170, 20000026, 617, 1, 0, 1, 0, 0, 0, 0, 0, 0, 0, 0, 0),
(2171, 20000026, 12080, 1, 0, 1, 0, 0, 0, 0, 0, 0, 0, 0, 0),
(2172, 20000026, 1201, 1, 0, 1, 0, 0, 0, 0, 0, 0, 0, 0, 0),
(2173, 20000026, 2112, 1, 0, 1, 0, 0, 0, 0, 0, 0, 0, 0, 0),
(2174, 20000026, 2414, 1, 0, 1, 0, 0, 0, 0, 0, 0, 0, 0, 0),
(2175, 20000026, 2393, 1, 0, 1, 0, 0, 0, 0, 0, 0, 0, 0, 0),
(2176, 20000026, 2510, 1, 0, 1, 0, 0, 0, 0, 0, 0, 0, 0, 0),
(2177, 20000026, 5055, 1, 0, 1, 0, 0, 0, 0, 0, 0, 0, 0, 0),
(2178, 20000026, 5096, 1, 0, 1, 0, 0, 0, 0, 0, 0, 0, 0, 45),
(2179, 20000026, 1408, 1, 0, 1, 0, 0, 4035, 4035, 4035, 4035, 0, 0, 0),
(2180, 20000026, 5093, 1, 0, 0, 0, 0, 0, 0, 0, 0, 0, 0, 118),
(2181, 20000026, 1230, 1, 0, 0, 0, 0, 0, 0, 0, 0, 0, 0, 125),
(2182, 20000026, 4254, 1, 0, 1, 0, 0, 0, 0, 0, 0, 0, 0, 0),
(2183, 20000026, 984, 1, 0, 1, 0, 0, 0, 0, 0, 0, 0, 0, 0),
(2184, 20000026, 994, 1, 0, 1, 0, 0, 0, 0, 0, 0, 0, 0, 0),
(2185, 20000026, 4122, 1, 0, 1, 0, 0, 0, 0, 0, 0, 0, 0, 0),
(2186, 20000026, 7019, 1, 0, 1, 0, 0, 0, 0, 0, 0, 0, 0, 0),
(2187, 20000026, 4099, 1, 0, 1, 0, 0, 0, 0, 0, 0, 0, 0, 0),
(2188, 20000026, 730, 1, 0, 1, 0, 0, 0, 0, 0, 0, 0, 0, 0),
(2189, 20000026, 1045, 1, 0, 1, 0, 0, 0, 0, 0, 0, 0, 0, 0),
(2190, 20000026, 7122, 1, 0, 1, 0, 0, 0, 0, 0, 0, 0, 0, 0),
(2191, 20000026, 1004, 1, 0, 1, 0, 0, 0, 0, 0, 0, 0, 0, 0),
(2192, 20000026, 7032, 1, 0, 1, 0, 0, 0, 0, 0, 0, 0, 0, 0),
(2193, 20000026, 732, 3, 0, 1, 0, 0, 0, 0, 0, 0, 0, 0, 0),
(2194, 20000026, 996, 1, 0, 1, 0, 0, 0, 0, 0, 0, 0, 0, 0),
(2195, 20000026, 7109, 1, 0, 1, 0, 0, 0, 0, 0, 0, 0, 0, 0),
(2196, 20000026, 7036, 1, 0, 1, 0, 0, 0, 0, 0, 0, 0, 0, 0),
(2197, 20000026, 751, 1, 0, 1, 0, 0, 0, 0, 0, 0, 0, 0, 0),
(2198, 20000026, 22040, 7, 0, 1, 0, 0, 0, 0, 0, 0, 0, 0, 0),
(2201, 20000014, 526, 2, 0, 1, 0, 0, 0, 0, 0, 0, 0, 0, 0),
(2202, 20000014, 694, 1, 0, 1, 0, 0, 0, 0, 0, 0, 0, 0, 0),
(2203, 20000014, 730, 3, 0, 1, 0, 0, 0, 0, 0, 0, 0, 0, 0),
(2204, 20000014, 1000, 1, 0, 1, 0, 0, 0, 0, 0, 0, 0, 0, 0),
(2205, 20000014, 968, 3, 0, 1, 0, 0, 0, 0, 0, 0, 0, 0, 0),
(2230, 20000013, 5808, 1, 0, 1, 0, 0, 0, 0, 0, 0, 0, 0, 8),
(2229, 20000013, 2115, 1, 0, 1, 0, 0, 0, 0, 0, 0, 0, 0, 94),
(2243, 20000027, 7539, 1, 0, 1, 0, 0, 0, 0, 0, 0, 0, 0, 0),
(2244, 20000013, 13017, 1, 0, 1, 0, 0, 0, 0, 0, 0, 0, 0, 88),
(2228, 20000014, 4302, 1, 0, 1, 0, 0, 0, 0, 0, 0, 0, 0, 0),
(2224, 20000052, 2125, 1, 0, 1, 0, 0, 0, 0, 0, 0, 0, 0, 0),
(2250, 20000027, 13035, 1, 0, 1, 0, 0, 4140, 4126, 4140, 4140, 0, 0, 0),
(2251, 20000027, 2375, 1, 0, 1, 0, 0, 4408, 0, 0, 0, 0, 0, 0),
(2254, 20000027, 2554, 1, 0, 1, 0, 0, 0, 0, 0, 0, 0, 0, 21),
(2256, 20000027, 2375, 1, 0, 1, 0, 0, 4302, 0, 0, 0, 0, 0, 8),
(2260, 20000021, 2115, 1, 0, 1, 0, 0, 4058, 0, 0, 0, 0, 0, 0),
(2266, 20000027, 2524, 1, 0, 1, 0, 0, 0, 0, 0, 0, 0, 0, 49),
(2265, 20000027, 2524, 1, 0, 1, 0, 0, 0, 0, 0, 0, 0, 0, 48),
(2264, 20000027, 4407, 1, 0, 1, 0, 0, 0, 0, 0, 0, 0, 0, 0),
(2267, 20000027, 2357, 1, 0, 1, 0, 0, 0, 0, 0, 0, 0, 0, 51),
(2268, 20000027, 2357, 1, 0, 1, 0, 0, 0, 0, 0, 0, 0, 0, 52),
(2269, 20000027, 2524, 1, 0, 1, 0, 0, 0, 0, 0, 0, 0, 0, 50),
(2270, 20000027, 2524, 1, 0, 1, 0, 0, 0, 0, 0, 0, 0, 0, 51),
(2271, 20000027, 2524, 1, 0, 1, 0, 0, 0, 0, 0, 0, 0, 0, 52),
(2272, 20000027, 2357, 1, 0, 1, 0, 0, 0, 0, 0, 0, 0, 0, 53),
(2273, 20000027, 2357, 1, 0, 1, 0, 0, 0, 0, 0, 0, 0, 0, 54),
(2274, 20000027, 2524, 1, 0, 1, 0, 0, 0, 0, 0, 0, 0, 0, 53),
(2275, 20000027, 2357, 1, 0, 1, 0, 0, 0, 0, 0, 0, 0, 0, 55),
(2276, 20000021, 2524, 1, 0, 1, 0, 0, 0, 0, 0, 0, 0, 0, 44),
(2277, 20000021, 2524, 1, 0, 1, 0, 0, 0, 0, 0, 0, 0, 0, 43),
(2278, 20000021, 2357, 1, 0, 1, 0, 0, 0, 0, 0, 0, 0, 0, 46),
(2279, 20000021, 2357, 1, 0, 1, 0, 0, 0, 0, 0, 0, 0, 0, 48),
(2280, 20000021, 2357, 1, 0, 1, 0, 0, 0, 0, 0, 0, 0, 0, 47),
(2281, 20000021, 2524, 1, 0, 1, 0, 0, 0, 0, 0, 0, 0, 0, 46),
(2282, 20000021, 2524, 1, 0, 1, 0, 0, 0, 0, 0, 0, 0, 0, 42),
(2283, 20000021, 2357, 1, 0, 1, 0, 0, 0, 0, 0, 0, 0, 0, 42),
(2284, 20000021, 2115, 1, 0, 1, 0, 0, 0, 0, 0, 0, 0, 0, 112),
(2285, 20000021, 2115, 1, 0, 1, 0, 0, 0, 0, 0, 0, 0, 0, 110),
(2286, 20000021, 2115, 1, 0, 1, 0, 0, 0, 0, 0, 0, 0, 0, 113),
(2287, 20000021, 2115, 1, 0, 1, 0, 0, 0, 0, 0, 0, 0, 0, 114),
(2288, 20000021, 2115, 1, 0, 1, 0, 0, 0, 0, 0, 0, 0, 0, 115),
(2289, 20000021, 2115, 1, 0, 1, 0, 0, 0, 0, 0, 0, 0, 0, 116),
(2290, 20000021, 2115, 1, 0, 1, 0, 0, 0, 0, 0, 0, 0, 0, 117),
(2291, 20000021, 2115, 1, 0, 1, 0, 0, 0, 0, 0, 0, 0, 0, 118),
(2292, 20000021, 2421, 1, 0, 1, 0, 0, 0, 0, 0, 0, 0, 0, 28),
(2293, 20000021, 2115, 1, 0, 1, 0, 0, 0, 0, 0, 0, 0, 0, 111),
(2294, 20000021, 2357, 1, 0, 1, 0, 0, 0, 0, 0, 0, 0, 0, 49),
(2295, 20000021, 2524, 1, 0, 1, 0, 0, 0, 0, 0, 0, 0, 0, 41),
(2296, 20000021, 2357, 1, 0, 1, 0, 0, 0, 0, 0, 0, 0, 0, 50),
(2297, 20000021, 2357, 1, 0, 1, 0, 0, 0, 0, 0, 0, 0, 0, 43),
(2298, 20000021, 2357, 1, 0, 1, 0, 0, 0, 0, 0, 0, 0, 0, 44),
(2299, 20000021, 2524, 1, 0, 1, 0, 0, 0, 0, 0, 0, 0, 0, 45),
(2300, 20000021, 2357, 1, 0, 1, 0, 0, 0, 0, 0, 0, 0, 0, 41),
(2301, 20000021, 2357, 1, 0, 1, 0, 0, 0, 0, 0, 0, 0, 0, 45),
(2302, 20000021, 2524, 1, 0, 1, 0, 0, 0, 0, 0, 0, 0, 0, 47),
(2303, 20000021, 2421, 1, 0, 1, 0, 0, 0, 0, 0, 0, 0, 0, 29),
(2304, 20000021, 2524, 1, 0, 1, 0, 0, 0, 0, 0, 0, 0, 0, 40),
(2305, 20000021, 2115, 1, 0, 1, 0, 0, 0, 0, 0, 0, 0, 0, 109),
(2306, 20000021, 2357, 1, 0, 1, 0, 0, 0, 0, 0, 0, 0, 0, 40),
(2307, 20000021, 2524, 1, 0, 1, 0, 0, 0, 0, 0, 0, 0, 0, 39),
(2308, 20000021, 4407, 1, 0, 1, 0, 0, 0, 0, 0, 0, 0, 0, 0),
(2309, 20000021, 2115, 1, 0, 1, 0, 0, 0, 0, 0, 0, 0, 0, 119),
(2310, 20000021, 2115, 1, 0, 1, 0, 0, 0, 0, 0, 0, 0, 0, 120),
(2352, 20000027, 13035, 1, 0, 1, 10, 0, 0, 0, 0, 0, 0, 0, 123),
(2351, 20000027, 13035, 1, 0, 1, 10, 0, 0, 0, 0, 0, 0, 0, 113),
(2350, 20000027, 1309, 1, 0, 1, 10, 0, 0, 0, 0, 0, 0, 0, 10);

/*!40101 SET CHARACTER_SET_CLIENT=@OLD_CHARACTER_SET_CLIENT */;
/*!40101 SET CHARACTER_SET_RESULTS=@OLD_CHARACTER_SET_RESULTS */;
/*!40101 SET COLLATION_CONNECTION=@OLD_COLLATION_CONNECTION */;
