--
-- Table structure for table `auction`
--

DROP TABLE IF EXISTS `auction`;
CREATE TABLE IF NOT EXISTS `auction` (
  `auction_id` bigint(20) unsigned NOT NULL auto_increment,
  `seller_id` int(11) unsigned NOT NULL default '0',
  `seller_name` varchar(30) NOT NULL default '',
  `buyer_id` int(11) unsigned NOT NULL default '0',
  `buyer_name` varchar(30) NOT NULL default '',
  `price` int(11) unsigned NOT NULL default '0',
  `buynow` int(11) unsigned NOT NULL default '0',
  `hours` smallint(6) NOT NULL default '0',
  `timestamp` int(11) unsigned NOT NULL default '0',
  `nameid` int(11) unsigned NOT NULL default '0',
  `item_name` varchar(50) NOT NULL default '',
  `type` smallint(6) NOT NULL default '0',
  `refine` tinyint(3) unsigned NOT NULL default '0',
  `attribute` tinyint(4) unsigned NOT NULL default '0',
  `card0` smallint(11) NOT NULL default '0',
  `card1` smallint(11) NOT NULL default '0',
  `card2` smallint(11) NOT NULL default '0',
  `card3` smallint(11) NOT NULL default '0',
  `unique_id` bigint(20) unsigned NOT NULL default '0',
  PRIMARY KEY  (`auction_id`)
) ENGINE=MyISAM;

--
-- Table structure for table `cart_inventory`
--

DROP TABLE IF EXISTS `cart_inventory`;
CREATE TABLE IF NOT EXISTS `cart_inventory` (
  `id` int(11) NOT NULL auto_increment,
  `char_id` int(11) NOT NULL default '0',
  `nameid` int(11) NOT NULL default '0',
  `amount` int(11) NOT NULL default '0',
  `equip` int(11) unsigned NOT NULL default '0',
  `identify` smallint(6) NOT NULL default '0',
  `refine` tinyint(3) unsigned NOT NULL default '0',
  `attribute` tinyint(4) NOT NULL default '0',
  `card0` smallint(11) NOT NULL default '0',
  `card1` smallint(11) NOT NULL default '0',
  `card2` smallint(11) NOT NULL default '0',
  `card3` smallint(11) NOT NULL default '0',
  `expire_time` int(11) unsigned NOT NULL default '0',
  `bound` tinyint(1) unsigned NOT NULL default '0',
  `unique_id` bigint(20) unsigned NOT NULL default '0',
  PRIMARY KEY  (`id`),
  KEY `char_id` (`char_id`)
) ENGINE=MyISAM;

--
-- Dumping data for table `cart_inventory`
--

LOCK TABLES `cart_inventory` WRITE;
/*!40000 ALTER TABLE `cart_inventory` DISABLE KEYS */;
INSERT INTO `cart_inventory` VALUES (6,28,2301,1,0,1,0,0,0,0,0,0,0,0,0),(2,61,1010,390,0,1,0,0,0,0,0,0,0,0,0),(3,46,2510,1,0,1,0,0,0,0,0,0,0,0,0),(4,46,2414,1,0,1,0,0,0,0,0,0,0,0,0),(5,46,2112,1,0,1,0,0,0,0,0,0,0,0,0),(7,69,7170,1,0,1,0,0,0,0,0,0,0,0,0),(9,68,2344,1,0,0,0,0,0,0,0,0,0,0,0),(10,68,1201,1,0,1,0,0,0,0,0,0,0,0,0),(11,18,14545,3,0,1,0,0,0,0,0,0,0,0,0),(12,18,22460,1,0,1,0,0,0,0,0,0,0,0,0);
/*!40000 ALTER TABLE `cart_inventory` ENABLE KEYS */;
UNLOCK TABLES;

--
-- Table structure for table `char`
--

DROP TABLE IF EXISTS `char`;
CREATE TABLE IF NOT EXISTS `char` (
  `char_id` int(11) unsigned NOT NULL auto_increment,
  `account_id` int(11) unsigned NOT NULL default '0',
  `char_num` tinyint(1) NOT NULL default '0',
  `name` varchar(30) NOT NULL DEFAULT '',
  `class` smallint(6) unsigned NOT NULL default '0',
  `base_level` smallint(6) unsigned NOT NULL default '1',
  `job_level` smallint(6) unsigned NOT NULL default '1',
  `base_exp` bigint(20) unsigned NOT NULL default '0',
  `job_exp` bigint(20) unsigned NOT NULL default '0',
  `zeny` int(11) unsigned NOT NULL default '0',
  `str` smallint(4) unsigned NOT NULL default '0',
  `agi` smallint(4) unsigned NOT NULL default '0',
  `vit` smallint(4) unsigned NOT NULL default '0',
  `int` smallint(4) unsigned NOT NULL default '0',
  `dex` smallint(4) unsigned NOT NULL default '0',
  `luk` smallint(4) unsigned NOT NULL default '0',
  `max_hp` mediumint(8) unsigned NOT NULL default '0',
  `hp` mediumint(8) unsigned NOT NULL default '0',
  `max_sp` mediumint(6) unsigned NOT NULL default '0',
  `sp` mediumint(6) unsigned NOT NULL default '0',
  `status_point` int(11) unsigned NOT NULL default '0',
  `skill_point` int(11) unsigned NOT NULL default '0',
  `option` int(11) NOT NULL default '0',
  `karma` tinyint(3) NOT NULL default '0',
  `manner` smallint(6) NOT NULL default '0',
  `party_id` int(11) unsigned NOT NULL default '0',
  `guild_id` int(11) unsigned NOT NULL default '0',
  `pet_id` int(11) unsigned NOT NULL default '0',
  `homun_id` int(11) unsigned NOT NULL default '0',
  `elemental_id` int(11) unsigned NOT NULL default '0',
  `hair` tinyint(4) unsigned NOT NULL default '0',
  `hair_color` smallint(5) unsigned NOT NULL default '0',
  `clothes_color` smallint(5) unsigned NOT NULL default '0',
  `weapon` smallint(6) unsigned NOT NULL default '0',
  `shield` smallint(6) unsigned NOT NULL default '0',
  `head_top` smallint(6) unsigned NOT NULL default '0',
  `head_mid` smallint(6) unsigned NOT NULL default '0',
  `head_bottom` smallint(6) unsigned NOT NULL default '0',
  `robe` SMALLINT(6) UNSIGNED NOT NULL DEFAULT '0',
  `last_map` varchar(11) NOT NULL default '',
  `last_x` smallint(4) unsigned NOT NULL default '53',
  `last_y` smallint(4) unsigned NOT NULL default '111',
  `save_map` varchar(11) NOT NULL default '',
  `save_x` smallint(4) unsigned NOT NULL default '53',
  `save_y` smallint(4) unsigned NOT NULL default '111',
  `partner_id` int(11) unsigned NOT NULL default '0',
  `online` tinyint(2) NOT NULL default '0',
  `father` int(11) unsigned NOT NULL default '0',
  `mother` int(11) unsigned NOT NULL default '0',
  `child` int(11) unsigned NOT NULL default '0',
  `fame` int(11) unsigned NOT NULL default '0',
  `rename` SMALLINT(3) unsigned NOT NULL default '0',
  `delete_date` INT(11) unsigned NOT NULL DEFAULT '0',
  `slotchange` SMALLINT(3) unsigned NOT NULL default '0',
  `char_opt` INT( 11 ) unsigned NOT NULL default '0',
  `font` TINYINT( 3 ) UNSIGNED NOT NULL DEFAULT  '0',
  `unban_time` int(11) unsigned NOT NULL default '0',
  PRIMARY KEY  (`char_id`),
  UNIQUE KEY `name_key` (`name`),
  KEY `account_id` (`account_id`),
  KEY `party_id` (`party_id`),
  KEY `guild_id` (`guild_id`),
  KEY `online` (`online`)
) ENGINE=MyISAM  DEFAULT CHARSET=latin1 AUTO_INCREMENT=95 ; 

--
-- Table structure for table `charlog`
--

DROP TABLE IF EXISTS `charlog`;
CREATE TABLE IF NOT EXISTS `charlog` (
  `time` datetime NOT NULL default '0000-00-00 00:00:00',
  `char_msg` varchar(255) NOT NULL default 'char select',
  `account_id` int(11) NOT NULL default '0',
  `char_num` tinyint(4) NOT NULL default '0',
  `name` varchar(23) NOT NULL default '',
  `str` int(11) unsigned NOT NULL default '0',
  `agi` int(11) unsigned NOT NULL default '0',
  `vit` int(11) unsigned NOT NULL default '0',
  `int` int(11) unsigned NOT NULL default '0',
  `dex` int(11) unsigned NOT NULL default '0',
  `luk` int(11) unsigned NOT NULL default '0',
  `hair` tinyint(4) NOT NULL default '0',
  `hair_color` int(11) NOT NULL default '0'
) ENGINE=MyISAM; 

--
-- Table structure for table `elemental`
--

DROP TABLE IF EXISTS `elemental`;
CREATE TABLE IF NOT EXISTS `elemental` (
  `ele_id` int(11) unsigned NOT NULL auto_increment,
  `char_id` int(11) NOT NULL,
  `class` mediumint(9) unsigned NOT NULL default '0',
  `mode` int(11) unsigned NOT NULL default '1',
  `hp` int(12) NOT NULL default '1',
  `sp` int(12) NOT NULL default '1',
  `max_hp` mediumint(8) unsigned NOT NULL default '0',
  `max_sp` mediumint(6) unsigned NOT NULL default '0',
  `atk1` MEDIUMINT(6) unsigned NOT NULL default '0',
  `atk2` MEDIUMINT(6) unsigned NOT NULL default '0',
  `matk` MEDIUMINT(6) unsigned NOT NULL default '0',
  `aspd` smallint(4) unsigned NOT NULL default '0',
  `def` smallint(4) unsigned NOT NULL default '0',
  `mdef` smallint(4) unsigned NOT NULL default '0',
  `flee` smallint(4) unsigned NOT NULL default '0',
  `hit` smallint(4) unsigned NOT NULL default '0',
  `life_time` int(11) NOT NULL default '0',
  PRIMARY KEY  (`ele_id`)
) ENGINE=MyISAM;

--
-- Table structure for table `friends`
--

DROP TABLE IF EXISTS `friends`;
CREATE TABLE IF NOT EXISTS `friends` (
  `char_id` int(11) NOT NULL default '0',
  `friend_account` int(11) NOT NULL default '0',
  `friend_id` int(11) NOT NULL default '0',
  KEY  `char_id` (`char_id`)
) ENGINE=MyISAM;

--
-- Dumping data for table `friends`
--

LOCK TABLES `friends` WRITE;
/*!40000 ALTER TABLE `friends` DISABLE KEYS */;
INSERT INTO `friends` VALUES (27,20000013,29),(29,20000009,27),(29,20000008,26),(26,20000013,29),(18,20000016,35),(35,2000001,18),(30,20000018,68),(68,20000028,66),(72,20000036,71),(71,20000032,72),(66,20000018,68),(68,20000013,30),(78,2000001,18),(18,20000034,78),(68,20000045,87),(87,20000018,68),(75,20000032,74),(74,20000036,75),(79,20000018,104),(104,20000037,79),(65,20000003,81),(81,20000008,65);
/*!40000 ALTER TABLE `friends` ENABLE KEYS */;
UNLOCK TABLES;

--
-- Table structure for table `hotkey`
--

DROP TABLE IF EXISTS `hotkey`;
CREATE TABLE IF NOT EXISTS `hotkey` (
	`char_id` INT(11) NOT NULL,
	`hotkey` TINYINT(2) unsigned NOT NULL,
	`type` TINYINT(1) unsigned NOT NULL default '0',
	`itemskill_id` INT(11) unsigned NOT NULL default '0',
	`skill_lvl` TINYINT(4) unsigned NOT NULL default '0',
	PRIMARY KEY (`char_id`,`hotkey`)
) ENGINE=MyISAM;

--
-- Dumping data for table `hotkey`
--

LOCK TABLES `hotkey` WRITE;
/*!40000 ALTER TABLE `hotkey` DISABLE KEYS */;
INSERT INTO `hotkey` VALUES (1,0,1,89,10),(14,0,1,378,5),(14,1,0,12103,0),(19,0,1,406,10),(18,0,1,401,1),(18,9,1,89,10),(18,18,1,89,10),(18,27,1,89,10),(19,8,1,479,5),(19,6,1,138,10),(19,7,1,476,5),(20,0,1,261,5),(20,1,1,270,5),(20,2,1,271,5),(20,9,1,28,10),(20,10,1,34,10),(20,11,1,29,10),(23,5,1,45,10),(23,0,1,46,10),(23,9,1,46,10),(23,8,1,147,1),(26,0,1,62,10),(27,0,1,150,1),(27,4,1,52,10),(27,1,1,51,8),(27,2,1,1005,1),(27,3,1,212,4),(27,5,1,149,1),(27,6,0,569,0),(28,0,1,42,10),(26,1,0,607,0),(29,0,1,56,10),(29,1,1,62,10),(29,3,1,10,1),(29,2,1,1001,1),(29,9,1,7,10),(29,12,1,8,10),(29,13,1,146,1),(32,0,0,569,0),(29,5,1,58,10),(31,0,1,84,10),(31,1,1,89,10),(31,2,1,91,5),(29,4,1,59,5),(31,8,0,2115,0),(29,10,1,355,5),(29,15,1,359,1),(29,11,1,357,5),(29,8,1,358,1),(31,3,0,601,0),(31,7,1,1006,1),(31,9,1,84,10),(29,6,0,601,0),(31,10,1,85,10),(31,4,1,366,10),(35,0,1,536,1),(35,1,1,539,5),(35,2,1,542,5),(35,3,1,541,5),(35,4,0,0,0),(29,17,1,10,1),(29,7,0,0,0),(38,0,1,135,10),(38,1,1,406,10),(38,2,1,379,10),(38,3,0,601,0),(38,4,1,378,5),(38,5,1,50,10),(38,9,0,601,0),(38,6,1,150,1),(38,7,1,151,1),(38,8,1,152,1),(18,1,1,270,5),(18,2,1,271,5),(31,5,1,365,1),(44,0,1,421,7),(44,1,1,411,10),(44,2,1,413,7),(44,9,1,425,3),(44,10,1,425,7),(44,4,1,425,1),(26,2,0,601,0),(44,11,1,426,5),(44,8,1,420,1),(44,5,1,429,3),(44,3,0,601,0),(44,12,1,429,3),(45,0,1,421,7),(45,1,1,411,10),(45,17,1,412,1),(45,2,1,413,7),(45,4,0,608,0),(44,7,1,425,6),(45,3,0,601,0),(46,0,1,42,10),(44,17,1,425,5),(45,9,1,425,1),(45,10,1,425,2),(45,11,1,425,3),(45,12,1,425,4),(45,13,1,425,5),(45,14,1,425,6),(45,15,1,425,7),(44,13,0,0,0),(44,14,0,0,0),(47,0,1,135,10),(47,8,0,601,0),(48,0,1,253,1),(48,2,1,8,10),(21,0,1,378,5),(38,17,1,407,1),(52,0,0,601,0),(52,16,0,1751,0),(52,17,0,1754,0),(37,1,1,28,10),(37,4,1,401,1),(37,5,1,270,5),(37,6,1,271,5),(37,7,0,608,0),(45,7,1,434,2),(45,8,1,427,1),(31,11,1,93,1),(37,2,1,267,5),(37,8,1,264,1),(37,3,0,601,0),(52,1,0,607,0),(43,0,1,42,10),(55,0,0,601,0),(55,1,1,42,10),(55,2,1,112,5),(55,3,1,113,5),(55,4,1,111,5),(55,8,1,114,5),(50,0,1,401,1),(50,1,1,270,5),(50,2,1,267,5),(50,3,1,269,5),(50,4,1,271,5),(50,8,1,26,2),(31,12,1,87,1),(31,17,1,10,1),(52,2,1,46,10),(52,3,1,380,10),(50,5,1,264,1),(52,8,1,147,1),(52,15,0,1752,0),(50,6,1,29,10),(50,7,1,34,10),(59,0,1,46,10),(59,1,1,47,10),(58,0,1,62,10),(58,1,0,12103,0),(59,5,0,1752,0),(59,6,0,1753,0),(59,7,0,1755,0),(59,8,0,1751,0),(58,2,0,608,0),(59,36,1,45,9),(37,17,0,12103,0),(58,7,1,357,5),(58,8,0,0,0),(30,0,1,267,5),(30,3,1,271,5),(30,1,1,401,1),(30,2,1,270,5),(30,5,1,264,1),(30,4,0,608,0),(30,9,1,34,10),(30,10,1,29,10),(30,14,1,28,10),(30,6,0,12103,0),(30,11,1,24,1),(52,5,1,130,4),(52,4,1,45,1),(52,6,1,383,10),(56,0,0,601,0),(61,0,1,485,10),(61,3,0,601,0),(61,1,1,387,1),(61,9,1,486,5),(61,10,1,112,5),(61,11,1,113,5),(61,12,1,114,5),(53,0,1,112,5),(53,1,1,113,5),(53,2,1,114,5),(53,3,1,111,3),(61,8,1,477,10),(61,2,0,608,0),(61,13,1,384,10),(64,2,1,267,5),(50,9,1,269,5),(64,0,1,401,1),(64,1,1,270,5),(64,4,0,608,0),(64,3,1,271,5),(64,9,0,12103,0),(64,10,1,29,10),(64,11,1,34,10),(64,5,0,0,0),(64,13,1,264,1),(66,1,0,608,0),(66,2,0,601,0),(48,1,1,249,1),(48,3,1,1002,1),(48,4,1,5,10),(66,0,1,135,10),(67,0,1,42,1),(30,8,1,370,5),(30,12,1,269,2),(68,0,0,601,0),(66,3,0,0,0),(66,4,1,150,1),(71,0,1,62,1),(72,0,1,89,10),(62,0,1,89,10),(72,1,0,601,0),(62,1,1,84,10),(69,0,0,610,0),(69,4,0,0,0),(72,2,1,19,10),(71,1,1,60,1),(64,12,1,28,10),(72,3,1,157,1),(71,2,0,521,0),(72,4,0,0,0),(64,7,1,24,1),(64,14,1,269,5),(64,18,0,12103,0),(74,0,1,28,10),(74,8,1,26,1),(67,1,0,601,0),(75,0,0,569,0),(75,2,1,19,10),(76,0,0,601,0),(48,5,1,7,10),(65,0,1,62,10),(78,0,0,608,0),(79,0,0,0,0),(79,7,0,601,0),(79,1,0,569,0),(21,8,0,608,0),(64,8,0,601,0),(83,2,1,150,1),(78,3,1,335,1),(78,7,1,135,8),(78,8,1,378,5),(50,10,1,135,3),(30,17,0,601,0),(72,9,1,84,1),(71,9,1,60,1),(69,3,0,601,0),(72,10,1,85,1),(79,6,0,611,0),(76,2,0,569,0),(21,7,0,30055,0),(78,5,1,379,10),(21,1,1,150,1),(78,1,1,150,1),(81,8,1,267,5),(81,0,1,28,10),(81,5,1,271,5),(81,6,1,270,5),(81,7,1,401,1),(31,36,0,2115,0),(62,4,0,608,0),(62,2,1,91,5),(78,6,1,406,10),(85,0,1,19,1),(85,1,1,14,1),(85,9,1,16,10),(85,2,1,91,1),(85,3,1,12,1),(68,1,1,41,10),(34,0,1,321,10),(85,4,1,289,5),(89,0,1,19,10),(89,1,1,18,10),(80,6,1,384,7),(80,7,1,486,5),(80,8,1,387,1),(89,2,1,14,5),(89,3,1,15,10),(89,4,1,84,10),(89,5,1,89,10),(89,6,1,85,10),(89,7,1,83,10),(89,8,1,157,1),(91,1,1,19,10),(91,2,1,18,10),(91,4,0,601,0),(91,0,1,89,10),(62,5,1,19,10),(92,4,0,601,0),(92,1,1,136,1),(92,2,1,150,1),(92,8,0,608,0),(63,0,1,135,10),(63,3,0,608,0),(34,1,1,320,10),(63,1,1,150,1),(63,4,1,378,5),(63,7,1,406,10),(62,3,0,601,0),(34,2,1,89,10),(92,3,1,406,10),(63,2,1,379,10),(92,0,1,379,10),(63,9,0,12103,0),(66,6,0,0,0),(66,7,0,1265,0),(66,8,0,1262,0),(66,5,1,406,5),(97,1,1,136,10),(104,0,1,46,10),(104,1,1,45,1),(104,2,1,129,5),(104,3,1,130,4),(104,4,0,601,0),(105,4,0,601,0),(105,8,0,608,0),(105,0,1,401,1),(105,2,1,270,5),(105,3,1,271,5),(88,0,1,20,10),(65,1,0,601,0),(71,3,1,356,7),(71,4,1,355,5),(71,5,1,357,5),(74,1,1,77,3),(74,2,1,156,1),(107,0,1,28,10),(107,1,1,261,5),(107,2,1,270,5),(107,3,1,267,5),(107,4,1,271,5),(107,11,1,270,5),(107,10,1,261,5),(80,0,1,477,10),(85,7,1,404,1),(85,8,1,482,5),(64,16,0,617,0),(64,17,0,603,0),(114,0,1,28,10),(114,1,1,34,10),(114,2,1,29,10),(115,0,0,601,0),(85,5,1,402,5),(85,6,1,375,5),(85,10,1,405,1),(85,11,1,403,1),(85,12,1,288,5),(114,3,1,270,5),(114,4,1,401,1),(114,5,1,271,5),(114,6,1,267,5),(85,13,1,276,5),(85,14,1,374,1),(85,15,1,373,5),(85,16,1,18,10),(85,17,1,157,1),(31,16,1,157,1),(58,9,1,59,5),(81,4,1,264,1),(58,6,1,355,5),(119,0,1,143,1),(121,8,1,143,1),(57,0,1,143,1),(114,7,1,264,1),(114,8,1,269,5),(114,14,1,262,1),(114,15,1,370,5),(115,1,1,89,10),(114,17,1,24,1),(126,0,1,271,5),(114,12,0,608,0),(126,1,1,401,1),(126,8,0,2115,0),(114,16,1,25,1),(126,2,1,270,5),(126,3,1,26,1),(81,1,1,26,1),(81,2,0,12103,0),(126,4,1,264,1),(126,11,1,264,1),(126,12,0,607,0),(19,1,1,83,10),(19,2,1,85,10),(19,3,1,89,10),(19,4,1,366,10),(79,5,0,525,0),(88,1,1,19,10),(88,7,0,569,0),(130,8,1,139,10),(126,7,1,370,5),(88,2,1,84,10),(130,3,1,150,1),(88,3,1,89,10),(88,4,1,83,10),(130,1,1,135,10),(54,0,1,476,5),(54,1,1,379,10),(54,2,1,688,1),(54,3,1,135,10),(54,4,1,150,1),(54,5,1,366,10),(54,6,0,0,0),(114,10,1,26,2),(78,2,1,334,1),(78,4,1,336,1),(21,3,1,334,1),(21,4,1,335,1),(21,5,1,336,1),(131,0,1,62,10),(132,0,0,0,0),(116,0,1,42,1),(116,3,1,112,5),(116,4,1,114,5),(116,5,1,113,5),(116,6,1,111,5),(116,1,1,485,10),(116,2,1,384,10),(116,8,1,477,10),(116,17,0,0,0),(116,7,1,387,1),(132,8,1,477,10);
/*!40000 ALTER TABLE `hotkey` ENABLE KEYS */;
UNLOCK TABLES;

--
-- Table structure for table `guild`
--

DROP TABLE IF EXISTS `guild`;
CREATE TABLE IF NOT EXISTS `guild` (
  `guild_id` int(11) unsigned NOT NULL auto_increment,
  `name` varchar(24) NOT NULL default '',
  `char_id` int(11) unsigned NOT NULL default '0',
  `master` varchar(24) NOT NULL default '',
  `guild_lv` tinyint(6) unsigned NOT NULL default '0',
  `connect_member` tinyint(6) unsigned NOT NULL default '0',
  `max_member` tinyint(6) unsigned NOT NULL default '0',
  `average_lv` smallint(6) unsigned NOT NULL default '1',
  `exp` bigint(20) unsigned NOT NULL default '0',
  `next_exp` int(11) unsigned NOT NULL default '0',
  `skill_point` tinyint(11) unsigned NOT NULL default '0',
  `mes1` varchar(60) NOT NULL default '',
  `mes2` varchar(120) NOT NULL default '',
  `emblem_len` int(11) unsigned NOT NULL default '0',
  `emblem_id` int(11) unsigned NOT NULL default '0',
  `emblem_data` blob,
  PRIMARY KEY  (`guild_id`,`char_id`),
  UNIQUE KEY `guild_id` (`guild_id`),
  KEY `char_id` (`char_id`)
) ENGINE=MyISAM;

--
-- Dumping data for table `guild`
--

LOCK TABLES `guild` WRITE;
/*!40000 ALTER TABLE `guild` DISABLE KEYS */;
INSERT INTO `guild` VALUES (1,'FlawlessRO-Team',18,'Admin | Flawless',32,1,16,360,123354756,994000000,31,'','',577,1,'789CADD2318ED4401005D0062184444842382127202E9173075F6113E23A8A03C4392AE60C043EC2E6080DAFCBB3B35E969500614F8D3DFD3DED7EDDFDE1E3A797A38FF72FC678E7FAF652CFC6AB6E8FE763BC79BDD7C323FB3332F7CB3CDD54D5A86F356EBF7E19E3146A5182D3AA4A6D3A9D1D9F949B90873CE4210FB9A6B1C817F9E2C7225FE48B7CD92EEF95A73C971EC34879CA53EE76ACF255BECA57F9AA7195AF729751F29297BCE6C0D7397825F7199B7C936FF24DBEC937F9B6EDC31F2735CF45A55A55A96DA79DE4FCC11FFCC11FFCC1DF6C0F859BE00FFEE00FFEE0EF29E10FFEE00FFEE00FFEE0EFE9E20FFEE00FFEE00FFEE0EFA9E40FFEE00FFEE00FFEE0EF69E60FFEE00FFEE00FFEE09F4B10FCC11FFCC11FFCC11FFCFB7A9F5A9DFCBDF6FCC99FFCBD34FCC99FFCC99FFCC99FFCBD6CFCC99FB00994069D06965EDE4BCA9FFCC99FFCC99FFCC9DFCBED25A9A3F470CE3DC89FFCC9DF5B813FF9933FF9933FF993BFB7097FF2277FF2277FF227FFDC42C99FFCC99FFCC99FFCC9DFDB87BF7AC59756177FF5B9ED5B8BBFF88BBFF88BBFF88BBFB71D7FF1177FF1177FF1177F6F49FEE22FFEE22FFEE22FFEDEAEFCC55FFCC55FD0055606DF5B99BFF88BBFF88BBFF88BBFB7B94196819497950ECB9F6EBF9FC7E7394F7382C7B93FE37CDE2FF39C4DBE7EFCD743E777D5C7B5FD665CAA8F63FBB864FBCDA17DFEBAFFBA6BDFFFFEB8FDDACF53EDD7FE7B7CD77EEEC7D3CF5D867D1CFFA1BB87D6A7DB8FF443FB03FA1F3CFF4FEF7D14FE3AE7D7F6F1FBE7FFEEF8092DDAE065'),(2,'Sozial Hub',26,'TimeForSuprise',19,0,16,278,325480980,344000000,18,'','',1009,1,'789CEDD0895313670005F0B7C12424E150EE1B515091330909504068828A4410E446083702E1460272B5484B5144D4A80D6921B0B42060C251AE2ACA216A6969ED61EFE36FE9B7886DA94CFF82BE99DFBC6FDFECECECAE2C4ECDC156A47B8023A41DB65130DDDAA35880B5E02532FE158AC50265C2028BCD860987E072C0E6F3C016F0C1316308C0311780BBC50CA67B2D60BACF127C1B2BF06DAD2160D8316C60666F0B73473B58B83A11CEB07423DC5D60E5B91FD69E1EB0F2F2808DB717ECFDBCE118E843F8C241E40767C249E40F27312109848B3410AEC142B88488E11A1A0437469804EE846B98146EE1C1708F0C85872C1C07E444F4311C240E2BA27128FE248E26C4C03B31163EC9A7E19B7A06BE198908484F40C0B9B30850A642485A989504A13285488528876CB96910E7A54198970E517E06C405199010A2E26C041565414A884B73105CA284946942529607497901822B0B11A2CA47483951518008B50A918D1588B85885C826A2AD96A8431439CB9AAB206FAD81BCAD06B2F67AC82FA971A2430D596713E4975B71BCAB05B1575AA0B8DA8653BDED88BFD90185A6138ABE6EC4134903BD881BB88EC4210D92690D12866F2185481DEB43DA980E999303C834EAA1647A6114CAF911E42C8E2273F12E72EE33C690F5601C594B13C87E780FB9E4BA70895826E7954914AE1851BCCA9844FEDA348AD6A650FC781A05EB33285C27D74F6751F46C16254F66504A9CDF98876A630E251B0B507D3E8FD22F16A1224A373F4519A1FAF23E545F3D40F9E6222A9F937EBE848AAF190F51F90DE311AABE7D84EAEF9651FD6219B52F985E410DE37BC62A6A7E5845ED9635D4FEB886BA9F1EE3C2CF8C75D4FFC2788206D2EA5F49FFF6140DBF3F43E31F9F61737313FFE73F42519429EFEFF05F86C56D6E7BFB9DAEEE1E8D563738A8D70F8D8E8D0C0FD3347F7BBFA6D1F6D3F4207D6FD460347C440FEEDC6983C148326EDC71FF303D32313533333B356530ECD8878D86E9B9B9B9D959E3A819B7B9F22DB2975FD0EAE8F726262F952E2C7C5C6C349851CD351EFE7E9670BAAA1BBA7E741F90FDC90184190554735B6140B028342F44AB1FBB7B3E3A3F72FE183A0D02F27C17D7E3DD3D2DE16FF6D3E31F701A726662707384D913FDED8FF8581D74ABD5777C88334A630C6E31EF59003B2F1B6F71AA79923EC81771EE876CD1CB7C97EA74A003C7D18EDA533D5871180A5FA933AEE899F797EC7DE3AC676C6EFBC0107D078AAC21192EF7F3C87EEA5C577799F07D9D4ED7DFB7FF649A2E0AEFF6317B63447A82053B59AB4DF131B1C948A9B7A6E26FF3B6FE43556651AB46A3693A91A2BE28D7D495DCB8C17BF5FFAFFD233D3D3DAFF67F677B7F2D3C8AD95F8F29B3EF122ED9770B97A2B8BB057F029CAEC006'),(3,'AWSM',31,'Bouncing B.',50,0,76,321,59009684256,0,6,'Welcome','Wer einen Rang will einfach Bescheid geben ',650,11,'789CB5D2316ED44014C6F1178420DA45D4945B7202EA4F94A06C033115924F41FD9D22E9765DA0EC355E41C519287C83A40A0542E63FCFC96657221D8C3DB1F77D8E3DBF99797BF6E559547BF334E235D75777FD244EABAE2711DF5ECEFDB8B9CEB0E74B3BB8C9CCC81F1937DFAF2256A2F77482D5404FFAC84BDB8B57746E442E72918B5CE494A227EFC97B7EF4E43D794FDE8F77DF2537B9FB1A4398DCE426E73606F2817C201FC8078A03F940CE25923CC9933CDBC08736783A39678CE423F9483E928FE423F938CEC38F15BD1D3DDDF4819EF471A6ADC8F10BBFF00BBFF00B7FB17948DC08BFF00BBFF00B7F4D097EE1177EE1177EE117FE9A2EFCC22FFCC22FFCC22FFC3595F8855FF8855FF8855FF86B9AF10BBFF00BBFF00BBFF0B725107EE1177EE1177EE117FE79BD57A536FE5A7BFCC66FFCB534F88DDFF88DDFF88DDFF86BD9F01BBFC11A9019B41998F9782D297EE3377EE3377EE337FE5A6E3E625E641E76DB83F88DDFF86B2BE0377EE3377EE3377EE3AF6D82DFF88DDFF88DDFF88DBF6D21E3377EE3377EE3377EE3AFED833F6BC5FB5227FEAC639CB716FEC49FF8137FE24FFC89BFB61DFEC49FF8137FE24FFC89BFB624FEC49FF8137FE24FFC89BFB62BFEC49FF8137F824E60C9E06B2BE34FFC893FF127FEC49FF86B9B33C86420C9C7921726FF74F36B8AAF6D9EDA04C754674CD37C69472BF1E7F73F6B8FBD2A1E09E2918FD7D00EDA41FDA8C5BEDEADD7EBCBEE7CB1F870B5BBDE07315DD36EAFDFC5CFDBD6EE8398DAAFD3C5E23997F6C8BEBED96C3E2FDE9F775D777171B1D93ED4B7DD7279DE5DD2B6B47D7DBB5D9EAC3FB5E2E15019E7F2C55995B7F354EF07347DDC50DCED7635F5F120D89B0E9F6F5377DF8EEB8773F5F7FAF1D4FDC7F607B5A90AA1'),(4,'Nobodys',52,'K. K. Lacke',1,0,16,162,0,0,0,'','',1303,1,'789C9D956B6C536518C7BB093ABF9810588090193383E103217109EE83018D7EE0831ABE986842228E108CC61813A66084788B10880441039A0072735B615D77618CAD5B2FA3EBDAAEB773694F4F4F4FCF69CFE9E9B9F5BEDED6CBF1EDCEA811F48B4FCEFBE679DFF3EFAFCFF3F479DFBEF14EF969CDAABD02C60E30B6AC8DB6D559A39907EF1F3EA78E47A66814F034456D6D9A7F1AD8E9E87866FBF6ED5D5D5D1B366C686F6FD7FC9BA9041592CFE7C1A7F6EFDF1F89441AB51A9F6042181267082A8245C850828F0B3C3B7277F0E22FE78361B2AA2883DA3B9AB67634800992ACA2C0FCD4BA7614450167E7AE5D3F9E3E4D5114110ED224BE9C977D90971713922CC288573F72C7E65C48653286B9B9ADDBB6596DB652A9D4D9D9F9DAEB7BD5C01C4E7B474747DBAA7D78E8D0C0C0809C14249E557720C81363A2E0C9E752E97C0AEC1C3E7264747CBCAE28DDDDDD3D3D3D8AD250390DA53EA8D5EEEEED6DFB0F0B1138C3446BF5AABA1CB87D2B9B91DF7E6BDF0707DE5394DAC9AFFA55CEB1E35F82688D66F3C1BE3E303FC9F16328277072525297B0CF7BEDEAEF5FF47F5ECCA7B503375FEAEE5239977FBB7457A72B96CB20F1F3172E78BDDE423107F42939B1607B28CB02CB31A22CB5B0B3D363674F7F4393FEF9D9C9BE03EFDEBEFAABCA71B997BC10C48BA20F86413C76BB5D9279A0CFA54596A140914559F4F93C2D8ED5321D8F851AD5BC6EE8C6F4C430EAB6AA1C89E3A3113A934A4A22870751B7CB8E225EA0AFAC941302CF25E2FE00AA12D844B3F86C346898D25B2D9301C84613BEF919FDFAF5EB0187A1A21449850922087A86A563D17026DDCCA25C2909B204CAC2C699B548AC4630A3DEC589B1BBD148800C4126C3B86556DFB96923E0D4AAD5682CB6605B60589A0C05803216259FACB6D7638FD13870F4DA9BA6D9498E21118F6D746408839D9B56397786865C2E87D96440600F8C4040C9F18966E7801FC607D99D0E954312F0CC7D1D7024062302AE7C866F020DF7ADC629D07E8033679C595A5AB458E6125C2CC173AD000298DF0FC3AA5FAD9698281EA142CDEC4CF7C6747F9A66F490D31C445C18EA7AD487E0C4D4AC560B04B904918F27D650119A0E0409D55FB4594591278866BE73D39316B389A1088BF1419CC2EB2B399503E2999A9E60391AC3FDA2C4C7184A4E8A40DFA837F2B9C293858A47C3024B733451CC085EC73C867854CEB04E6BB218AAF5526E3985E168100F20A80FE8055E5CEB671896444112537EBF1F2C090C463D0EC46D175932E073B81D6BFD9392A5A4CC93E160A3B1C2C6A9044BE38166598AB92C984D4613C7C653B218A3C224DEE46090AB92150B49CE6E7910429CA0AB554E00452CE659C0019AA1A19B0BF3C66C4A6C65017BDC856C26469328EC938578933C7D2F2BC46496FCF9CCB72383D7224148E59C38767C69D156AB2C038D76E08667C9067B9D2D0ECF3218D20C2F88FE7D347EF8BA3F4E0668DC77E9FCA907F7F42AE7BB1327ABA5E21F572E7FFAF1E1C74A9A4EF2D9244FE2A86371FEB1571F1D7C5FA92FFB1CE6577B7BD62E58A5313EA6DBB279633A2DB85CB6963293140A9924E271960A197037522402360D53E3A3C383C03976F4B37D6FEE6DAC14066F5F57397ADDF0B31DEBC021154576CF9EDE519DB65A5E2E17B28A526DD42A4BB6877ED85D2EA6281296452A9F163F39D277EAFB93954266F7CB3B77EE78B152CCB5AE683212C2C1C96AD7FC74EE0C38AAA0E60926B6522CF821DFA58B17CE9D3DE5873D80E0B459C20436313EF2FCB6CDB7AE5F015FF442D7D6C7FE32FEB73D22FC0509C2812F'),(6,'No Fear',68,'Chantelle',25,0,58,233,288528274,602000000,11,'','',423,6,'789C9D94AD4E043110C78BC12031C84A9E00DDA0303C037D0804722C4F805D71418327A11AC30B90204948484E01C98963BE3AEDB6BB7B179A7F9BB6BBF3DB996967CF2FBF0F1DB733ECA7D84FB41FF0E85CC2E7C747D273DB8E9BFB6FEB3938AE374B4A6FA9D11C078203EF68ECE55D186B07675E4A707B70A2C7F7D72FF73231B24C6CE95CE14C660CCDF129720465E60D477C330EA6AE69A9F8E38C50736CDE70D2E0494042731C292292EB3D59F04739839758C8137C8D3906A939D66A0E0532047389FC6167D4ABF1A18BFA731F71A08839C192DCE8E9F606F71F5777C8C170AAB84216191287E3AA535A6BF3FBA3FB339C62C8FE20508F0F979276CEFCD7E707EE23ADF327B25536CC71954863D60068BBBABA787F7D7EB88E2D4721A14ED144DE0648805F8C75ADCD70DA000B8ACFAE40427B5ECA195A1124C59478097601FCA85AFBFC9049CCB66C9E802615A4BF8756DD7A7F12E0F52BB1A879C825EF1BF3B902975A401A7D91AF1FAAAA112D37B903DBFC7B69C8921F88599A6D7409D49F5C26768EB31C3631715C208EE9B581DD9C3E6FFDBF5D3617AC2633B64F6B387F8CD08E19'),(7,'Unique',78,'Kuschelcat',17,0,46,194,209446774,274000000,0,'','',848,1,'789C75D4BD92DB361486613893C9EC0024DD58442A43DDFA0A5C9F499F729D6A77599925BBA8D4B9141699B45BAAE4A9730D297809AED0A4805F40CAC6C94C486149E1137E1E00B33FFDFCEB0FAE5D1FBF77EE03CF1F6FE58DBB6BF5F29DFB9F4BDBC7A95E1FF5E6C5CC9CFD69EECB1FBF3B7714CA442138AE14A3EC745A3B3E52781172211772211772AADC443E914F7C99C827F2897CDA6FE3922BB94E6D0E4EC9955CC979752BF94ABE92AFE42B952BF94ACEC319B9911BB9D589AF75F214723E6E27DFC977F29D7C27DFC9F7FD3A7D77A4D47BA22865A51865BFD28EE4F805BFE017FC825FF037363F125E04BFE017FC825FF0B725C12FF805BFE017FC825FF0B7E5C22FF805BFE017FC825FF0B7A5C42FF805BFE017FC825FF0B765C62FF805BFE017FC825FF0D72D10FC825FF00B7EC12FF805FF75BF8F4DADF8DBDEE357FC8ABF6D0D7EC5AFF815BFE257FC8ABF6D1B7EC5AF60159032696562CAE06D4BF12B7EC5AFF815BFE257FC6DBB1944E948F9B1D633885FF12BFE7614F02B7EC5AFF815BFE257FCED98E057FC8A5FF12B7EC5AFF8EB1152FC8A5FF12B7EC5AFF8157F3B3EF8ADEDF8D4D486DFDABD5F8F167EC36FF80DBFE137FC86BF1D3BFC86DFF01B7EC36FF80D7F3B92F80DBFE137FC86DFF01BFE765CF11B7EC36FF80DB4013326DF8E327EC36FF80DBFE137FC86BF1D7326694CC418CCE8D068F4E5AFE27EABEB5417D895F671A55C1FF5AE55F5CFEDF2EDFAEFFF05DF8DCF9F2F251FBA7FA240F5B0954CEB2D97F99BC40F4B8C29CD4BC9A72DF7FEB593E110D39272DE2EE76D79B905DE7787F134767D9E735EEEEFD36D101FDEBDDFE6E04364843CC6611EBDF3F5E7E396EF7A66997379CEA1EF3F675F7BA7EF3CD686A9A341A062ABF57DDC9E6257FBA39FF2E883FFA5EFF8D6A7B74F87774F8F7454CA181EBC1FC6A5F69E68EB7D6016FEA9BE84983AEA234376FE0D1534E6F512E242554A43FDB93F1CAE4B171E621A79760BADC2A18ED9BBC7FC58BA9C0656B6DBF8DBA6929CBF2B25CEF7B1AB0D73EC832F4B79890F338B7ACAE73134EE7918FA9CEB3A978DA5CE753695D9275639976B703ECFFD6DDFBAB72F97FB736ED796C643F27FAF7FBCB01FA765DB96F7E390C2EBC6847C47FFF9749A9FB7E59B8D747E2CF451D73F76FF3E14D03E8D7DF7DAC757E564DCA8');
/*!40000 ALTER TABLE `guild` ENABLE KEYS */;
UNLOCK TABLES;

--
-- Table structure for table `guild_alliance`
--

DROP TABLE IF EXISTS `guild_alliance`;
CREATE TABLE IF NOT EXISTS `guild_alliance` (
  `guild_id` int(11) unsigned NOT NULL default '0',
  `opposition` int(11) unsigned NOT NULL default '0',
  `alliance_id` int(11) unsigned NOT NULL default '0',
  `name` varchar(24) NOT NULL default '',
  PRIMARY KEY  (`guild_id`,`alliance_id`),
  KEY `alliance_id` (`alliance_id`)
) ENGINE=MyISAM;

--
-- Table structure for table `guild_castle`
--

DROP TABLE IF EXISTS `guild_castle`;
CREATE TABLE IF NOT EXISTS `guild_castle` (
  `castle_id` int(11) unsigned NOT NULL default '0',
  `guild_id` int(11) unsigned NOT NULL default '0',
  `economy` int(11) unsigned NOT NULL default '0',
  `defense` int(11) unsigned NOT NULL default '0',
  `triggerE` int(11) unsigned NOT NULL default '0',
  `triggerD` int(11) unsigned NOT NULL default '0',
  `nextTime` int(11) unsigned NOT NULL default '0',
  `payTime` int(11) unsigned NOT NULL default '0',
  `createTime` int(11) unsigned NOT NULL default '0',
  `visibleC` int(11) unsigned NOT NULL default '0',
  `visibleG0` int(11) unsigned NOT NULL default '0',
  `visibleG1` int(11) unsigned NOT NULL default '0',
  `visibleG2` int(11) unsigned NOT NULL default '0',
  `visibleG3` int(11) unsigned NOT NULL default '0',
  `visibleG4` int(11) unsigned NOT NULL default '0',
  `visibleG5` int(11) unsigned NOT NULL default '0',
  `visibleG6` int(11) unsigned NOT NULL default '0',
  `visibleG7` int(11) unsigned NOT NULL default '0',
  PRIMARY KEY  (`castle_id`),
  KEY `guild_id` (`guild_id`)
) ENGINE=MyISAM;

--
-- Table structure for table `guild_expulsion`
--

DROP TABLE IF EXISTS `guild_expulsion`;
CREATE TABLE IF NOT EXISTS `guild_expulsion` (
  `guild_id` int(11) unsigned NOT NULL default '0',
  `account_id` int(11) unsigned NOT NULL default '0',
  `name` varchar(24) NOT NULL default '',
  `mes` varchar(40) NOT NULL default '',
  PRIMARY KEY  (`guild_id`,`name`)
) ENGINE=MyISAM;

--
-- Table structure for table `guild_member`
--

DROP TABLE IF EXISTS `guild_member`;
CREATE TABLE IF NOT EXISTS `guild_member` (
  `guild_id` int(11) unsigned NOT NULL default '0',
  `account_id` int(11) unsigned NOT NULL default '0',
  `char_id` int(11) unsigned NOT NULL default '0',
  `hair` tinyint(6) unsigned NOT NULL default '0',
  `hair_color` smallint(6) unsigned NOT NULL default '0',
  `gender` tinyint(6) unsigned NOT NULL default '0',
  `class` smallint(6) unsigned NOT NULL default '0',
  `lv` smallint(6) unsigned NOT NULL default '0',
  `exp` bigint(20) unsigned NOT NULL default '0',
  `exp_payper` tinyint(11) unsigned NOT NULL default '0',
  `online` tinyint(4) unsigned NOT NULL default '0',
  `position` tinyint(6) unsigned NOT NULL default '0',
  `name` varchar(24) NOT NULL default '',
  PRIMARY KEY  (`guild_id`,`char_id`),
  KEY `char_id` (`char_id`)
) ENGINE=MyISAM;

--
-- Dumping data for table `guild_member`
--

LOCK TABLES `guild_member` WRITE;
/*!40000 ALTER TABLE `guild_member` DISABLE KEYS */;
INSERT INTO `guild_member` VALUES (1,2000001,18,3,0,1,4012,360,0,0,0,0,'Admin | Flawless'),(1,2000002,19,3,9,1,4013,360,88798135,0,0,1,'Helper | Xeibex'),(3,20000014,31,3,1,0,4010,360,15132519912,0,0,0,'Bouncing B.'),(7,20000003,21,25,0,1,4013,109,338336720,0,0,1,'Tri-Edge'),(2,20000008,26,18,9,1,4008,360,0,0,0,0,'TimeForSuprise'),(3,20000013,29,18,6,1,4008,360,44972154831,0,0,2,'DissPut'),(1,2000003,34,3,6,1,4020,360,10016556621,0,1,2,'Akzu'),(3,20000013,30,18,9,1,4016,360,37325388673,0,0,2,'DissPut²'),(3,20000014,44,1,0,0,4047,360,0,0,0,19,'QQ MoRe'),(3,20000026,58,22,1,1,4008,360,0,0,0,3,'I AM A POWER RANGER'),(2,20000015,38,3,0,1,4013,360,2196796583,0,0,19,'Kyro'),(3,20000021,50,3,6,1,4016,360,0,0,0,4,'VeqasZ'),(3,20000013,45,18,6,1,4047,360,0,0,0,2,'DissPut³'),(3,20000024,54,3,6,1,4013,360,0,0,0,19,'Elathin'),(4,20000020,52,8,0,1,4012,186,0,0,0,0,'K. K. Lacke'),(4,20000023,53,3,6,0,10,139,0,0,0,1,'Cure'),(3,20000014,33,1,0,0,5,91,0,0,0,19,'Error'),(3,20000021,57,1,0,1,0,1,0,0,0,19,'SpongeBOZZ'),(3,20000013,61,18,6,1,4011,360,47620835,0,0,2,'DeinEltan'),(3,20000027,64,25,9,1,4016,360,0,0,0,11,'|iver'),(3,20000021,67,3,0,1,4019,360,0,0,0,19,'Roxas'),(6,20000018,68,26,17,0,4019,360,2592077701,0,0,0,'Chantelle'),(3,20000027,63,25,9,1,4013,360,0,0,0,19,'lnstrQ'),(3,20000027,62,18,5,1,4010,360,0,0,0,19,'bLu~'),(6,20000018,104,26,16,0,4012,360,2235878939,0,0,1,'Chantelle~Snip'),(7,20000031,73,8,0,1,12,298,0,0,0,19,'RavensCrow'),(7,20000034,78,4,17,0,4013,118,1239467054,0,0,0,'Kuschelcat'),(6,20000028,66,51,12,0,4013,98,0,0,0,19,'LipgLOsS'),(6,20000008,65,18,9,1,4008,360,0,0,0,19,'TimeForSuprise'),(7,20000039,83,21,1,1,12,89,0,0,0,19,'Moee'),(6,20000043,85,18,1,0,4017,360,0,0,0,19,'Teddy'),(6,20000042,84,1,0,1,3,32,0,0,0,19,'Bestboy'),(6,20000044,86,1,0,0,18,72,0,0,0,19,'Leyla'),(3,20000052,114,3,5,1,4016,360,0,0,0,19,'Minato'),(6,20000045,87,3,9,1,12,101,0,0,0,19,'Anima'),(3,20000021,115,3,0,1,4018,360,0,0,0,4,'Vergil'),(6,20000003,80,3,1,1,4011,360,0,0,0,19,'Venterus'),(3,20000053,126,3,0,1,4016,295,0,0,0,3,'Awesome'),(7,20000003,81,25,0,1,4016,360,23643000,0,0,2,'Venn');
/*!40000 ALTER TABLE `guild_member` ENABLE KEYS */;
UNLOCK TABLES;

--
-- Table structure for table `guild_position`
--

DROP TABLE IF EXISTS `guild_position`;
CREATE TABLE IF NOT EXISTS `guild_position` (
  `guild_id` int(9) unsigned NOT NULL default '0',
  `position` tinyint(6) unsigned NOT NULL default '0',
  `name` varchar(24) NOT NULL default '',
  `mode` tinyint(11) unsigned NOT NULL default '0',
  `exp_mode` tinyint(11) unsigned NOT NULL default '0',
  PRIMARY KEY  (`guild_id`,`position`)
) ENGINE=MyISAM;

--
-- Dumping data for table `guild_position`
--

LOCK TABLES `guild_position` WRITE;
/*!40000 ALTER TABLE `guild_position` DISABLE KEYS */;
INSERT INTO `guild_position` VALUES (1,0,'Admin',17,0),(1,1,'Lehrling',0,50),(1,2,'HeadGM',0,50),(1,3,'Position 4',0,0),(1,4,'Position 5',0,0),(1,5,'Position 6',0,0),(1,6,'Position 7',0,0),(1,7,'Position 8',0,0),(1,8,'Position 9',0,0),(1,9,'Position 10',0,0),(1,10,'Position 11',0,0),(1,11,'Position 12',0,0),(1,12,'Position 13',0,0),(1,13,'Position 14',0,0),(1,14,'Position 15',0,0),(1,15,'Position 16',0,0),(1,16,'Position 17',0,0),(1,17,'Position 18',0,0),(1,18,'Position 19',0,0),(1,19,'Newbie',0,0),(2,0,'Infinity Sword',17,50),(2,1,'Broad Sword',1,0),(2,2,'Position 3',0,0),(2,3,'Position 4',0,0),(2,4,'Position 5',0,0),(2,5,'Position 6',0,0),(2,6,'Position 7',0,0),(2,7,'Position 8',0,0),(2,8,'Position 9',0,0),(2,9,'Position 10',0,0),(2,10,'Position 11',0,0),(2,11,'Position 12',0,0),(2,12,'Position 13',0,0),(2,13,'Position 14',0,0),(2,14,'Position 15',0,0),(2,15,'Position 16',0,0),(2,16,'Position 17',0,0),(2,17,'Position 18',0,0),(2,18,'Position 19',0,0),(2,19,'Sozial',0,5),(3,0,':D',17,50),(3,1,'',1,50),(3,2,'Härter Als Granit',1,50),(3,3,'Let Me Kill You',17,0),(3,4,'over whelming',1,0),(3,5,'Position 6',0,0),(3,6,'Position 7',0,0),(3,7,'Position 8',0,0),(3,8,'Position 9',0,0),(3,9,'Position 10',0,0),(3,10,'Position 11',0,0),(3,11,'I Swear She was 18!!!',0,0),(3,12,'Position 13',0,0),(3,13,'Position 14',0,0),(3,14,'Position 15',0,0),(3,15,'Position 16',0,0),(3,16,'Position 17',0,0),(3,17,'Position 18',0,0),(3,18,'Position 19',0,0),(3,19,'Newbie',0,0),(4,0,'Kagge uffm Kopp',17,0),(4,1,'bitch please',0,0),(4,2,'Position 3',0,0),(4,3,'Position 4',0,0),(4,4,'Position 5',0,0),(4,5,'Position 6',0,0),(4,6,'Position 7',0,0),(4,7,'Position 8',0,0),(4,8,'Position 9',0,0),(4,9,'Position 10',0,0),(4,10,'Position 11',0,0),(4,11,'Position 12',0,0),(4,12,'Position 13',0,0),(4,13,'Position 14',0,0),(4,14,'Position 15',0,0),(4,15,'Position 16',0,0),(4,16,'Position 17',0,0),(4,17,'Position 18',0,0),(4,18,'Position 19',0,0),(4,19,'Newbie',0,0),(6,14,'Position 15',0,0),(6,13,'Position 14',0,0),(6,12,'Position 13',0,0),(6,11,'Position 12',0,0),(6,10,'Position 11',0,0),(6,9,'Position 10',0,0),(6,8,'Position 9',0,0),(6,7,'Position 8',0,0),(6,6,'Position 7',0,0),(6,5,'Position 6',0,0),(6,4,'Position 5',0,0),(6,3,'Position 4',0,0),(6,2,'Position 3',0,0),(6,1,'\'s Bowler',17,50),(7,0,'GuildMaster',17,1),(6,0,'\'s Bomber',17,50),(6,15,'Position 16',0,0),(6,16,'Position 17',0,0),(6,17,'Position 18',0,0),(6,18,'Position 19',0,0),(6,19,'\'s Demon',1,0),(7,1,'†Falling Angel†',17,1),(7,2,'',1,50),(7,3,'Position 4',0,0),(7,4,'Position 5',0,0),(7,5,'Position 6',0,0),(7,6,'Position 7',0,0),(7,7,'Position 8',0,0),(7,8,'Position 9',0,0),(7,9,'Position 10',0,0),(7,10,'Position 11',0,0),(7,11,'Position 12',0,0),(7,12,'Position 13',0,0),(7,13,'Position 14',0,0),(7,14,'Position 15',0,0),(7,15,'Position 16',0,0),(7,16,'Position 17',0,0),(7,17,'Position 18',0,0),(7,18,'Position 19',0,0),(7,19,'',1,0);
/*!40000 ALTER TABLE `guild_position` ENABLE KEYS */;
UNLOCK TABLES;

--
-- Table structure for table `guild_skill`
--

DROP TABLE IF EXISTS `guild_skill`;
CREATE TABLE IF NOT EXISTS `guild_skill` (
  `guild_id` int(11) unsigned NOT NULL default '0',
  `id` smallint(11) unsigned NOT NULL default '0',
  `lv` tinyint(11) unsigned NOT NULL default '0',
  PRIMARY KEY  (`guild_id`,`id`)
) ENGINE=MyISAM;

--
-- Dumping data for table `guild_skill`
--

LOCK TABLES `guild_skill` WRITE;
/*!40000 ALTER TABLE `guild_skill` DISABLE KEYS */;
INSERT INTO `guild_skill` VALUES (3,10000,1),(3,10002,1),(3,10003,3),(3,10004,10),(3,10010,1),(3,10011,3),(3,10012,1),(3,10013,1),(3,10014,1),(3,10001,1),(3,10006,5),(3,10007,5),(3,10009,5),(3,10008,5),(6,10000,1),(6,10001,1),(6,10002,1),(6,10003,3),(6,10004,7),(7,10000,1),(7,10001,1),(7,10002,1),(7,10003,1),(7,10004,5),(7,10006,1),(7,10007,1),(7,10008,1),(7,10009,1),(7,10014,1),(7,10010,1),(7,10011,1);
/*!40000 ALTER TABLE `guild_skill` ENABLE KEYS */;
UNLOCK TABLES;

--
-- Table structure for table `guild_storage`
--

DROP TABLE IF EXISTS `guild_storage`;
CREATE TABLE IF NOT EXISTS `guild_storage` (
  `id` int(10) unsigned NOT NULL auto_increment,
  `guild_id` int(11) unsigned NOT NULL default '0',
  `nameid` int(11) unsigned NOT NULL default '0',
  `amount` int(11) unsigned NOT NULL default '0',
  `equip` int(11) unsigned NOT NULL default '0',
  `identify` smallint(6) unsigned NOT NULL default '0',
  `refine` tinyint(3) unsigned NOT NULL default '0',
  `attribute` tinyint(4) unsigned NOT NULL default '0',
  `card0` smallint(11) NOT NULL default '0',
  `card1` smallint(11) NOT NULL default '0',
  `card2` smallint(11) NOT NULL default '0',
  `card3` smallint(11) NOT NULL default '0',
  `expire_time` int(11) unsigned NOT NULL default '0',
  `bound` tinyint(1) unsigned NOT NULL default '0',
  `unique_id` bigint(20) unsigned NOT NULL default '0',
  PRIMARY KEY  (`id`),
  KEY `guild_id` (`guild_id`)
) ENGINE=MyISAM;

--
-- Table structure for table `homunculus`
--

DROP TABLE IF EXISTS `homunculus`;
CREATE TABLE IF NOT EXISTS `homunculus` (
  `homun_id` int(11) NOT NULL auto_increment,
  `char_id` int(11) NOT NULL,
  `class` mediumint(9) unsigned NOT NULL default '0',
  `prev_class` mediumint(9) NOT NULL default '0',
  `name` varchar(24) NOT NULL default '',
  `level` smallint(4) NOT NULL default '0',
  `exp` int(12) NOT NULL default '0',
  `intimacy` int(12) NOT NULL default '0',
  `hunger` smallint(4) NOT NULL default '0',
  `str` smallint(4) unsigned NOT NULL default '0',
  `agi` smallint(4) unsigned NOT NULL default '0',
  `vit` smallint(4) unsigned NOT NULL default '0',
  `int` smallint(4) unsigned NOT NULL default '0',
  `dex` smallint(4) unsigned NOT NULL default '0',
  `luk` smallint(4) unsigned NOT NULL default '0',
  `hp` int(12) NOT NULL default '1',
  `max_hp` int(12) NOT NULL default '1',
  `sp` int(12) NOT NULL default '1',
  `max_sp` int(12) NOT NULL default '1',
  `skill_point` smallint(4) unsigned NOT NULL default '0',
  `alive` tinyint(2) NOT NULL default '1',
  `rename_flag` tinyint(2) NOT NULL default '0',
  `vaporize` tinyint(2) NOT NULL default '0',
  PRIMARY KEY  (`homun_id`)
) ENGINE=MyISAM;

-- 
-- Table structure for table `interlog`
--

DROP TABLE IF EXISTS `interlog`;
CREATE TABLE IF NOT EXISTS `interlog` (
  `time` datetime NOT NULL default '0000-00-00 00:00:00',
  `log` varchar(255) NOT NULL default ''
) ENGINE=MyISAM; 

--
-- Table structure for table `inventory`
--

DROP TABLE IF EXISTS `inventory`;
CREATE TABLE IF NOT EXISTS `inventory` (
  `id` int(11) unsigned NOT NULL auto_increment,
  `char_id` int(11) unsigned NOT NULL default '0',
  `nameid` int(11) unsigned NOT NULL default '0',
  `amount` int(11) unsigned NOT NULL default '0',
  `equip` int(11) unsigned NOT NULL default '0',
  `identify` smallint(6) NOT NULL default '0',
  `refine` tinyint(3) unsigned NOT NULL default '0',
  `attribute` tinyint(4) unsigned NOT NULL default '0',
  `card0` smallint(11) NOT NULL default '0',
  `card1` smallint(11) NOT NULL default '0',
  `card2` smallint(11) NOT NULL default '0',
  `card3` smallint(11) NOT NULL default '0',
  `expire_time` int(11) unsigned NOT NULL default '0',
  `favorite` tinyint(3) unsigned NOT NULL default '0',
  `bound` tinyint(1) unsigned NOT NULL default '0',
  `unique_id` bigint(20) unsigned NOT NULL default '0',
  PRIMARY KEY  (`id`),
  KEY `char_id` (`char_id`)
) ENGINE=MyISAM;

--
-- Dumping data for table `inventory`
--

LOCK TABLES `inventory` WRITE;
/*!40000 ALTER TABLE `inventory` DISABLE KEYS */;
INSERT INTO `inventory` VALUES (13,1,30610,1,0,1,0,0,0,0,0,0,0,0,0,0),(12,1,30609,1,0,1,0,0,0,0,0,0,0,0,0,0),(11,1,30608,1,0,1,0,0,0,0,0,0,0,0,0,0),(15,1,30612,1,0,1,0,0,0,0,0,0,0,0,0,0),(14,1,30611,1,0,1,0,0,0,0,0,0,0,0,0,0),(10,1,30606,1,0,1,0,0,0,0,0,0,0,0,0,0),(9,1,30605,1,1,1,0,0,0,0,0,0,0,0,0,0),(16,1,30613,1,0,1,0,0,0,0,0,0,0,0,0,0),(17,1,30614,1,0,1,0,0,0,0,0,0,0,0,0,0),(18,1,30615,1,0,1,0,0,0,0,0,0,0,0,0,0),(19,1,30616,1,0,1,0,0,0,0,0,0,0,0,0,0),(20,1,30618,1,0,1,0,0,0,0,0,0,0,0,0,0),(21,1,30620,1,0,1,0,0,0,0,0,0,0,0,0,0),(22,1,30619,1,0,1,0,0,0,0,0,0,0,0,0,0),(23,1,30617,1,0,1,0,0,0,0,0,0,0,0,0,0),(24,1,30621,1,0,1,0,0,0,0,0,0,0,0,0,0),(25,1,30622,1,0,1,0,0,0,0,0,0,0,0,0,0),(26,1,30623,1,0,1,0,0,0,0,0,0,0,0,0,0),(27,1,30624,1,0,1,0,0,0,0,0,0,0,0,0,0),(28,1,30625,1,0,1,0,0,0,0,0,0,0,0,0,0),(29,1,30626,1,0,1,0,0,0,0,0,0,0,0,0,0),(30,1,30627,1,0,1,0,0,0,0,0,0,0,0,0,0),(31,1,30628,1,0,1,0,0,0,0,0,0,0,0,0,0),(32,1,30629,1,0,1,0,0,0,0,0,0,0,0,0,0),(33,1,30621,1,0,1,0,0,0,0,0,0,0,0,0,0),(34,1,30630,1,0,1,0,0,0,0,0,0,0,0,0,0),(35,1,30631,1,0,1,0,0,0,0,0,0,0,0,0,0),(36,1,30632,1,0,1,0,0,0,0,0,0,0,0,0,0),(37,1,30633,1,128,1,0,0,0,0,0,0,0,0,0,0),(38,1,30642,1,0,1,0,0,0,0,0,0,0,0,0,0),(39,1,30644,1,0,1,0,0,0,0,0,0,0,0,0,0),(40,1,30645,1,0,1,0,0,0,0,0,0,0,0,0,0),(41,1,30646,1,4,1,0,0,0,0,0,0,0,0,0,0),(42,1,30647,1,8,1,0,0,0,0,0,0,0,0,0,0),(43,1,30648,1,32,1,0,0,0,0,0,0,0,0,0,0),(44,1,30653,1,0,1,0,0,0,0,0,0,0,0,0,0),(45,1,30652,1,0,1,0,0,0,0,0,0,0,0,0,0),(46,1,30653,1,0,1,0,0,0,0,0,0,0,0,0,0),(47,1,30654,1,0,1,0,0,0,0,0,0,0,0,0,0),(48,1,30655,1,0,1,0,0,0,0,0,0,0,0,0,0),(49,1,30656,1,0,1,0,0,0,0,0,0,0,0,0,0),(50,1,30657,1,0,1,0,0,0,0,0,0,0,0,0,0),(51,1,30657,1,0,1,0,0,0,0,0,0,0,0,0,0),(52,1,30127,1,0,1,0,0,0,0,0,0,0,0,0,0),(53,1,30083,1,0,1,0,0,0,0,0,0,0,0,0,0),(54,1,30115,1,0,1,0,0,0,0,0,0,0,0,0,0),(55,1,30112,1,0,1,0,0,0,0,0,0,0,0,0,0),(56,1,30113,1,0,1,0,0,0,0,0,0,0,0,0,0),(57,1,30114,1,0,1,0,0,0,0,0,0,0,0,0,0),(58,1,30115,1,0,1,0,0,0,0,0,0,0,0,0,0),(59,1,30116,1,0,1,0,0,0,0,0,0,0,0,0,0),(60,1,30117,1,0,1,0,0,0,0,0,0,0,0,0,0),(61,1,30118,1,0,1,0,0,0,0,0,0,0,0,0,0),(62,1,30119,1,256,1,0,0,0,0,0,0,0,0,0,0),(63,1,30120,1,0,1,0,0,0,0,0,0,0,0,0,0),(64,1,30121,1,0,1,0,0,0,0,0,0,0,0,0,0),(65,1,30122,1,0,1,0,0,0,0,0,0,0,0,0,0),(66,1,30123,1,0,1,0,0,0,0,0,0,0,0,0,0),(67,1,30124,1,0,1,0,0,0,0,0,0,0,0,0,0),(68,1,30125,1,0,1,0,0,0,0,0,0,0,0,0,0),(69,1,30126,1,0,1,0,0,0,0,0,0,0,0,0,0),(70,1,30127,1,0,1,0,0,0,0,0,0,0,0,0,0),(71,1,30146,1,0,1,0,0,0,0,0,0,0,0,0,0),(72,1,30128,1,0,1,0,0,0,0,0,0,0,0,0,0),(73,1,30129,1,0,1,0,0,0,0,0,0,0,0,0,0),(74,1,30130,1,0,1,0,0,0,0,0,0,0,0,0,0),(75,1,30132,1,0,1,0,0,0,0,0,0,0,0,0,0),(76,1,30133,1,0,1,0,0,0,0,0,0,0,0,0,0),(77,1,30134,1,0,1,0,0,0,0,0,0,0,0,0,0),(78,1,30142,1,0,1,0,0,0,0,0,0,0,0,0,0),(79,1,30143,1,0,1,0,0,0,0,0,0,0,0,0,0),(80,1,30144,1,0,1,0,0,0,0,0,0,0,0,0,0),(81,1,30145,1,0,1,0,0,0,0,0,0,0,0,0,0),(82,1,30666,1,0,1,0,0,0,0,0,0,0,0,0,0),(83,1,30667,1,0,1,0,0,0,0,0,0,0,0,0,0),(84,1,30668,1,0,1,0,0,0,0,0,0,0,0,0,0),(85,1,30669,1,0,1,0,0,0,0,0,0,0,0,0,0),(86,1,30670,1,0,1,0,0,0,0,0,0,0,0,0,0),(87,1,30671,1,0,1,0,0,0,0,0,0,0,0,0,0),(88,1,30672,1,0,1,0,0,0,0,0,0,0,0,0,0),(89,1,30673,1,0,1,0,0,0,0,0,0,0,0,0,0),(90,1,30674,1,0,1,0,0,0,0,0,0,0,0,0,0),(91,1,30675,1,0,1,0,0,0,0,0,0,0,0,0,0),(92,1,30682,1,0,1,0,0,0,0,0,0,0,0,0,0),(93,1,30694,1,0,1,0,0,0,0,0,0,0,0,0,0),(94,1,30715,1,0,1,0,0,0,0,0,0,0,0,0,0),(95,1,30716,1,0,1,0,0,0,0,0,0,0,0,0,0),(96,1,30744,1,0,1,0,0,0,0,0,0,0,0,0,0),(97,1,30770,1,0,1,0,0,0,0,0,0,0,0,0,0),(98,1,30874,1,0,1,0,0,0,0,0,0,0,0,0,0),(99,1,30664,1,0,1,0,0,0,0,0,0,0,0,0,0),(100,1,30665,1,0,1,0,0,0,0,0,0,0,0,0,0),(101,1,30628,1,0,1,0,0,0,0,0,0,0,0,0,0),(102,1,30833,1,0,1,0,0,0,0,0,0,0,0,0,0),(103,1,30666,1,0,1,0,0,0,0,0,0,0,0,0,0),(104,1,30715,1,0,1,0,0,0,0,0,0,0,0,0,0),(105,1,30908,1,0,1,0,0,0,0,0,0,0,0,0,0),(106,1,30666,1,0,1,0,0,0,0,0,0,0,0,0,0),(107,1,28908,1,0,1,0,0,0,0,0,0,0,0,0,0),(108,1,28893,1,0,1,0,0,0,0,0,0,0,0,0,0),(109,2,1201,1,0,1,0,0,0,0,0,0,0,0,0,0),(110,2,2301,1,0,1,0,0,0,0,0,0,0,0,0,0),(111,2,22222,1,256,1,0,0,0,0,0,0,0,0,0,0),(112,3,1201,1,0,1,0,0,0,0,0,0,0,0,0,0),(113,3,2301,1,0,1,0,0,0,0,0,0,0,0,0,0),(114,3,22222,1,256,1,0,0,0,0,0,0,0,0,0,0),(150,4,22009,1,0,1,0,0,0,0,0,0,0,0,0,0),(146,4,22005,1,0,1,0,0,0,0,0,0,0,0,0,0),(128,4,22100,1,0,1,0,0,0,0,0,0,0,0,0,0),(120,5,1201,1,0,1,0,0,0,0,0,0,0,0,0,0),(121,5,2301,1,0,1,0,0,0,0,0,0,0,0,0,0),(122,6,1201,1,0,1,0,0,0,0,0,0,0,0,0,0),(123,6,2301,1,0,1,0,0,0,0,0,0,0,0,0,0),(124,7,1201,1,0,1,0,0,0,0,0,0,0,0,0,0),(125,7,2301,1,0,1,0,0,0,0,0,0,0,0,0,0),(126,8,1201,1,0,1,0,0,0,0,0,0,0,0,0,0),(127,8,2301,1,0,1,0,0,0,0,0,0,0,0,0,0),(130,4,22102,1,0,1,0,0,0,0,0,0,0,0,0,0),(145,4,22004,1,0,1,0,0,0,0,0,0,0,0,0,0),(132,4,22104,1,0,1,0,0,0,0,0,0,0,0,0,0),(144,4,22003,1,0,1,0,0,0,0,0,0,0,0,0,0),(149,4,22008,1,0,1,0,0,0,0,0,0,0,0,0,0),(148,4,22007,1,0,1,0,0,0,0,0,0,0,0,0,0),(147,4,22006,1,0,1,0,0,0,0,0,0,0,0,0,0),(143,4,22002,1,0,1,0,0,0,0,0,0,0,0,0,0),(142,4,22001,1,0,1,0,0,0,0,0,0,0,0,0,0),(151,4,22010,1,0,1,0,0,0,0,0,0,0,0,0,0),(152,4,22011,1,0,1,0,0,0,0,0,0,0,0,0,0),(153,4,22012,1,0,1,0,0,0,0,0,0,0,0,0,0),(154,4,22101,1,0,1,0,0,0,0,0,0,0,0,0,0),(155,4,22103,1,0,1,0,0,0,0,0,0,0,0,0,0),(156,4,22104,1,0,1,0,0,0,0,0,0,0,0,0,0),(157,4,22121,1,0,1,0,0,0,0,0,0,0,0,0,0),(158,4,22040,2,0,1,0,0,0,0,0,0,0,0,0,0),(159,4,7539,1,0,1,0,0,0,0,0,0,0,0,0,0),(160,4,921,1,0,1,0,0,0,0,0,0,0,0,0,0),(396,13,22279,1,0,1,0,0,0,0,0,0,0,0,0,0),(395,13,22280,1,0,1,0,0,0,0,0,0,0,0,0,0),(394,13,22270,1,0,1,0,0,0,0,0,0,0,0,0,0),(393,13,22272,1,0,1,0,0,0,0,0,0,0,0,0,0),(392,13,22262,1,0,1,0,0,0,0,0,0,0,0,0,0),(391,13,22254,1,0,1,0,0,0,0,0,0,0,0,0,0),(390,13,22301,1,0,1,0,0,0,0,0,0,0,0,0,0),(389,13,22300,1,0,1,0,0,0,0,0,0,0,0,0,0),(388,13,22299,1,0,1,0,0,0,0,0,0,0,0,0,0),(387,13,22298,1,0,1,0,0,0,0,0,0,0,0,0,0),(386,13,22297,1,0,1,0,0,0,0,0,0,0,0,0,0),(385,13,22296,1,0,1,0,0,0,0,0,0,0,0,0,0),(384,13,22295,1,0,1,0,0,0,0,0,0,0,0,0,0),(383,13,22294,1,0,1,0,0,0,0,0,0,0,0,0,0),(382,13,22293,1,256,1,0,0,0,0,0,0,0,0,0,0),(381,13,22292,1,0,1,0,0,0,0,0,0,0,0,0,0),(380,13,22291,1,0,1,0,0,0,0,0,0,0,0,0,0),(379,13,22290,1,0,1,0,0,0,0,0,0,0,0,0,0),(378,13,22289,1,0,1,0,0,0,0,0,0,0,0,0,0),(377,13,22288,1,0,1,0,0,0,0,0,0,0,0,0,0),(376,13,22287,1,0,1,0,0,0,0,0,0,0,0,0,0),(375,13,22286,1,0,1,0,0,0,0,0,0,0,0,0,0),(374,13,22285,1,0,1,0,0,0,0,0,0,0,0,0,0),(373,13,22284,1,0,1,0,0,0,0,0,0,0,0,0,0),(372,13,22283,1,0,1,0,0,0,0,0,0,0,0,0,0),(371,13,22282,1,0,1,0,0,0,0,0,0,0,0,0,0),(370,13,22281,1,0,1,0,0,0,0,0,0,0,0,0,0),(369,13,22280,1,0,1,0,0,0,0,0,0,0,0,0,0),(368,13,22279,1,0,1,0,0,0,0,0,0,0,0,0,0),(367,13,22277,1,0,1,0,0,0,0,0,0,0,0,0,0),(366,13,22276,1,0,1,0,0,0,0,0,0,0,0,0,0),(365,13,22275,1,0,1,0,0,0,0,0,0,0,0,0,0),(364,13,22274,1,0,1,0,0,0,0,0,0,0,0,0,0),(363,13,22273,1,0,1,0,0,0,0,0,0,0,0,0,0),(362,13,22272,1,0,1,0,0,0,0,0,0,0,0,0,0),(361,13,22271,1,0,1,0,0,0,0,0,0,0,0,0,0),(360,13,22270,1,0,1,0,0,0,0,0,0,0,0,0,0),(359,13,22269,1,0,1,0,0,0,0,0,0,0,0,0,0),(358,13,22268,1,0,1,0,0,0,0,0,0,0,0,0,0),(357,13,22267,1,0,1,0,0,0,0,0,0,0,0,0,0),(356,13,22266,1,0,1,0,0,0,0,0,0,0,0,0,0),(355,13,22265,1,0,1,0,0,0,0,0,0,0,0,0,0),(354,13,22264,1,0,1,0,0,0,0,0,0,0,0,0,0),(353,13,22263,1,0,1,0,0,0,0,0,0,0,0,0,0),(205,9,22160,1,256,1,0,0,0,0,0,0,0,0,0,0),(352,13,22262,1,0,1,0,0,0,0,0,0,0,0,0,0),(351,13,22261,1,0,1,0,0,0,0,0,0,0,0,0,0),(350,13,22260,1,0,1,0,0,0,0,0,0,0,0,0,0),(349,13,22259,1,0,1,0,0,0,0,0,0,0,0,0,0),(348,13,22258,1,0,1,0,0,0,0,0,0,0,0,0,0),(347,13,22257,1,0,1,0,0,0,0,0,0,0,0,0,0),(346,13,22256,1,0,1,0,0,0,0,0,0,0,0,0,0),(345,13,22255,1,0,1,0,0,0,0,0,0,0,0,0,0),(344,13,22254,1,0,1,0,0,0,0,0,0,0,0,0,0),(278,12,1064,1,0,1,0,0,0,0,0,0,0,0,0,0),(277,12,2301,1,0,1,0,0,0,0,0,0,0,0,0,0),(276,12,1201,1,0,1,0,0,0,0,0,0,0,0,0,0),(275,11,22007,1,0,1,0,0,0,0,0,0,0,0,0,0),(274,11,22040,1,0,1,0,0,0,0,0,0,0,0,0,0),(273,11,22158,1,0,1,0,0,0,0,0,0,0,0,0,0),(272,11,22160,1,0,1,0,0,0,0,0,0,0,0,0,0),(271,11,970,1,0,1,0,0,0,0,0,0,0,0,0,0),(270,11,22157,1,0,1,0,0,0,0,0,0,0,0,0,0),(269,11,983,10,0,1,0,0,0,0,0,0,0,0,0,0),(268,11,916,150,0,1,0,0,0,0,0,0,0,0,0,0),(267,11,5170,1,0,1,0,0,0,0,0,0,0,0,0,0),(266,11,5170,1,0,1,0,0,0,0,0,0,0,0,0,0),(265,11,5170,1,0,1,0,0,0,0,0,0,0,0,0,0),(264,11,5170,1,0,1,0,0,0,0,0,0,0,0,0,0),(263,11,22166,1,0,1,0,0,0,0,0,0,0,0,0,0),(262,11,22165,1,0,1,0,0,0,0,0,0,0,0,0,0),(261,11,22164,1,0,1,0,0,0,0,0,0,0,0,0,0),(260,11,22160,1,0,1,0,0,0,0,0,0,0,0,0,0),(259,11,987,1,0,1,0,0,0,0,0,0,0,0,0,0),(258,11,569,20,0,1,0,0,0,0,0,0,0,0,0,0),(257,11,2112,1,0,1,0,0,0,0,0,0,0,0,0,0),(256,11,2510,1,0,1,0,0,0,0,0,0,0,0,0,0),(255,11,2414,1,0,1,0,0,0,0,0,0,0,0,0,0),(254,11,2393,1,0,1,0,0,0,0,0,0,0,0,0,0),(253,11,5055,1,0,1,0,0,0,0,0,0,0,0,0,0),(252,11,2301,1,0,1,0,0,0,0,0,0,0,0,0,0),(251,11,1201,1,0,1,0,0,0,0,0,0,0,0,0,0),(250,10,7539,1,0,1,0,0,0,0,0,0,0,0,0,0),(249,10,2301,1,0,1,0,0,0,0,0,0,0,0,0,0),(248,10,1201,1,0,1,0,0,0,0,0,0,0,0,0,0),(247,9,22040,1,0,1,0,0,0,0,0,0,0,0,0,0),(397,13,22289,1,0,1,0,0,0,0,0,0,0,0,0,0),(398,13,22286,1,0,1,0,0,0,0,0,0,0,0,0,0),(399,13,22287,1,0,1,0,0,0,0,0,0,0,0,0,0),(400,13,22295,1,0,1,0,0,0,0,0,0,0,0,0,0),(401,13,22294,1,0,1,0,0,0,0,0,0,0,0,0,0),(402,13,22294,1,0,1,0,0,0,0,0,0,0,0,0,0),(11980,18,22126,1,0,1,0,0,0,0,0,0,0,0,0,0),(12444,89,2680,1,128,1,0,0,0,0,0,0,0,0,0,0),(405,14,22150,1,0,1,0,0,0,0,0,0,0,0,0,0),(608,14,1000,1,0,1,0,0,0,0,0,0,0,0,0,0),(607,14,985,1,0,1,0,0,0,0,0,0,0,0,0,0),(606,14,1014,1,0,1,0,0,0,0,0,0,0,0,0,0),(605,14,1015,1,0,1,0,0,0,0,0,0,0,0,0,0),(604,14,1039,1,0,1,0,0,0,0,0,0,0,0,0,0),(603,14,7294,1,0,1,0,0,0,0,0,0,0,0,0,0),(602,14,912,3,0,1,0,0,0,0,0,0,0,0,0,0),(601,14,538,1,0,1,0,0,0,0,0,0,0,0,0,0),(600,14,7291,1,0,1,0,0,0,0,0,0,0,0,0,0),(599,14,607,2,0,1,0,0,0,0,0,0,0,0,0,0),(598,14,7022,1,0,1,0,0,0,0,0,0,0,0,0,0),(597,14,7023,1,0,1,0,0,0,0,0,0,0,0,0,0),(596,14,7566,1,0,1,0,0,0,0,0,0,0,0,0,0),(595,14,732,1,0,1,0,0,0,0,0,0,0,0,0,0),(594,14,7451,1,0,1,0,0,0,0,0,0,0,0,0,0),(593,14,7444,1,0,1,0,0,0,0,0,0,0,0,0,0),(592,14,608,1,0,1,0,0,0,0,0,0,0,0,0,0),(591,14,661,1,0,1,0,0,0,0,0,0,0,0,0,0),(590,14,7226,1,0,1,0,0,0,0,0,0,0,0,0,0),(589,14,967,1,0,1,0,0,0,0,0,0,0,0,0,0),(588,14,7070,2,0,1,0,0,0,0,0,0,0,0,0,0),(587,14,7480,1,0,1,0,0,0,0,0,0,0,0,0,0),(586,14,505,1,0,1,0,0,0,0,0,0,0,0,0,0),(585,14,1002,1,0,1,0,0,0,0,0,0,0,0,0,0),(584,14,728,1,0,1,0,0,0,0,0,0,0,0,0,0),(583,14,7067,1,0,1,0,0,0,0,0,0,0,0,0,0),(582,14,7300,1,0,1,0,0,0,0,0,0,0,0,0,0),(581,14,2513,1,0,0,0,0,0,0,0,0,0,0,0,0),(580,14,7166,1,0,1,0,0,0,0,0,0,0,0,0,0),(579,14,7165,1,0,1,0,0,0,0,0,0,0,0,0,0),(578,14,1020,1,0,1,0,0,0,0,0,0,0,0,0,0),(577,14,603,2,0,1,0,0,0,0,0,0,0,0,0,0),(576,14,4236,1,0,1,0,0,0,0,0,0,0,0,0,0),(575,14,2383,1,0,1,0,0,0,0,0,0,0,0,0,0),(574,14,10020,1,0,0,0,0,0,0,0,0,0,0,0,0),(572,14,2541,1,0,1,0,0,0,0,0,0,0,0,0,0),(571,14,2629,1,0,1,0,0,0,0,0,0,0,0,0,0),(570,14,2410,1,64,1,0,0,0,0,0,0,0,0,0,0),(569,14,2630,1,8,1,0,0,0,0,0,0,0,0,0,0),(568,14,678,97,0,1,0,0,0,0,0,0,0,0,0,0),(566,14,2789,1,0,1,0,0,4430,0,0,0,0,0,0,0),(565,14,2789,1,128,1,0,0,4430,0,0,0,0,0,0,0),(564,14,13035,1,32,1,0,0,4172,4305,4172,4305,0,0,0,0),(563,14,1309,1,2,1,0,0,4172,4305,4172,4305,0,0,0,0),(555,14,1312,1,0,1,0,0,0,0,0,0,0,0,0,0),(562,14,2421,1,0,1,0,0,4236,0,0,0,0,0,0,0),(567,14,2524,1,4,1,0,0,4133,0,0,0,0,0,0,0),(561,14,2357,1,16,1,0,0,4302,0,0,0,0,0,0,0),(551,14,12103,93,0,1,0,0,0,0,0,0,0,0,0,0),(573,14,7169,1,0,1,0,0,0,0,0,0,0,0,0,0),(549,14,22153,1,256,1,0,0,0,0,0,0,0,0,0,0),(548,14,22152,1,0,1,0,0,0,0,0,0,0,0,0,0),(547,14,22151,1,0,1,0,0,0,0,0,0,0,0,0,0),(546,14,22150,1,0,1,0,0,0,0,0,0,0,0,0,0),(545,14,22149,1,0,1,0,0,0,0,0,0,0,0,0,0),(544,14,22148,1,0,1,0,0,0,0,0,0,0,0,0,0),(543,14,22144,1,0,1,0,0,0,0,0,0,0,0,0,0),(542,14,22146,1,0,1,0,0,0,0,0,0,0,0,0,0),(541,14,22145,1,0,1,0,0,0,0,0,0,0,0,0,0),(540,14,22144,1,0,1,0,0,0,0,0,0,0,0,0,0),(539,14,22143,1,0,1,0,0,0,0,0,0,0,0,0,0),(538,14,22142,1,0,1,0,0,0,0,0,0,0,0,0,0),(537,14,22141,1,0,1,0,0,0,0,0,0,0,0,0,0),(536,14,22139,1,0,1,0,0,0,0,0,0,0,0,0,0),(535,14,22138,1,0,1,0,0,0,0,0,0,0,0,0,0),(534,14,22137,1,0,1,0,0,0,0,0,0,0,0,0,0),(533,14,22136,1,0,1,0,0,0,0,0,0,0,0,0,0),(532,14,22135,1,0,1,0,0,0,0,0,0,0,0,0,0),(531,14,22134,1,0,1,0,0,0,0,0,0,0,0,0,0),(530,14,22133,1,0,1,0,0,0,0,0,0,0,0,0,0),(529,14,22132,1,0,1,0,0,0,0,0,0,0,0,0,0),(528,14,22131,1,0,1,0,0,0,0,0,0,0,0,0,0),(527,14,22130,1,0,1,0,0,0,0,0,0,0,0,0,0),(526,14,22129,1,0,1,0,0,0,0,0,0,0,0,0,0),(525,14,22128,1,0,1,0,0,0,0,0,0,0,0,0,0),(524,14,22127,1,0,1,0,0,0,0,0,0,0,0,0,0),(523,14,22127,1,0,1,0,0,0,0,0,0,0,0,0,0),(522,14,22126,1,0,1,0,0,0,0,0,0,0,0,0,0),(521,14,22125,1,0,1,0,0,0,0,0,0,0,0,0,0),(520,14,22124,1,0,1,0,0,0,0,0,0,0,0,0,0),(519,14,22123,1,0,1,0,0,0,0,0,0,0,0,0,0),(518,14,22122,1,0,1,0,0,0,0,0,0,0,0,0,0),(517,14,22121,1,0,1,0,0,0,0,0,0,0,0,0,0),(516,14,22140,1,0,1,0,0,0,0,0,0,0,0,0,0),(515,14,22104,1,1,1,0,0,0,0,0,0,0,0,0,0),(514,14,22103,1,0,1,0,0,0,0,0,0,0,0,0,0),(513,14,22102,1,0,1,0,0,0,0,0,0,0,0,0,0),(512,14,22101,1,0,1,0,0,0,0,0,0,0,0,0,0),(511,14,22100,1,0,1,0,0,0,0,0,0,0,0,0,0),(510,14,22124,1,0,1,0,0,0,0,0,0,0,0,0,0),(509,14,22412,1,512,1,0,0,0,0,0,0,0,0,0,0),(508,14,22235,1,0,1,0,0,0,0,0,0,0,0,0,0),(507,14,22234,1,0,1,0,0,0,0,0,0,0,0,0,0),(506,14,22214,1,0,1,0,0,0,0,0,0,0,0,0,0),(505,14,22412,1,0,1,0,0,0,0,0,0,0,0,0,0),(504,14,22352,1,0,1,0,0,0,0,0,0,0,0,0,0),(503,14,22354,1,0,1,0,0,0,0,0,0,0,0,0,0),(12002,19,30023,1,256,1,0,0,0,0,0,0,0,0,0,0),(3107,17,12103,5,0,1,0,0,0,0,0,0,0,0,0,0),(3998,38,1000,4,0,1,0,0,0,0,0,0,0,0,0,0),(5043,38,617,1,0,1,0,0,0,0,0,0,0,0,0,0),(5100,59,2285,1,256,1,0,0,0,0,0,0,0,0,0,0),(3106,44,1972,1,0,1,0,0,0,0,0,0,0,0,0,0),(2452,35,12208,1,0,1,0,0,0,0,0,0,0,0,0,0),(3997,38,715,4,0,1,0,0,0,0,0,0,0,0,0,0),(12001,19,30022,1,512,1,0,0,0,0,0,0,0,0,0,0),(3977,38,1230,1,2,1,0,0,0,0,0,0,0,0,0,0),(5041,37,1008,1,0,1,0,0,0,0,0,0,0,0,0,0),(4030,51,569,20,0,1,0,0,0,0,0,0,0,0,0,0),(4007,38,2322,1,0,1,0,0,0,0,0,0,0,0,0,0),(3705,48,2301,1,0,1,0,0,0,0,0,0,0,0,0,0),(1073,19,22391,1,0,1,0,0,0,0,0,0,0,0,0,0),(965,15,22128,1,0,1,0,0,0,0,0,0,0,0,0,0),(1072,19,22128,1,0,1,0,0,0,0,0,0,0,0,0,0),(1071,19,22513,1,0,1,0,0,0,0,0,0,0,0,0,0),(1070,19,22490,1,1,1,0,0,0,0,0,0,0,0,0,0),(1069,19,22121,1,0,1,0,0,0,0,0,0,0,0,0,0),(3704,48,1201,1,0,1,0,0,0,0,0,0,0,0,0,0),(1067,19,2199,1,32,1,0,0,0,0,0,0,0,0,0,0),(1066,19,1599,1,2,1,0,0,0,0,0,0,0,0,0,0),(964,15,22127,1,0,1,0,0,0,0,0,0,0,0,0,0),(2097,29,2621,1,8,1,0,0,0,0,0,0,0,0,0,0),(963,15,22126,1,0,1,0,0,0,0,0,0,0,0,0,0),(962,15,22125,1,0,1,0,0,0,0,0,0,0,0,0,0),(961,15,22124,1,0,1,0,0,0,0,0,0,0,0,0,0),(960,15,22123,1,0,1,0,0,0,0,0,0,0,0,0,0),(959,15,22122,1,0,1,0,0,0,0,0,0,0,0,0,0),(958,15,22121,1,0,1,0,0,0,0,0,0,0,0,0,0),(3974,38,985,1,0,1,0,0,0,0,0,0,0,0,0,0),(15872,81,7567,2,0,1,0,0,0,0,0,0,0,0,0,0),(4029,51,2112,1,0,1,0,0,0,0,0,0,0,0,0,0),(5040,37,607,4,0,1,0,0,0,0,0,0,0,0,0,0),(16157,130,22040,2,0,1,0,0,0,0,0,0,0,0,0,0),(4028,51,2510,1,0,1,0,0,0,0,0,0,0,0,0,0),(11915,31,725,1,0,1,0,0,0,0,0,0,0,0,0,0),(11914,31,728,1,0,1,0,0,0,0,0,0,0,0,0,0),(5039,37,617,5,0,1,0,0,0,0,0,0,0,0,0,0),(12618,34,2651,1,0,0,0,0,0,0,0,0,0,0,0,0),(1100,20,2414,1,0,1,0,0,0,0,0,0,0,0,0,0),(1099,20,2393,1,16,1,0,0,0,0,0,0,0,0,0,0),(1098,20,5055,1,0,1,0,0,0,0,0,0,0,0,0,0),(1097,20,2301,1,0,1,0,0,0,0,0,0,0,0,0,0),(1096,20,1201,1,0,1,0,0,0,0,0,0,0,0,0,0),(4618,48,4126,1,0,1,0,0,0,0,0,0,0,0,0,0),(15789,74,1625,1,0,0,0,0,0,0,0,0,0,0,0,0),(1093,19,22040,57,0,1,0,0,0,0,0,0,0,0,0,0),(3299,44,22514,1,1,1,0,0,0,0,0,0,0,0,0,0),(1054,19,2301,1,0,1,0,0,0,0,0,0,0,0,0,0),(1053,19,1201,1,0,1,0,0,0,0,0,0,0,0,0,0),(3039,26,714,6,0,1,0,0,0,0,0,0,0,0,0,0),(3223,44,1022,1,0,1,0,0,0,0,0,0,0,0,0,0),(1050,15,1599,1,2,1,0,0,0,0,0,0,0,0,0,0),(1049,15,2199,1,0,1,0,0,0,0,0,0,0,0,0,0),(1048,15,969,8,0,1,0,0,0,0,0,0,0,0,0,0),(1047,15,22121,1,256,1,0,0,0,0,0,0,0,0,0,0),(1045,15,22137,1,0,1,0,0,0,0,0,0,0,0,0,0),(1044,15,22136,1,0,1,0,0,0,0,0,0,0,0,0,0),(1043,15,22135,1,0,1,0,0,0,0,0,0,0,0,0,0),(1042,15,22134,1,0,1,0,0,0,0,0,0,0,0,0,0),(1041,15,22133,1,0,1,0,0,0,0,0,0,0,0,0,0),(1040,15,22132,1,0,1,0,0,0,0,0,0,0,0,0,0),(1039,15,22131,1,0,1,0,0,0,0,0,0,0,0,0,0),(1038,15,22130,1,0,1,0,0,0,0,0,0,0,0,0,0),(1037,15,22129,1,0,1,0,0,0,0,0,0,0,0,0,0),(1000,17,1201,1,0,1,0,0,0,0,0,0,0,0,0,0),(11326,78,2418,1,64,1,0,0,0,0,0,0,0,0,0,0),(3203,46,12208,1,0,1,0,0,0,0,0,0,0,0,0,0),(15772,74,930,3,0,1,0,0,0,0,0,0,0,0,0,0),(1036,16,22519,1,0,1,0,0,0,0,0,0,0,0,0,0),(1035,16,22518,1,0,1,0,0,0,0,0,0,0,0,0,0),(1028,16,22515,1,1,1,0,0,0,0,0,0,0,0,0,0),(1034,16,22517,1,0,1,0,0,0,0,0,0,0,0,0,0),(1033,16,22516,1,0,1,0,0,0,0,0,0,0,0,0,0),(1032,16,22515,1,0,1,0,0,0,0,0,0,0,0,0,0),(1031,16,22514,1,0,1,0,0,0,0,0,0,0,0,0,0),(1030,16,22513,1,0,1,0,0,0,0,0,0,0,0,0,0),(1029,16,22512,1,0,1,0,0,0,0,0,0,0,0,0,0),(1027,16,22040,2,0,1,0,0,0,0,0,0,0,0,0,0),(1026,16,22701,1,0,1,0,0,0,0,0,0,0,0,0,0),(1025,16,22700,1,0,1,0,0,0,0,0,0,0,0,0,0),(1101,20,2510,1,0,1,0,0,0,0,0,0,0,0,0,0),(1102,20,2112,1,0,1,0,0,0,0,0,0,0,0,0,0),(1103,20,569,20,0,1,0,0,0,0,0,0,0,0,0,0),(1104,20,12208,1,0,1,0,0,0,0,0,0,0,0,0,0),(1105,20,22011,1,0,1,0,0,0,0,0,0,0,0,0,0),(1106,19,22421,1,0,1,0,0,0,0,0,0,0,0,0,0),(13159,92,7022,1,0,1,0,0,0,0,0,0,0,0,0,0),(11201,76,2220,1,0,1,0,0,0,0,0,0,0,0,0,0),(1112,22,1201,1,2,1,0,0,0,0,0,0,0,0,0,0),(1111,21,22040,37,0,1,0,0,0,0,0,0,0,0,0,0),(1113,22,2301,1,0,1,0,0,0,0,0,0,0,0,0,0),(1114,22,5055,1,0,1,0,0,0,0,0,0,0,0,0,0),(1115,22,2393,1,16,1,0,0,0,0,0,0,0,0,0,0),(1116,22,2414,1,0,1,0,0,0,0,0,0,0,0,0,0),(1117,22,2510,1,0,1,0,0,0,0,0,0,0,0,0,0),(1118,22,2112,1,0,1,0,0,0,0,0,0,0,0,0,0),(1119,22,569,20,0,1,0,0,0,0,0,0,0,0,0,0),(1120,22,12208,2,0,1,0,0,0,0,0,0,0,0,0,0),(1121,23,1201,1,2,1,0,0,0,0,0,0,0,0,0,0),(1122,23,2301,1,16,1,0,0,0,0,0,0,0,0,0,0),(1123,24,1201,1,0,1,0,0,0,0,0,0,0,0,0,0),(1124,24,2301,1,0,1,0,0,0,0,0,0,0,0,0,0),(1125,24,5055,1,256,1,0,0,0,0,0,0,0,0,0,0),(1126,24,2393,1,16,1,0,0,0,0,0,0,0,0,0,0),(1127,24,2414,1,64,1,0,0,0,0,0,0,0,0,0,0),(1128,24,2510,1,4,1,0,0,0,0,0,0,0,0,0,0),(1129,24,2112,1,32,1,0,0,0,0,0,0,0,0,0,0),(1130,24,569,16,0,1,0,0,0,0,0,0,0,0,0,0),(1131,24,12208,2,0,1,0,0,0,0,0,0,0,0,0,0),(1132,25,1201,1,2,1,0,0,0,0,0,0,0,0,0,0),(1133,25,2301,1,0,1,0,0,0,0,0,0,0,0,0,0),(2651,36,1201,1,0,1,0,0,0,0,0,0,0,0,0,0),(1135,23,1750,40,32768,1,0,0,0,0,0,0,0,0,0,0),(1136,23,1770,200,0,1,0,0,0,0,0,0,0,0,0,0),(2650,23,7539,5,0,1,0,0,0,0,0,0,0,0,0,0),(1145,25,12208,2,0,1,0,0,0,0,0,0,0,0,0,0),(1139,25,5055,1,256,1,0,0,0,0,0,0,0,0,0,0),(1140,25,2393,1,16,1,0,0,0,0,0,0,0,0,0,0),(1141,25,2414,1,64,1,0,0,0,0,0,0,0,0,0,0),(1142,25,2510,1,4,1,0,0,0,0,0,0,0,0,0,0),(1143,25,2112,1,32,1,0,0,0,0,0,0,0,0,0,0),(1144,25,569,16,0,1,0,0,0,0,0,0,0,0,0,0),(1146,24,22040,2,0,1,0,0,0,0,0,0,0,0,0,0),(12443,89,2680,1,8,1,0,0,0,0,0,0,0,0,0,0),(12625,34,2001,1,0,0,0,0,0,0,0,0,0,0,0,0),(12370,89,22040,1,0,1,0,0,0,0,0,0,0,0,0,0),(12611,92,4426,1,0,1,0,0,0,0,0,0,0,0,0,0),(11527,66,2620,1,128,1,0,0,0,0,0,0,0,0,0,0),(15452,31,22502,1,1,1,0,0,0,0,0,0,0,0,0,0),(15451,18,22245,1,0,1,0,0,0,0,0,0,0,0,0,0),(16044,78,30022,1,0,1,0,0,0,0,0,0,0,0,0,0),(11808,81,22040,4,0,1,0,0,0,0,0,0,0,0,0,0),(15467,114,22491,1,1,1,0,0,0,0,0,0,0,0,0,0),(16294,114,2333,1,0,1,0,0,0,0,0,0,0,0,0,0),(16303,114,1258,1,0,1,0,0,0,0,0,0,0,0,0,0),(15457,18,22245,1,0,1,0,0,0,0,0,0,0,0,0,0),(1160,26,2301,1,0,1,0,0,0,0,0,0,0,0,0,0),(1161,26,22040,63,0,1,0,0,0,0,0,0,0,0,0,0),(6059,65,2301,1,0,1,0,0,0,0,0,0,0,0,0,0),(1164,27,1201,1,2,1,0,0,0,0,0,0,0,0,0,0),(1573,32,1207,1,0,1,0,0,0,0,0,0,0,0,0,0),(1572,32,4002,1,0,1,0,0,0,0,0,0,0,0,0,0),(1167,27,2393,1,16,1,0,0,0,0,0,0,0,0,0,0),(1571,32,1207,1,2,1,0,0,0,0,0,0,0,0,0,0),(1570,32,1207,1,0,1,0,0,0,0,0,0,0,0,0,0),(6058,65,1201,1,0,1,0,0,0,0,0,0,0,0,0,0),(3197,46,2393,1,16,1,0,0,0,0,0,0,0,0,0,0),(4001,38,7564,1,0,1,0,0,0,0,0,0,0,0,0,0),(16133,81,5072,1,0,1,0,0,0,0,0,0,0,0,0,0),(3196,46,5055,1,0,1,0,0,0,0,0,0,0,0,0,0),(1564,32,2102,1,0,1,0,0,0,0,0,0,0,0,0,0),(3934,49,2301,1,0,1,0,0,0,0,0,0,0,0,0,0),(3176,44,1602,1,0,1,0,0,0,0,0,0,0,0,0,0),(16094,54,22390,1,512,1,0,0,0,0,0,0,0,0,0,0),(2461,35,2117,1,32,1,0,0,0,0,0,0,0,0,0,0),(1559,32,5035,1,256,1,0,0,0,0,0,0,0,0,0,0),(1558,32,510,2,0,1,0,0,0,0,0,0,0,0,0,0),(1557,32,700,2,0,1,0,0,0,0,0,0,0,0,0,0),(2460,35,7523,383,0,1,0,0,0,0,0,0,0,0,0,0),(1184,27,12208,1,0,1,0,0,0,0,0,0,0,0,0,0),(1555,32,5035,1,0,1,0,0,0,0,0,0,0,0,0,0),(3037,26,608,1,0,1,0,0,0,0,0,0,0,0,0,0),(1553,32,619,4,0,1,0,0,0,0,0,0,0,0,0,0),(1552,32,1602,1,0,1,0,0,0,0,0,0,0,0,0,0),(2445,35,2393,1,16,1,0,0,0,0,0,0,0,0,0,0),(3933,49,1201,1,0,1,0,0,0,0,0,0,0,0,0,0),(2459,35,7522,397,0,1,0,0,0,0,0,0,0,0,0,0),(1549,32,4004,1,0,1,0,0,0,0,0,0,0,0,0,0),(1496,32,569,12,0,1,0,0,0,0,0,0,0,0,0,0),(2442,35,1201,1,2,1,0,0,0,0,0,0,0,0,0,0),(16316,67,1626,1,0,0,0,0,0,0,0,0,0,0,0,0),(16309,67,601,33,0,1,0,0,0,0,0,0,0,0,0,0),(16132,81,509,5,0,1,0,0,0,0,0,0,0,0,0,0),(2950,44,2617,1,0,1,0,0,0,0,0,0,0,0,0,0),(2995,44,757,1,0,1,0,0,0,0,0,0,0,0,0,0),(1548,32,620,5,0,1,0,0,0,0,0,0,0,0,0,0),(1202,27,22011,1,0,1,0,0,0,0,0,0,0,0,0,0),(1492,32,2393,1,16,1,0,0,0,0,0,0,0,0,0,0),(3175,44,695,2,0,1,0,0,0,0,0,0,0,0,0,0),(14635,71,993,2,0,1,0,0,0,0,0,0,0,0,0,0),(4789,58,5172,1,256,1,0,0,0,0,0,0,0,0,0,0),(4111,54,1201,1,0,1,0,0,0,0,0,0,0,0,0,0),(1454,27,999,1,0,1,0,0,0,0,0,0,0,0,0,0),(1453,27,13006,1,0,1,0,0,0,0,0,0,0,0,0,0),(1547,32,713,8,0,1,0,0,0,0,0,0,0,0,0,0),(1452,27,714,1,0,1,0,0,0,0,0,0,0,0,0,0),(11907,31,5093,1,0,1,0,0,0,0,0,0,0,0,0,0),(3674,26,2357,1,16,1,0,0,0,0,0,0,0,0,0,0),(1450,27,510,1,0,1,0,0,0,0,0,0,0,0,0,0),(1545,32,4033,2,0,1,0,0,0,0,0,0,0,0,0,0),(16274,114,731,1,0,1,0,0,0,0,0,0,0,0,0,0),(3961,50,12208,2,0,1,0,0,0,0,0,0,0,0,0,0),(1448,27,757,1,0,1,0,0,0,0,0,0,0,0,0,0),(5065,37,522,1,0,1,0,0,0,0,0,0,0,0,0,0),(1446,27,606,2,0,1,0,0,0,0,0,0,0,0,0,0),(1445,27,985,4,0,1,0,0,0,0,0,0,0,0,0,0),(1444,27,2104,1,32,1,0,0,0,0,0,0,0,0,0,0),(1443,27,1355,1,0,1,0,0,0,0,0,0,0,0,0,0),(11905,31,2610,1,0,1,0,0,0,0,0,0,0,0,0,0),(11904,31,701,2,0,1,0,0,0,0,0,0,0,0,0,0),(2917,26,2199,1,0,1,0,0,0,0,0,0,0,0,0,0),(2916,26,2115,1,0,1,0,0,0,0,0,0,0,0,0,0),(1438,27,509,7,0,1,0,0,0,0,0,0,0,0,0,0),(7679,73,1819,1,0,1,0,0,0,0,0,0,0,0,0,0),(1470,27,601,100,0,1,0,0,0,0,0,0,0,0,0,0),(1435,27,507,1,0,1,0,0,0,0,0,0,0,0,0,0),(1434,27,721,2,0,1,0,0,0,0,0,0,0,0,0,0),(15444,18,22253,1,0,1,0,0,0,0,0,0,0,0,0,0),(5038,37,7020,1,0,1,0,0,0,0,0,0,0,0,0,0),(1276,28,22040,11,0,1,0,0,0,0,0,0,0,0,0,0),(3656,26,2254,1,0,1,0,0,0,0,0,0,0,0,0,0),(12361,91,2624,1,0,1,0,0,0,0,0,0,0,0,0,0),(1277,28,716,1,0,1,0,0,0,0,0,0,0,0,0,0),(5064,37,12095,1,0,1,0,0,0,0,0,0,0,0,0,0),(9259,73,22040,1,0,1,0,0,0,0,0,0,0,0,0,0),(3105,44,1376,1,0,1,0,0,0,0,0,0,0,0,0,0),(16093,54,22040,2,0,1,0,0,0,0,0,0,0,0,0,0),(3150,44,909,1,0,1,0,0,0,0,0,0,0,0,0,0),(1247,26,1408,1,0,1,0,0,0,0,0,0,0,0,0,0),(3673,26,2115,1,32,1,0,0,0,0,0,0,0,0,0,0),(3148,44,4196,2,0,1,0,0,0,0,0,0,0,0,0,0),(1296,26,1599,1,2,1,0,0,0,0,0,0,0,0,0,0),(3147,44,713,1,0,1,0,0,0,0,0,0,0,0,0,0),(3146,44,512,2,0,1,0,0,0,0,0,0,0,0,0,0),(3145,44,511,1,0,1,0,0,0,0,0,0,0,0,0,0),(1270,17,22040,6,0,1,0,0,0,0,0,0,0,0,0,0),(3191,44,1202,1,0,1,0,0,0,0,0,0,0,0,0,0),(3435,44,912,1,0,1,0,0,0,0,0,0,0,0,0,0),(12746,92,1202,1,0,1,0,0,0,0,0,0,0,0,0,0),(11903,31,7269,1,0,1,0,0,0,0,0,0,0,0,0,0),(16126,31,2703,1,128,1,0,0,0,0,0,0,0,0,0,0),(3139,45,2522,1,4,1,0,0,0,0,0,0,0,0,0,0),(3173,44,694,1,0,1,0,0,0,0,0,0,0,0,0,0),(12496,92,2624,1,0,1,0,0,4064,0,0,0,0,0,0,0),(11899,31,2610,1,0,1,0,0,0,0,0,0,0,0,0,0),(11898,31,1022,1,0,1,0,0,0,0,0,0,0,0,0,0),(11897,31,7109,1,0,1,0,0,0,0,0,0,0,0,0,0),(16092,54,22466,1,1,1,0,0,0,0,0,0,0,0,0,0),(16131,81,522,2,0,1,0,0,0,0,0,0,0,0,0,0),(4820,50,2744,1,8,1,0,0,0,0,0,0,0,0,0,0),(2994,44,568,1,0,1,0,0,0,0,0,0,0,0,0,0),(9258,73,1176,1,0,0,0,0,0,0,0,0,0,0,0,0),(15790,126,513,5,0,1,0,0,0,0,0,0,0,0,0,0),(5037,37,603,3,0,1,0,0,0,0,0,0,0,0,0,0),(14634,71,2270,1,0,0,0,0,0,0,0,0,0,0,0,0),(16130,54,1599,1,2,1,0,0,0,0,0,0,0,0,0,0),(16129,54,2199,1,32,1,0,0,0,0,0,0,0,0,0,0),(11902,31,2406,1,0,1,0,0,0,0,0,0,0,0,0,0),(11892,31,2513,1,0,1,0,0,0,0,0,0,0,0,0,0),(2787,44,7203,1,0,1,0,0,0,0,0,0,0,0,0,0),(2786,26,607,2,0,1,0,0,0,0,0,0,0,0,0,0),(1307,15,22040,3,0,1,0,0,0,0,0,0,0,0,0,0),(1433,27,993,3,0,1,0,0,0,0,0,0,0,0,0,0),(11891,31,724,1,0,1,0,0,0,0,0,0,0,0,0,0),(2872,26,22007,1,0,1,0,0,0,0,0,0,0,0,0,0),(2836,26,678,6,0,1,0,0,0,0,0,0,0,0,0,0),(2458,35,7521,394,0,1,0,0,0,0,0,0,0,0,0,0),(16128,54,22011,1,0,1,0,0,0,0,0,0,0,0,0,0),(16043,78,30023,1,0,1,0,0,0,0,0,0,0,0,0,0),(2870,44,4126,2,0,1,0,0,0,0,0,0,0,0,0,0),(11913,31,5093,1,0,1,0,0,0,0,0,0,0,0,0,0),(3350,44,1001,1,0,1,0,0,0,0,0,0,0,0,0,0),(2868,26,12210,7,0,1,0,0,0,0,0,0,0,0,0,0),(11885,31,2255,1,0,1,0,0,0,0,0,0,0,0,0,0),(12257,85,984,1,0,1,0,0,0,0,0,0,0,0,0,0),(4380,38,1208,1,32,1,0,0,4092,4092,4092,4092,0,0,0,0),(9256,21,2345,1,0,1,0,0,0,0,0,0,0,0,0,0),(8851,79,12208,2,0,1,0,0,0,0,0,0,0,0,0,0),(2875,26,12214,14,0,1,0,0,0,0,0,0,0,0,0,0),(1543,32,514,21,0,1,0,0,0,0,0,0,0,0,0,0),(4786,58,12208,1,0,1,0,0,0,0,0,0,0,0,0,0),(4126,54,2393,1,16,1,0,0,0,0,0,0,0,0,0,0),(16127,29,1408,1,2,1,10,0,4399,4305,4305,4318,0,0,0,0),(1575,32,5035,1,0,1,0,0,0,0,0,0,0,0,0,0),(1768,33,2301,1,16,1,0,0,0,0,0,0,0,0,0,0),(1767,33,1201,1,2,1,0,0,0,0,0,0,0,0,0,0),(1766,32,990,1,0,1,0,0,0,0,0,0,0,0,0,0),(1765,32,757,1,0,1,0,0,0,0,0,0,0,0,0,0),(2864,44,1614,1,0,1,0,0,0,0,0,0,0,0,0,0),(2863,44,4138,1,0,1,0,0,0,0,0,0,0,0,0,0),(2862,44,1005,1,0,1,0,0,0,0,0,0,0,0,0,0),(15871,81,2621,1,0,1,0,0,0,0,0,0,0,0,0,0),(3118,26,30017,1,1,1,0,0,0,0,0,0,0,0,0,0),(2860,44,1045,1,0,1,0,0,0,0,0,0,0,0,0,0),(12339,89,4079,1,0,1,0,0,0,0,0,0,0,0,0,0),(3672,44,608,1,0,1,0,0,0,0,0,0,0,0,0,0),(11884,31,985,2,0,1,0,0,0,0,0,0,0,0,0,0),(2384,29,2621,1,128,1,0,0,4103,0,0,0,0,0,0,0),(9255,21,2678,1,128,1,0,0,0,0,0,0,0,0,0,0),(16273,114,602,1,0,1,0,0,0,0,0,0,0,0,0,0),(2859,44,984,1,0,1,0,0,0,0,0,0,0,0,0,0),(2858,44,1625,1,0,1,0,0,0,0,0,0,0,0,0,0),(14633,71,2270,1,0,0,0,0,0,0,0,0,0,0,0,0),(2874,44,1301,1,0,1,0,0,0,0,0,0,0,0,0,0),(16264,114,1557,1,0,1,0,0,0,0,0,0,0,0,0,0),(16272,114,2506,1,0,1,0,0,0,0,0,0,0,0,0,0),(2784,44,569,17,0,1,0,0,0,0,0,0,0,0,0,0),(16271,114,2206,1,0,1,0,0,0,0,0,0,0,0,0,0),(2126,31,1626,1,2,1,10,0,0,0,0,0,0,0,0,0),(2783,44,2112,1,0,1,0,0,0,0,0,0,0,0,0,0),(3858,44,22007,1,0,1,0,0,0,0,0,0,0,0,0,0),(2782,44,2510,1,0,1,0,0,0,0,0,0,0,0,0,0),(3699,47,12208,1,0,1,0,0,0,0,0,0,0,0,0,0),(2780,44,2393,1,0,1,0,0,0,0,0,0,0,0,0,0),(2779,44,5055,1,0,1,0,0,0,0,0,0,0,0,0,0),(3224,44,2255,1,0,1,0,0,0,0,0,0,0,0,0,0),(16302,114,938,1,0,1,0,0,0,0,0,0,0,0,0,0),(16301,114,962,1,0,1,0,0,0,0,0,0,0,0,0,0),(16300,114,2282,1,0,1,0,0,0,0,0,0,0,0,0,0),(5200,59,601,2,0,1,0,0,0,0,0,0,0,0,0,0),(3112,44,1176,1,0,1,0,0,0,0,0,0,0,0,0,0),(4971,59,1714,1,34,1,0,0,0,0,0,0,0,0,0,0),(4970,59,22040,14,0,1,0,0,0,0,0,0,0,0,0,0),(15413,31,4057,1,0,1,0,0,0,0,0,0,0,0,0,0),(11881,31,2254,1,0,1,0,0,0,0,0,0,0,0,0,0),(6299,66,2286,1,512,1,0,0,0,0,0,0,0,0,0,0),(14632,71,2270,1,0,0,0,0,0,0,0,0,0,0,0,0),(5063,37,994,1,0,1,0,0,0,0,0,0,0,0,0,0),(5062,37,751,1,0,1,0,0,0,0,0,0,0,0,0,0),(4969,59,1707,1,0,1,0,0,0,0,0,0,0,0,0,0),(2777,44,1201,1,0,1,0,0,0,0,0,0,0,0,0,0),(12183,18,22125,1,0,1,0,0,0,0,0,0,0,0,0,0),(2144,34,22040,28,0,1,0,0,0,0,0,0,0,0,0,0),(1636,32,12208,2,0,1,0,0,0,0,0,0,0,0,0,0),(1764,32,993,1,0,1,0,0,0,0,0,0,0,0,0,0),(1634,32,2262,1,0,1,0,0,0,0,0,0,0,0,0,0),(1763,32,645,1,0,1,0,0,0,0,0,0,0,0,0,0),(1762,32,601,2,0,1,0,0,0,0,0,0,0,0,0,0),(1761,32,2209,1,0,1,0,0,0,0,0,0,0,0,0,0),(2111,34,12208,2,0,1,0,0,0,0,0,0,0,0,0,0),(2110,34,569,19,0,1,0,0,0,0,0,0,0,0,0,0),(2045,34,2301,1,0,1,0,0,0,0,0,0,0,0,0,0),(2044,34,1201,1,0,1,0,0,0,0,0,0,0,0,0,0),(2109,34,2112,1,0,1,0,0,0,0,0,0,0,0,0,0),(2108,34,2510,1,0,1,0,0,0,0,0,0,0,0,0,0),(2107,34,2414,1,0,1,0,0,0,0,0,0,0,0,0,0),(2106,34,2393,1,0,1,0,0,0,0,0,0,0,0,0,0),(8835,79,2301,1,16,1,0,0,0,0,0,0,0,0,0,0),(12338,89,4231,2,0,1,0,0,0,0,0,0,0,0,0,0),(12610,34,508,1,0,1,0,0,0,0,0,0,0,0,0,0),(14116,104,22040,29,0,1,0,0,0,0,0,0,0,0,0,0),(12620,34,2254,1,0,0,0,0,0,0,0,0,0,0,0,0),(12602,62,608,49,0,1,0,0,0,0,0,0,0,0,0,0),(1822,17,7539,1,0,1,0,0,0,0,0,0,0,0,0,0),(11880,31,2282,1,0,1,0,0,0,0,0,0,0,0,0,0),(11879,31,2254,1,0,1,0,0,0,0,0,0,0,0,0,0),(3742,48,22040,7,0,1,0,0,0,0,0,0,0,0,0,0),(16119,50,22011,1,0,1,0,0,0,0,0,0,0,0,0,0),(12358,91,601,208,0,1,0,0,0,0,0,0,0,0,0,0),(3711,44,2353,1,16,1,0,0,0,0,0,0,0,0,0,0),(3710,44,2353,1,0,0,0,0,0,0,0,0,0,0,0,0),(3709,44,2254,1,0,0,0,0,0,0,0,0,0,0,0,0),(3708,44,2254,1,0,0,0,0,0,0,0,0,0,0,0,0),(3195,46,2301,1,0,1,0,0,0,0,0,0,0,0,0,0),(3194,46,1201,1,2,1,0,0,0,0,0,0,0,0,0,0),(4977,50,1822,1,2,1,6,0,4140,4140,4140,4126,0,0,0,0),(3129,45,608,11,0,1,0,0,0,0,0,0,0,0,0,0),(4002,38,992,1,0,1,0,0,0,0,0,0,0,0,0,0),(5061,37,724,3,0,1,0,0,0,0,0,0,0,0,0,0),(5199,59,12009,2,0,1,0,0,0,0,0,0,0,0,0,0),(3352,44,2282,1,0,1,0,0,0,0,0,0,0,0,0,0),(3351,44,604,1,0,1,0,0,0,0,0,0,0,0,0,0),(10639,72,1614,1,2,1,0,0,0,0,0,0,0,0,0,0),(16299,114,719,1,0,1,0,0,0,0,0,0,0,0,0,0),(8971,73,30040,1,512,1,0,0,0,0,0,0,0,0,0,0),(11875,31,984,2,0,1,0,0,0,0,0,0,0,0,0,0),(3004,44,7539,16,0,1,0,0,0,0,0,0,0,0,0,0),(3003,26,22124,1,256,1,0,0,0,0,0,0,0,0,0,0),(12601,62,1626,1,2,1,0,0,0,0,0,0,0,0,0,0),(2668,38,2393,1,16,1,0,0,0,0,0,0,0,0,0,0),(5119,52,2367,1,16,1,0,0,0,0,0,0,0,0,0,0),(2666,43,2301,1,16,1,0,0,0,0,0,0,0,0,0,0),(2665,43,1201,1,2,1,0,0,0,0,0,0,0,0,0,0),(2664,42,2301,1,0,1,0,0,0,0,0,0,0,0,0,0),(2663,42,1201,1,0,1,0,0,0,0,0,0,0,0,0,0),(2662,41,2301,1,0,1,0,0,0,0,0,0,0,0,0,0),(2661,41,1201,1,0,1,0,0,0,0,0,0,0,0,0,0),(2660,40,2301,1,0,1,0,0,0,0,0,0,0,0,0,0),(2659,40,1201,1,0,1,0,0,0,0,0,0,0,0,0,0),(2658,39,2301,1,0,1,0,0,0,0,0,0,0,0,0,0),(2657,39,1201,1,0,1,0,0,0,0,0,0,0,0,0,0),(15523,31,4027,1,0,1,0,0,0,0,0,0,0,0,0,0),(5058,37,504,1,0,1,0,0,0,0,0,0,0,0,0,0),(2654,37,2301,1,0,1,0,0,0,0,0,0,0,0,0,0),(2653,37,1201,1,0,1,0,0,0,0,0,0,0,0,0,0),(2652,36,2301,1,0,1,0,0,0,0,0,0,0,0,0,0),(4976,50,2703,1,128,1,0,0,4079,0,0,0,0,0,0,0),(14232,105,2621,1,128,1,0,0,4079,0,0,0,0,0,0,0),(15988,130,12208,2,0,1,0,0,0,0,0,0,0,0,0,0),(2743,38,7539,8,0,1,0,0,0,0,0,0,0,0,0,0),(8970,73,30062,1,1,1,0,0,0,0,0,0,0,0,0,0),(2763,38,22040,18,0,1,0,0,0,0,0,0,0,0,0,0),(12201,85,22040,7,0,1,0,0,0,0,0,0,0,0,0,0),(12200,84,1767,1,0,1,0,0,0,0,0,0,0,0,0,0),(3752,47,1207,1,2,1,0,0,0,0,0,0,0,0,0,0),(2742,38,1208,1,0,1,0,0,4035,4035,4035,4126,0,0,0,0),(2769,18,1538,1,0,1,0,0,0,0,0,0,0,0,0,0),(3996,38,1208,1,0,1,0,0,0,0,0,0,0,0,0,0),(4027,51,2414,1,0,1,0,0,0,0,0,0,0,0,0,0),(16298,114,525,2,0,1,0,0,0,0,0,0,0,0,0,0),(3971,38,607,1,0,1,0,0,0,0,0,0,0,0,0,0),(3160,45,601,65,0,1,0,0,0,0,0,0,0,0,0,0),(11874,31,1030,3,0,1,0,0,0,0,0,0,0,0,0,0),(3116,17,601,2,0,1,0,0,0,0,0,0,0,0,0,0),(3115,17,678,1,0,1,0,0,0,0,0,0,0,0,0,0),(3113,44,2122,1,0,1,0,0,0,0,0,0,0,0,0,0),(3691,47,2301,1,16,1,0,0,0,0,0,0,0,0,0,0),(3701,44,2506,1,0,1,0,0,4133,0,0,0,0,0,0,0),(3685,44,716,1,0,1,0,0,0,0,0,0,0,0,0,0),(3684,44,2206,1,256,1,0,0,0,0,0,0,0,0,0,0),(3683,44,2507,1,0,1,0,0,0,0,0,0,0,0,0,0),(3682,44,617,2,0,1,0,0,0,0,0,0,0,0,0,0),(3681,26,911,1,0,1,0,0,0,0,0,0,0,0,0,0),(3680,26,4389,1,0,1,0,0,0,0,0,0,0,0,0,0),(3679,26,644,2,0,1,0,0,0,0,0,0,0,0,0,0),(3678,26,7024,1,0,1,0,0,0,0,0,0,0,0,0,0),(3677,26,2229,1,0,1,0,0,0,0,0,0,0,0,0,0),(3676,26,2421,1,64,1,0,0,0,0,0,0,0,0,0,0),(3675,26,2524,1,4,1,0,0,0,0,0,0,0,0,0,0),(3670,26,2353,1,0,1,0,0,0,0,0,0,0,0,0,0),(3669,26,2001,1,0,1,0,0,0,0,0,0,0,0,0,0),(3668,26,2353,1,0,1,0,0,0,0,0,0,0,0,0,0),(3641,44,504,1,0,1,0,0,0,0,0,0,0,0,0,0),(3751,47,1207,1,32,1,0,0,0,0,0,0,0,0,0,0),(3667,26,2322,1,0,1,0,0,0,0,0,0,0,0,0,0),(3666,26,2001,1,0,1,0,0,0,0,0,0,0,0,0,0),(3665,26,2308,1,0,1,0,0,0,0,0,0,0,0,0,0),(3664,26,2622,1,0,1,0,0,0,0,0,0,0,0,0,0),(3663,26,2322,1,0,1,0,0,0,0,0,0,0,0,0,0),(3662,26,2254,1,0,1,0,0,0,0,0,0,0,0,0,0),(3661,26,2353,1,0,1,0,0,0,0,0,0,0,0,0,0),(3660,26,2322,1,0,1,0,0,0,0,0,0,0,0,0,0),(3659,26,2353,1,0,1,0,0,0,0,0,0,0,0,0,0),(3712,47,22040,2,0,1,0,0,0,0,0,0,0,0,0,0),(3658,26,2322,1,0,1,0,0,0,0,0,0,0,0,0,0),(3657,26,7063,5,0,1,0,0,0,0,0,0,0,0,0,0),(3655,44,2274,1,0,1,0,0,0,0,0,0,0,0,0,0),(3312,44,1002,1,0,1,0,0,0,0,0,0,0,0,0,0),(3671,44,607,1,0,1,0,0,0,0,0,0,0,0,0,0),(3653,44,603,1,0,1,0,0,0,0,0,0,0,0,0,0),(3652,26,617,4,0,1,0,0,0,0,0,0,0,0,0,0),(3651,26,7510,4,0,1,0,0,0,0,0,0,0,0,0,0),(3650,26,4405,2,0,1,0,0,0,0,0,0,0,0,0,0),(3649,26,757,2,0,1,0,0,0,0,0,0,0,0,0,0),(3648,26,2308,1,0,1,0,0,0,0,0,0,0,0,0,0),(3647,26,2622,1,0,1,0,0,0,0,0,0,0,0,0,0),(3646,26,716,2,0,1,0,0,0,0,0,0,0,0,0,0),(3645,26,7054,2,0,1,0,0,0,0,0,0,0,0,0,0),(4106,53,2393,1,16,1,0,0,0,0,0,0,0,0,0,0),(3360,44,601,64,0,1,0,0,0,0,0,0,0,0,0,0),(3298,46,22040,5,0,1,0,0,0,0,0,0,0,0,0,0),(3740,31,22007,1,0,1,0,0,0,0,0,0,0,0,0,0),(3359,44,2001,1,0,1,0,0,0,0,0,0,0,0,0,0),(3358,44,2353,1,0,0,0,0,0,0,0,0,0,0,0,0),(12199,84,1763,1,0,1,0,0,0,0,0,0,0,0,0,0),(3357,44,7063,6,0,1,0,0,0,0,0,0,0,0,0,0),(3356,44,2001,1,0,1,0,0,0,0,0,0,0,0,0,0),(12198,84,1755,1,0,1,0,0,0,0,0,0,0,0,0,0),(3354,44,7510,2,0,1,0,0,0,0,0,0,0,0,0,0),(3644,26,7511,17,0,1,0,0,0,0,0,0,0,0,0,0),(3643,44,2610,1,0,1,0,0,0,0,0,0,0,0,0,0),(16297,114,7013,2,0,1,0,0,0,0,0,0,0,0,0,0),(3639,44,12002,1,0,1,0,0,0,0,0,0,0,0,0,0),(12197,84,1753,1,0,1,0,0,0,0,0,0,0,0,0,0),(16293,114,504,1,0,1,0,0,0,0,0,0,0,0,0,0),(3750,47,601,189,0,1,0,0,0,0,0,0,0,0,0,0),(12196,84,1757,1,0,1,0,0,0,0,0,0,0,0,0,0),(3698,44,1550,1,2,1,0,0,4140,4140,4140,0,0,0,0,0),(3717,48,22460,1,1,1,0,0,0,0,0,0,0,0,0,0),(11966,18,30040,1,0,1,0,0,0,0,0,0,0,0,0,0),(4076,37,714,4,0,1,0,0,0,0,0,0,0,0,0,0),(16306,114,508,1,0,1,0,0,0,0,0,0,0,0,0,0),(12195,84,1772,1,0,1,0,0,0,0,0,0,0,0,0,0),(7677,73,4417,1,0,1,0,0,0,0,0,0,0,0,0,0),(12314,91,2301,1,0,1,0,0,0,0,0,0,0,0,0,0),(4123,45,22007,1,0,1,0,0,0,0,0,0,0,0,0,0),(12621,34,2001,1,0,0,0,0,0,0,0,0,0,0,0,0),(4141,37,608,50,0,1,0,0,0,0,0,0,0,0,0,0),(4026,51,2393,1,16,1,0,0,0,0,0,0,0,0,0,0),(4025,51,5055,1,0,1,0,0,0,0,0,0,0,0,0,0),(4019,51,1201,1,2,1,0,0,0,0,0,0,0,0,0,0),(4020,51,2301,1,0,1,0,0,0,0,0,0,0,0,0,0),(4031,51,12208,2,0,1,0,0,0,0,0,0,0,0,0,0),(4032,51,955,4,0,1,0,0,0,0,0,0,0,0,0,0),(4033,51,938,6,0,1,0,0,0,0,0,0,0,0,0,0),(4034,51,990,2,0,1,0,0,0,0,0,0,0,0,0,0),(4035,51,4043,1,0,1,0,0,0,0,0,0,0,0,0,0),(4036,51,935,2,0,1,0,0,0,0,0,0,0,0,0,0),(4037,51,909,1,0,1,0,0,0,0,0,0,0,0,0,0),(4038,51,1105,1,0,0,0,0,0,0,0,0,0,0,0,0),(4039,51,2209,1,0,0,0,0,0,0,0,0,0,0,0,0),(4040,51,913,1,0,1,0,0,0,0,0,0,0,0,0,0),(4041,51,1002,3,0,1,0,0,0,0,0,0,0,0,0,0),(4042,51,1001,1,0,1,0,0,0,0,0,0,0,0,0,0),(4043,51,757,2,0,1,0,0,0,0,0,0,0,0,0,0),(4044,51,4013,1,0,1,0,0,0,0,0,0,0,0,0,0),(4045,51,910,2,0,1,0,0,0,0,0,0,0,0,0,0),(4046,51,993,1,0,1,0,0,0,0,0,0,0,0,0,0),(4089,37,601,38,0,1,0,0,0,0,0,0,0,0,0,0),(16292,114,1128,1,0,1,0,0,0,0,0,0,0,0,0,0),(4122,45,2621,1,8,1,0,0,4079,0,0,0,0,0,0,0),(4121,45,2621,1,128,1,0,0,4079,0,0,0,0,0,0,0),(4379,38,1208,1,0,1,0,0,4092,4092,4092,4092,0,0,0,0),(12598,92,4205,1,0,1,0,0,0,0,0,0,0,0,0,0),(10298,29,2524,1,4,1,7,0,4133,0,0,0,0,0,0,0),(4083,52,22040,35,0,1,0,0,0,0,0,0,0,0,0,0),(9041,83,1201,1,0,1,0,0,0,0,0,0,0,0,0,0),(16305,114,7035,1,0,1,0,0,0,0,0,0,0,0,0,0),(12579,92,7122,1,0,1,0,0,0,0,0,0,0,0,0,0),(8969,73,30061,1,256,1,0,0,0,0,0,0,0,0,0,0),(12193,84,1754,1,0,1,0,0,0,0,0,0,0,0,0,0),(12597,63,616,1,0,1,0,0,0,0,0,0,0,0,0,0),(4065,38,5074,1,512,1,0,0,0,0,0,0,0,0,0,0),(4077,37,2322,1,16,1,0,0,4346,0,0,0,0,0,0,0),(4078,37,2424,1,64,1,0,0,4100,0,0,0,0,0,0,0),(4079,37,2518,1,4,1,0,0,0,0,0,0,0,0,0,0),(4080,37,2621,1,8,1,0,0,4079,0,0,0,0,0,0,0),(12192,84,22040,2,0,1,0,0,0,0,0,0,0,0,0,0),(4082,37,1822,1,0,1,0,0,4035,4035,4035,4035,0,0,0,0),(7676,73,995,1,0,1,0,0,0,0,0,0,0,0,0,0),(12191,18,22396,1,0,1,0,0,0,0,0,0,0,0,0,0),(4120,45,5141,1,256,1,0,0,4411,0,0,0,0,0,0,0),(16270,114,1059,4,0,1,0,0,0,0,0,0,0,0,0,0),(16269,114,2319,1,0,1,0,0,0,0,0,0,0,0,0,0),(4131,54,22460,1,0,1,0,0,0,0,0,0,0,0,0,0),(8998,34,1618,1,0,1,0,0,0,0,0,0,0,0,0,0),(16268,114,716,3,0,1,0,0,0,0,0,0,0,0,0,0),(11872,31,722,2,0,1,0,0,0,0,0,0,0,0,0,0),(11871,31,1008,1,0,1,0,0,0,0,0,0,0,0,0,0),(5663,53,1360,1,34,1,0,0,0,0,0,0,0,0,0,0),(12574,92,4429,1,0,1,0,0,0,0,0,0,0,0,0,0),(5775,29,608,12,0,1,0,0,0,0,0,0,0,0,0,0),(12255,89,1201,1,2,1,0,0,0,0,0,0,0,0,0,0),(4385,38,678,4,0,1,0,0,0,0,0,0,0,0,0,0),(12745,92,909,1,0,1,0,0,0,0,0,0,0,0,0,0),(5616,52,22513,1,1,1,0,0,4206,0,0,0,0,0,0,0),(4373,37,939,3,0,1,0,0,0,0,0,0,0,0,0,0),(8453,66,2417,1,64,1,0,0,0,0,0,0,0,0,0,0),(12190,18,22395,1,0,1,0,0,0,0,0,0,0,0,0,0),(5739,61,2660,1,128,1,0,0,0,0,0,0,0,0,0,0),(5032,37,2660,1,128,1,0,0,0,0,0,0,0,0,0,0),(7441,73,1226,1,32,1,0,0,0,0,0,0,0,0,0,0),(12561,94,2301,1,0,1,0,0,0,0,0,0,0,0,0,0),(4298,52,1713,1,34,1,0,0,4140,0,0,0,0,0,0,0),(9216,73,1163,1,0,0,0,0,0,0,0,0,0,0,0,0),(11870,31,732,12,0,1,0,0,0,0,0,0,0,0,0,0),(4194,37,1822,1,2,1,0,0,4140,4140,4140,4140,0,0,0,0),(5382,59,656,8,0,1,0,0,0,0,0,0,0,0,0,0),(7162,73,1201,1,2,1,0,0,0,0,0,0,0,0,0,0),(15140,76,512,1,0,1,0,0,0,0,0,0,0,0,0,0),(14631,71,721,3,0,1,0,0,0,0,0,0,0,0,0,0),(12741,63,678,30,0,1,0,0,0,0,0,0,0,0,0,0),(15598,126,2404,1,64,1,0,0,4376,0,0,0,0,0,0,0),(15582,18,22509,1,0,1,0,0,0,0,0,0,0,0,0,0),(12737,92,4199,1,0,1,0,0,0,0,0,0,0,0,0,0),(12581,92,4433,4,0,1,0,0,0,0,0,0,0,0,0,0),(16125,31,2703,1,8,1,0,0,0,0,0,0,0,0,0,0),(11869,31,7036,3,0,1,0,0,0,0,0,0,0,0,0,0),(5031,37,30017,1,1,1,0,0,0,0,0,0,0,0,0,0),(12519,92,601,178,0,1,0,0,0,0,0,0,0,0,0,0),(5030,37,22122,1,256,1,0,0,0,0,0,0,0,0,0,0),(15443,18,22250,1,0,1,0,0,0,0,0,0,0,0,0,0),(16311,114,512,1,0,1,0,0,0,0,0,0,0,0,0,0),(7373,67,1230,1,0,1,0,0,0,0,0,0,0,0,0,0),(5083,59,2269,1,1,1,0,0,0,0,0,0,0,0,0,0),(5740,61,2701,1,8,1,0,0,0,0,0,0,0,0,0,0),(5517,56,13027,1,0,0,0,0,0,0,0,0,0,0,0,0),(15139,76,938,1,0,1,0,0,0,0,0,0,0,0,0,0),(8810,66,607,3,0,1,0,0,0,0,0,0,0,0,0,0),(12736,92,4111,4,0,1,0,0,0,0,0,0,0,0,0,0),(4300,29,601,243,0,1,0,0,0,0,0,0,0,0,0,0),(16291,114,4102,1,0,1,0,0,0,0,0,0,0,0,0,0),(12546,92,4048,1,0,1,0,0,0,0,0,0,0,0,0,0),(15699,87,22040,7,0,1,0,0,0,0,0,0,0,0,0,0),(12558,93,1201,1,0,1,0,0,0,0,0,0,0,0,0,0),(12544,92,1208,1,0,1,0,0,0,0,0,0,0,0,0,0),(12550,92,1208,1,32,1,0,0,4126,4126,4126,4126,0,0,0,0),(5074,37,2115,1,0,0,0,0,0,0,0,0,0,0,0,0),(4994,59,604,10,0,1,0,0,0,0,0,0,0,0,0,0),(5073,37,2115,1,0,0,0,0,0,0,0,0,0,0,0,0),(4364,55,1354,1,34,1,0,0,0,0,0,0,0,0,0,0),(4365,55,1360,1,0,1,0,0,0,0,0,0,0,0,0,0),(12556,92,4138,10,0,1,0,0,0,0,0,0,0,0,0,0),(4388,38,22007,1,0,1,0,0,0,0,0,0,0,0,0,0),(5615,52,22421,1,512,1,0,0,4206,0,0,0,0,0,0,0),(9408,66,22040,22,0,1,0,0,0,0,0,0,0,0,0,0),(15118,76,2270,1,0,1,0,0,0,0,0,0,0,0,0,0),(4403,29,22389,1,512,1,0,0,0,0,0,0,0,0,0,0),(12560,94,1201,1,0,1,0,0,0,0,0,0,0,0,0,0),(12559,93,2301,1,0,1,0,0,0,0,0,0,0,0,0,0),(15149,104,22011,1,0,1,0,0,0,0,0,0,0,0,0,0),(4600,29,12020,7,0,1,0,0,0,0,0,0,0,0,0,0),(14718,76,2299,1,256,1,0,0,0,0,0,0,0,0,0,0),(12521,87,1230,1,2,1,0,0,0,0,0,0,0,0,0,0),(12537,92,2274,1,256,1,0,0,0,0,0,0,0,0,0,0),(12617,34,22511,1,1,1,0,0,4403,0,0,0,0,0,0,0),(12189,18,22385,1,0,1,0,0,0,0,0,0,0,0,0,0),(12188,18,22390,1,0,1,0,0,0,0,0,0,0,0,0,0),(4938,59,1753,221,0,1,0,0,0,0,0,0,0,0,0,0),(4937,59,1751,448,32768,1,0,0,0,0,0,0,0,0,0,0),(4936,59,1755,1,0,1,0,0,0,0,0,0,0,0,0,0),(4935,59,1752,2,0,1,0,0,0,0,0,0,0,0,0,0),(15870,81,603,2,0,1,0,0,0,0,0,0,0,0,0,0),(4933,59,602,1,0,1,0,0,0,0,0,0,0,0,0,0),(5056,37,7444,1,0,1,0,0,0,0,0,0,0,0,0,0),(16290,114,2282,1,0,1,0,0,0,0,0,0,0,0,0,0),(15698,76,1614,1,0,0,0,0,0,0,0,0,0,0,0,0),(4581,37,22040,3,0,1,0,0,0,0,0,0,0,0,0,0),(5054,37,732,1,0,1,0,0,0,0,0,0,0,0,0,0),(15117,76,905,5,0,1,0,0,0,0,0,0,0,0,0,0),(5160,59,525,3,0,1,0,0,0,0,0,0,0,0,0,0),(16289,114,714,2,0,1,0,0,0,0,0,0,0,0,0,0),(9252,83,757,1,0,1,0,0,0,0,0,0,0,0,0,0),(12577,92,994,1,0,1,0,0,0,0,0,0,0,0,0,0),(14112,104,2344,1,0,1,0,0,0,0,0,0,0,0,0,0),(16288,114,1065,1,0,1,0,0,0,0,0,0,0,0,0,0),(4814,50,22040,34,0,1,0,0,0,0,0,0,0,0,0,0),(16287,114,757,1,0,1,0,0,0,0,0,0,0,0,0,0),(16286,114,2626,1,0,1,0,0,0,0,0,0,0,0,0,0),(16196,114,22011,1,0,1,0,0,0,0,0,0,0,0,0,0),(4989,59,511,4,0,1,0,0,0,0,0,0,0,0,0,0),(16284,114,7005,1,0,1,0,0,0,0,0,0,0,0,0,0),(9251,83,507,2,0,1,0,0,0,0,0,0,0,0,0,0),(4563,57,2301,1,16,1,0,0,0,0,0,0,0,0,0,0),(4562,57,1201,1,2,1,0,0,0,0,0,0,0,0,0,0),(5133,59,2504,1,4,1,0,0,0,0,0,0,0,0,0,0),(5614,52,22121,1,256,1,0,0,4206,0,0,0,0,0,0,0),(16283,114,984,2,0,1,0,0,0,0,0,0,0,0,0,0),(10294,29,2357,1,16,1,7,0,4302,0,0,0,0,0,0,0),(16282,114,985,1,0,1,0,0,0,0,0,0,0,0,0,0),(5067,37,725,1,0,1,0,0,0,0,0,0,0,0,0,0),(16281,114,2507,1,0,1,0,0,0,0,0,0,0,0,0,0),(15697,76,984,4,0,1,0,0,0,0,0,0,0,0,0,0),(9405,66,2270,1,1,1,0,0,0,0,0,0,0,0,0,0),(4972,58,1408,1,2,1,0,0,4140,4140,4140,4140,0,0,0,0),(16263,114,1162,1,0,1,0,0,0,0,0,0,0,0,0,0),(15439,18,22245,1,0,1,0,0,0,0,0,0,0,0,0,0),(4757,59,1201,1,0,1,0,0,0,0,0,0,0,0,0,0),(12187,18,22360,1,0,1,0,0,0,0,0,0,0,0,0,0),(15116,76,7100,4,0,1,0,0,0,0,0,0,0,0,0,0),(4834,50,2440,1,64,1,0,0,0,0,0,0,0,0,0,0),(8593,65,2199,1,0,1,0,0,0,0,0,0,0,0,0,0),(4602,52,2624,1,128,1,0,0,4064,0,0,0,0,0,0,0),(4601,52,2624,1,8,1,0,0,4064,0,0,0,0,0,0,0),(5516,56,7751,1,0,1,0,0,0,0,0,0,0,0,0,0),(5122,59,2404,1,64,1,0,0,0,0,0,0,0,0,0,0),(12186,18,22340,1,0,1,0,0,0,0,0,0,0,0,0,0),(5532,56,2528,1,0,0,0,0,0,0,0,0,0,0,0,0),(12185,18,22300,1,0,1,0,0,0,0,0,0,0,0,0,0),(15438,31,983,1,0,1,0,0,0,0,0,0,0,0,0,0),(16024,79,4160,1,0,1,0,0,0,0,0,0,0,0,0,0),(5327,30,22007,2,0,1,0,0,0,0,0,0,0,0,0,0),(12223,87,2393,1,16,1,0,0,0,0,0,0,0,0,0,0),(9250,83,721,1,0,1,0,0,0,0,0,0,0,0,0,0),(9249,83,943,2,0,1,0,0,0,0,0,0,0,0,0,0),(15138,76,909,1,0,1,0,0,0,0,0,0,0,0,0,0),(16267,114,1557,1,0,1,0,0,0,0,0,0,0,0,0,0),(12184,18,22260,1,0,1,3,0,0,0,0,0,0,0,0,0),(5515,56,601,157,0,1,0,0,0,0,0,0,0,0,0,0),(8366,75,2301,1,0,1,0,0,0,0,0,0,0,0,0,0),(5472,48,4415,1,0,1,0,0,0,0,0,0,0,0,0,0),(5471,48,4418,2,0,1,0,0,0,0,0,0,0,0,0,0),(5519,56,1220,1,32,1,0,0,4086,4086,0,0,0,0,0,0),(5386,30,1505,1,2,1,0,0,4140,4140,4140,4140,0,0,0,0),(8365,75,1201,1,2,1,0,0,0,0,0,0,0,0,0,0),(14111,104,2199,1,0,1,0,0,0,0,0,0,0,0,0,0),(14630,71,943,2,0,1,0,0,0,0,0,0,0,0,0,0),(7078,71,12208,1,0,1,0,0,0,0,0,0,0,0,0,0),(5336,52,2424,1,64,1,0,0,0,0,0,0,0,0,0,0),(5335,52,2528,1,4,1,0,0,0,0,0,0,0,0,0,0),(14110,104,1599,1,0,1,0,0,0,0,0,0,0,0,0,0),(5434,52,1759,45,0,1,0,0,0,0,0,0,0,0,0,0),(15137,76,2270,1,0,1,0,0,0,0,0,0,0,0,0,0),(5485,56,22040,3,0,1,0,0,0,0,0,0,0,0,0,0),(6541,65,22513,1,1,1,0,0,0,0,0,0,0,0,0,0),(5484,48,4417,1,0,1,0,0,0,0,0,0,0,0,0,0),(16266,114,1241,1,0,1,0,0,0,0,0,0,0,0,0,0),(6136,59,12006,7,0,1,0,0,0,0,0,0,0,0,0,0),(15921,50,5085,1,0,0,0,0,0,0,0,0,0,0,0,0),(5518,56,1219,1,2,1,0,0,4086,4086,0,0,0,0,0,0),(14591,71,743,1,0,1,0,0,0,0,0,0,0,0,0,0),(6135,59,608,1,0,1,0,0,0,0,0,0,0,0,0,0),(5439,59,1750,1,0,1,0,0,0,0,0,0,0,0,0,0),(5422,52,1731,1,0,1,0,0,0,0,0,0,0,0,0,0),(15550,18,22124,1,0,1,0,0,0,0,0,0,0,0,0,0),(5511,56,710,1,0,1,0,0,0,0,0,0,0,0,0,0),(14109,104,14545,2,0,1,0,0,0,0,0,0,0,0,0,0),(5409,30,2424,1,64,1,0,0,4376,0,0,0,0,0,0,0),(5512,56,512,1,0,1,0,0,0,0,0,0,0,0,0,0),(5510,56,509,1,0,1,0,0,0,0,0,0,0,0,0,0),(15436,31,2554,1,4,1,0,0,4174,0,0,0,0,0,0,0),(5462,56,2621,1,128,1,0,0,0,0,0,0,0,0,0,0),(5461,56,2621,1,8,1,0,0,0,0,0,0,0,0,0,0),(8419,75,528,1,0,1,0,0,0,0,0,0,0,0,0,0),(8418,75,517,1,0,1,0,0,0,0,0,0,0,0,0,0),(8417,75,2308,1,0,0,0,0,0,0,0,0,0,0,0,0),(14590,71,7033,1,0,1,0,0,0,0,0,0,0,0,0,0),(8416,75,920,1,0,1,0,0,0,0,0,0,0,0,0,0),(7574,73,4418,2,0,1,0,0,0,0,0,0,0,0,0,0),(7573,73,1731,1,0,1,0,0,0,0,0,0,0,0,0,0),(7822,74,2609,1,8,1,0,0,0,0,0,0,0,0,0,0),(8415,75,4029,1,0,1,0,0,0,0,0,0,0,0,0,0),(12498,92,2285,1,0,1,0,0,0,0,0,0,0,0,0,0),(12424,89,2418,1,64,1,0,0,0,0,0,0,0,0,0,0),(8414,75,2308,1,0,0,0,0,0,0,0,0,0,0,0,0),(7178,72,12208,1,0,1,0,0,0,0,0,0,0,0,0,0),(8413,75,1011,3,0,1,0,0,0,0,0,0,0,0,0,0),(7140,64,1822,1,2,1,0,0,4140,4140,4140,4140,0,0,0,0),(8412,75,2220,1,0,0,0,0,0,0,0,0,0,0,0,0),(8411,75,2220,1,0,0,0,0,0,0,0,0,0,0,0,0),(10679,30,22040,6,0,1,0,0,0,0,0,0,0,0,0,0),(9150,73,1168,1,0,0,0,0,0,0,0,0,0,0,0,0),(7173,73,2393,1,16,1,0,0,0,0,0,0,0,0,0,0),(16008,126,2336,1,0,0,0,0,0,0,0,0,0,0,0,0),(12497,92,2624,1,0,1,0,0,4064,0,0,0,0,0,0,0),(5681,52,1754,1681,32768,1,0,0,0,0,0,0,0,0,0,0),(12506,78,949,4,0,1,0,0,0,0,0,0,0,0,0,0),(7572,73,7561,6,0,1,0,0,0,0,0,0,0,0,0,0),(5874,64,601,219,0,1,0,0,0,0,0,0,0,0,0,0),(8410,75,2220,1,0,0,0,0,0,0,0,0,0,0,0,0),(12557,92,1208,1,0,1,0,0,4035,4035,4035,4035,0,0,0,0),(9248,83,911,1,0,1,0,0,0,0,0,0,0,0,0,0),(11194,76,1361,1,34,1,0,0,4029,4029,0,0,0,0,0,0),(15435,119,22040,1,0,1,0,0,0,0,0,0,0,0,0,0),(15434,118,22040,2,0,1,0,0,0,0,0,0,0,0,0,0),(14019,95,1201,1,0,1,0,0,0,0,0,0,0,0,0,0),(9247,83,1031,2,0,1,0,0,0,0,0,0,0,0,0,0),(15471,18,22492,1,0,1,0,0,0,0,0,0,0,0,0,0),(6511,52,4087,1,0,1,0,0,0,0,0,0,0,0,0,0),(6510,52,1003,1,0,1,0,0,0,0,0,0,0,0,0,0),(6509,52,997,1,0,1,0,0,0,0,0,0,0,0,0,0),(6508,52,601,130,0,1,0,0,0,0,0,0,0,0,0,0),(9246,83,993,1,0,1,0,0,0,0,0,0,0,0,0,0),(5700,52,607,4,0,1,0,0,0,0,0,0,0,0,0,0),(15396,117,2301,1,0,1,0,0,0,0,0,0,0,0,0,0),(11159,76,601,14,0,1,0,0,0,0,0,0,0,0,0,0),(15920,81,7165,2,0,1,0,0,0,0,0,0,0,0,0,0),(7278,73,1226,1,0,1,0,0,0,0,0,0,0,0,0,0),(6176,59,2310,1,16,1,0,0,0,0,0,0,0,0,0,0),(16476,132,732,17,0,1,0,0,0,0,0,0,0,0,0,0),(12575,92,4428,2,0,1,0,0,0,0,0,0,0,0,0,0),(16243,114,995,1,0,1,0,0,0,0,0,0,0,0,0,0),(12534,92,4221,1,0,1,0,0,0,0,0,0,0,0,0,0),(6174,59,4074,1,0,1,0,0,0,0,0,0,0,0,0,0),(14629,71,911,2,0,1,0,0,0,0,0,0,0,0,0,0),(15470,18,22493,1,0,1,0,0,0,0,0,0,0,0,0,0),(12407,91,4158,2,0,1,0,0,0,0,0,0,0,0,0,0),(16139,31,22011,1,0,1,0,0,0,0,0,0,0,0,0,0),(12406,91,4279,2,0,1,0,0,0,0,0,0,0,0,0,0),(9245,83,997,6,0,1,0,0,0,0,0,0,0,0,0,0),(6141,59,547,1,0,1,0,0,0,0,0,0,0,0,0,0),(16261,61,13017,1,0,1,10,0,0,0,0,0,0,0,0,0),(6139,59,546,2,0,1,0,0,0,0,0,0,0,0,0,0),(6172,59,4079,1,0,1,0,0,0,0,0,0,0,0,0,0),(9244,83,7264,4,0,1,0,0,0,0,0,0,0,0,0,0),(9243,83,969,3,0,1,0,0,0,0,0,0,0,0,0,0),(10675,72,2522,1,4,1,0,0,0,0,0,0,0,0,0,0),(7304,73,7066,35,0,1,0,0,0,0,0,0,0,0,0,0),(6323,59,998,1,0,1,0,0,0,0,0,0,0,0,0,0),(7571,73,1731,1,0,1,0,0,0,0,0,0,0,0,0,0),(6322,59,4087,1,0,1,0,0,0,0,0,0,0,0,0,0),(9242,83,7004,5,0,1,0,0,0,0,0,0,0,0,0,0),(9241,83,22040,1,0,1,0,0,0,0,0,0,0,0,0,0),(6369,59,4296,1,0,1,0,0,0,0,0,0,0,0,0,0),(16136,81,2621,1,0,1,0,0,0,0,0,0,0,0,0,0),(6319,59,757,1,0,1,0,0,0,0,0,0,0,0,0,0),(7626,73,1731,1,0,1,0,0,0,0,0,0,0,0,0,0),(6318,59,1003,1,0,1,0,0,0,0,0,0,0,0,0,0),(6317,59,4092,2,0,1,0,0,0,0,0,0,0,0,0,0),(7625,73,985,1,0,1,0,0,0,0,0,0,0,0,0,0),(7337,71,1117,1,34,1,0,0,0,0,0,0,0,0,0,0),(15110,76,2270,1,0,1,0,0,0,0,0,0,0,0,0,0),(7335,71,2220,1,256,1,0,0,0,0,0,0,0,0,0,0),(15109,76,2270,1,0,1,0,0,0,0,0,0,0,0,0,0),(15791,126,4360,5,0,1,0,0,0,0,0,0,0,0,0,0),(14628,71,511,23,0,1,0,0,0,0,0,0,0,0,0,0),(15430,122,2301,1,16,1,0,0,0,0,0,0,0,0,0,0),(15429,122,1201,1,2,1,0,0,0,0,0,0,0,0,0,0),(11152,76,2408,1,64,1,0,0,0,0,0,0,0,0,0,0),(6259,65,22040,45,0,1,0,0,0,0,0,0,0,0,0,0),(11151,76,2339,1,16,1,0,0,0,0,0,0,0,0,0,0),(7257,71,22040,14,0,1,0,0,0,0,0,0,0,0,0,0),(15428,121,2301,1,0,1,0,0,0,0,0,0,0,0,0,0),(15427,121,1201,1,0,1,0,0,0,0,0,0,0,0,0,0),(7570,73,1731,1,0,1,0,0,0,0,0,0,0,0,0,0),(6264,48,2344,1,16,1,0,0,0,0,0,0,0,0,0,0),(15426,120,2301,1,0,1,0,0,0,0,0,0,0,0,0,0),(12254,34,1919,1,0,1,0,0,0,0,0,0,0,0,0,0),(15425,120,1201,1,0,1,0,0,0,0,0,0,0,0,0,0),(15919,81,2327,1,0,1,0,0,0,0,0,0,0,0,0,0),(15918,81,1008,1,0,1,0,0,0,0,0,0,0,0,0,0),(16280,114,2319,1,0,1,0,0,0,0,0,0,0,0,0,0),(16049,78,1309,1,0,1,10,0,0,0,0,0,0,0,0,0),(6236,48,1407,1,0,1,0,0,0,0,0,0,0,0,0,0),(6237,48,22124,1,256,1,0,0,0,0,0,0,0,0,0,0),(6238,48,2115,1,0,1,0,0,0,0,0,0,0,0,0,0),(7569,73,1819,1,0,1,0,0,0,0,0,0,0,0,0,0),(7568,73,757,2,0,1,0,0,0,0,0,0,0,0,0,0),(8409,75,2220,1,0,0,0,0,0,0,0,0,0,0,0,0),(8408,75,921,4,0,1,0,0,0,0,0,0,0,0,0,0),(9240,83,1207,1,2,1,0,0,0,0,0,0,0,0,0,0),(8398,75,935,2,0,1,0,0,0,0,0,0,0,0,0,0),(15108,76,2270,1,0,1,0,0,0,0,0,0,0,0,0,0),(16135,81,2610,1,0,1,0,0,0,0,0,0,0,0,0,0),(8397,75,1002,2,0,1,0,0,0,0,0,0,0,0,0,0),(12249,85,4417,2,0,1,0,0,0,0,0,0,0,0,0,0),(15136,76,2270,1,0,1,0,0,0,0,0,0,0,0,0,0),(14387,71,2621,1,0,1,0,0,0,0,0,0,0,0,0,0),(9010,73,2680,1,0,0,0,0,0,0,0,0,0,0,0,0),(9009,73,994,1,0,1,0,0,0,0,0,0,0,0,0,0),(15917,81,13047,1,0,1,0,0,0,0,0,0,0,0,0,0),(8396,75,713,3,0,1,0,0,0,0,0,0,0,0,0,0),(8395,75,938,4,0,1,0,0,0,0,0,0,0,0,0,0),(14282,107,2301,1,0,1,0,0,0,0,0,0,0,0,0,0),(16047,78,2701,1,128,1,0,0,0,0,0,0,0,0,0,0),(15469,18,5322,1,0,1,0,0,0,0,0,0,0,0,0,0),(8394,75,909,1,0,1,0,0,0,0,0,0,0,0,0,0),(12248,85,749,2,0,1,0,0,0,0,0,0,0,0,0,0),(9008,73,1730,1,0,0,0,0,0,0,0,0,0,0,0,0),(6698,30,7826,1,0,1,0,0,0,0,0,0,0,0,0,0),(12247,88,2301,1,16,1,0,0,0,0,0,0,0,0,0,0),(8393,75,1010,2,0,1,0,0,0,0,0,0,0,0,0,0),(8307,68,994,1,0,1,0,0,0,0,0,0,0,0,0,0),(6643,68,716,1,0,1,0,0,0,0,0,0,0,0,0,0),(14108,97,510,49,0,1,0,0,0,0,0,0,0,0,0,0),(14107,97,1254,1,34,1,0,0,0,0,0,0,0,0,0,0),(14627,71,711,21,0,1,0,0,0,0,0,0,0,0,0,0),(8392,48,1478,1,34,1,0,0,0,0,0,0,0,0,0,0),(8391,48,2680,1,0,1,0,0,0,0,0,0,0,0,0,0),(12246,88,1201,1,2,1,0,0,0,0,0,0,0,0,0,0),(16046,78,2701,1,0,1,0,0,0,0,0,0,0,0,0,0),(10669,72,2617,1,8,1,0,0,0,0,0,0,0,0,0,0),(7170,64,2518,1,4,1,0,0,0,0,0,0,0,0,0,0),(12245,78,1731,1,0,0,0,0,0,0,0,0,0,0,0,0),(14445,65,2650,1,0,1,0,0,0,0,0,0,0,0,0,0),(9239,83,1207,1,32,1,0,0,0,0,0,0,0,0,0,0),(15916,81,1014,1,0,1,0,0,0,0,0,0,0,0,0,0),(14281,107,1201,1,0,1,0,0,0,0,0,0,0,0,0,0),(10603,71,2408,1,64,1,0,0,0,0,0,0,0,0,0,0),(10602,71,2618,1,0,1,0,0,0,0,0,0,0,0,0,0),(16279,114,1009,4,0,1,0,0,0,0,0,0,0,0,0,0),(6632,68,2301,1,0,1,0,0,0,0,0,0,0,0,0,0),(16045,78,30024,1,0,1,0,0,0,0,0,0,0,0,0,0),(14106,104,2301,1,0,1,0,0,0,0,0,0,0,0,0,0),(14626,71,7100,23,0,1,0,0,0,0,0,0,0,0,0,0),(16134,81,2621,1,0,1,0,0,0,0,0,0,0,0,0,0),(6642,68,601,53,0,1,0,0,0,0,0,0,0,0,0,0),(12317,34,1920,1,0,0,0,0,0,0,0,0,0,0,0,0),(6612,67,7264,1,0,1,0,0,0,0,0,0,0,0,0,0),(6639,68,1730,1,0,0,0,0,0,0,0,0,0,0,0,0),(6610,30,2115,1,32,1,4,0,4128,0,0,0,0,0,0,0),(12316,34,2680,1,0,0,0,0,0,0,0,0,0,0,0,0),(6608,67,569,14,0,1,0,0,0,0,0,0,0,0,0,0),(12616,34,22166,1,256,1,0,0,4403,0,0,0,0,0,0,0),(6607,67,2112,1,0,1,0,0,0,0,0,0,0,0,0,0),(6606,67,2510,1,0,1,0,0,0,0,0,0,0,0,0,0),(6605,67,2414,1,0,1,0,0,0,0,0,0,0,0,0,0),(6579,67,2301,1,0,1,0,0,0,0,0,0,0,0,0,0),(6578,67,1201,1,0,1,0,0,0,0,0,0,0,0,0,0),(8997,34,617,8,0,1,0,0,0,0,0,0,0,0,0,0),(16278,114,1557,1,0,1,0,0,0,0,0,0,0,0,0,0),(6603,67,5055,1,0,1,0,0,0,0,0,0,0,0,0,0),(6486,65,714,1,0,1,0,0,0,0,0,0,0,0,0,0),(10598,71,2265,1,1,1,0,0,0,0,0,0,0,0,0,0),(8390,48,2680,1,0,1,0,0,0,0,0,0,0,0,0,0),(8407,75,578,7,0,1,0,0,0,0,0,0,0,0,0,0),(7805,74,2270,1,1,1,0,0,0,0,0,0,0,0,0,0),(8406,75,2220,1,0,0,0,0,0,0,0,0,0,0,0,0),(8405,75,743,2,0,1,0,0,0,0,0,0,0,0,0,0),(12244,78,4418,1,0,1,0,0,0,0,0,0,0,0,0,0),(12243,78,1819,1,0,0,0,0,0,0,0,0,0,0,0,0),(12983,64,2374,1,16,1,0,0,4408,0,0,0,0,0,0,0),(8404,75,507,5,0,1,0,0,0,0,0,0,0,0,0,0),(15407,115,2621,1,0,0,0,0,0,0,0,0,0,0,0,0),(15406,119,2301,1,0,1,0,0,0,0,0,0,0,0,0,0),(6714,69,12208,2,0,1,0,0,0,0,0,0,0,0,0,0),(15395,117,1201,1,2,1,0,0,0,0,0,0,0,0,0,0),(7065,30,2374,1,16,1,0,0,4408,0,0,0,0,0,0,0),(6784,30,2528,1,4,1,7,0,4402,0,0,0,0,0,0,0),(6780,30,2703,1,8,1,0,0,4079,0,0,0,0,0,0,0),(6709,69,2393,1,16,1,0,0,0,0,0,0,0,0,0,0),(6779,30,2703,1,128,1,0,0,4079,0,0,0,0,0,0,0),(11168,76,949,1,0,1,0,0,0,0,0,0,0,0,0,0),(6706,69,1201,1,2,1,0,0,0,0,0,0,0,0,0,0),(12242,78,510,1,0,1,0,0,0,0,0,0,0,0,0,0),(6934,70,2301,1,0,1,0,0,0,0,0,0,0,0,0,0),(6933,70,1201,1,0,1,0,0,0,0,0,0,0,0,0,0),(12106,78,4160,1,0,1,0,0,0,0,0,0,0,0,0,0),(15107,76,511,7,0,1,0,0,0,0,0,0,0,0,0,0),(10293,29,2433,1,64,1,5,0,4131,0,0,0,0,0,0,0),(7312,69,22040,3,0,1,0,0,0,0,0,0,0,0,0,0),(14625,71,521,13,0,1,0,0,0,0,0,0,0,0,0,0),(8403,75,7033,4,0,1,0,0,0,0,0,0,0,0,0,0),(14105,104,1201,1,0,1,0,0,0,0,0,0,0,0,0,0),(6843,21,1226,1,2,1,0,0,0,0,0,0,0,0,0,0),(6842,21,1226,1,32,1,0,0,0,0,0,0,0,0,0,0),(12941,92,2115,1,0,1,0,0,0,0,0,0,0,0,0,0),(12541,92,4337,2,0,1,0,0,0,0,0,0,0,0,0,0),(11912,31,996,1,0,1,0,0,0,0,0,0,0,0,0,0),(12260,86,22040,1,0,1,0,0,0,0,0,0,0,0,0,0),(10616,72,2339,1,16,1,0,0,0,0,0,0,0,0,0,0),(7787,74,12208,2,0,1,0,0,0,0,0,0,0,0,0,0),(7786,74,569,16,0,1,0,0,0,0,0,0,0,0,0,0),(8402,75,2220,1,0,0,0,0,0,0,0,0,0,0,0,0),(8401,75,510,5,0,1,0,0,0,0,0,0,0,0,0,0),(8400,75,1202,1,0,0,0,0,0,0,0,0,0,0,0,0),(8399,48,1647,1,0,1,0,0,0,0,0,0,0,0,0,0),(8428,76,12208,2,0,1,0,0,0,0,0,0,0,0,0,0),(8379,75,12208,2,0,1,0,0,0,0,0,0,0,0,0,0),(8378,75,512,3,0,1,0,0,0,0,0,0,0,0,0,0),(12241,78,757,1,0,1,0,0,0,0,0,0,0,0,0,0),(12405,91,4215,1,0,1,0,0,0,0,0,0,0,0,0,0),(8377,75,569,16,0,1,0,0,0,0,0,0,0,0,0,0),(15405,119,1201,1,0,1,0,0,0,0,0,0,0,0,0,0),(15404,117,569,20,0,1,0,0,0,0,0,0,0,0,0,0),(12940,92,7510,2,0,1,0,0,0,0,0,0,0,0,0,0),(8946,78,1251,1,0,1,0,0,0,0,0,0,0,0,0,0),(8945,78,1251,1,0,1,0,0,4049,4049,4049,0,0,0,0,0),(16118,29,22011,1,0,1,0,0,0,0,0,0,0,0,0,0),(11116,79,611,18,0,1,0,0,0,0,0,0,0,0,0,0),(16073,21,30041,1,512,1,0,0,0,0,0,0,0,0,0,0),(8376,75,2112,1,0,1,0,0,0,0,0,0,0,0,0,0),(8592,65,1599,1,0,1,0,0,0,0,0,0,0,0,0,0),(15328,81,2729,1,128,1,0,0,0,0,0,0,0,0,0,0),(8337,48,4099,1,0,1,0,0,0,0,0,0,0,0,0,0),(8375,75,2510,1,0,1,0,0,0,0,0,0,0,0,0,0),(8374,75,2414,1,0,1,0,0,0,0,0,0,0,0,0,0),(16072,21,30021,1,256,1,0,0,0,0,0,0,0,0,0,0),(12531,92,13035,1,0,1,0,0,0,0,0,0,0,0,0,0),(12237,21,1731,1,0,0,0,0,0,0,0,0,0,0,0,0),(12236,21,1731,1,0,0,0,0,0,0,0,0,0,0,0,0),(15915,81,1223,1,0,1,0,0,0,0,0,0,0,0,0,0),(7950,74,2609,1,128,1,0,0,0,0,0,0,0,0,0,0),(12235,21,985,5,0,1,0,0,0,0,0,0,0,0,0,0),(8306,68,1701,1,0,0,0,0,0,0,0,0,0,0,0,0),(8373,75,2393,1,16,1,0,0,0,0,0,0,0,0,0,0),(12234,21,749,2,0,1,0,0,0,0,0,0,0,0,0,0),(14624,71,2270,1,0,0,0,0,0,0,0,0,0,0,0,0),(8372,75,5055,1,0,1,0,0,0,0,0,0,0,0,0,0),(12233,21,4417,1,0,1,0,0,0,0,0,0,0,0,0,0),(8308,68,7097,1,0,1,0,0,0,0,0,0,0,0,0,0),(12530,92,22040,11,0,1,0,0,0,0,0,0,0,0,0,0),(11924,31,995,1,0,1,0,0,0,0,0,0,0,0,0,0),(16023,79,549,5,0,1,0,0,0,0,0,0,0,0,0,0),(12529,92,4098,4,0,1,0,0,0,0,0,0,0,0,0,0),(11922,31,5093,1,0,1,0,0,0,0,0,0,0,0,0,0),(16071,21,2729,1,0,1,0,0,0,0,0,0,0,0,0,0),(12231,21,995,5,0,1,0,0,0,0,0,0,0,0,0,0),(12230,21,7066,7,0,1,0,0,0,0,0,0,0,0,0,0),(15166,85,7122,1,0,1,0,0,0,0,0,0,0,0,0,0),(16475,132,603,19,0,1,0,0,0,0,0,0,0,0,0,0),(12515,64,2703,1,128,1,0,0,0,0,0,0,0,0,0,0),(14097,97,4416,7,0,1,0,0,0,0,0,0,0,0,0,0),(15658,126,4368,4,0,1,0,0,0,0,0,0,0,0,0,0),(12402,91,22040,1,0,1,0,0,0,0,0,0,0,0,0,0),(7927,73,1230,1,0,1,0,0,0,0,0,0,0,0,0,0),(15657,126,4364,4,0,1,0,0,0,0,0,0,0,0,0,0),(12229,21,7561,5,0,1,0,0,0,0,0,0,0,0,0,0),(14231,105,2621,1,8,1,0,0,4079,0,0,0,0,0,0,0),(8009,74,2404,1,64,1,0,0,0,0,0,0,0,0,0,0),(12398,89,757,2,0,1,0,0,0,0,0,0,0,0,0,0),(12259,90,2301,1,0,1,0,0,0,0,0,0,0,0,0,0),(16116,78,745,1,0,1,0,0,0,0,0,0,0,0,0,0),(16070,21,2537,1,4,1,0,0,0,0,0,0,0,0,0,0),(15403,117,2112,1,32,1,0,0,0,0,0,0,0,0,0,0),(12345,89,4417,3,0,1,0,0,0,0,0,0,0,0,0,0),(15402,117,2510,1,4,1,0,0,0,0,0,0,0,0,0,0),(8765,66,1220,1,0,1,5,0,4092,4092,4092,0,0,0,0,0),(8764,66,1220,1,0,1,5,0,4025,4025,4025,0,0,0,0,0),(8944,82,2301,1,0,1,0,0,0,0,0,0,0,0,0,0),(8943,82,1201,1,2,1,0,0,0,0,0,0,0,0,0,0),(9001,78,1220,1,0,1,0,0,4049,4049,0,0,0,0,0,0),(8873,78,1251,1,0,1,0,0,0,0,0,0,0,0,0,0),(8872,78,1256,1,0,1,0,0,0,0,0,0,0,0,0,0),(12615,34,2651,1,0,0,0,0,0,0,0,0,0,0,0,0),(8733,78,2393,1,16,1,0,0,0,0,0,0,0,0,0,0),(8871,78,1257,1,0,1,0,0,0,0,0,0,0,0,0,0),(8870,78,1258,1,0,1,0,0,0,0,0,0,0,0,0,0),(8645,77,569,20,0,1,0,0,0,0,0,0,0,0,0,0),(8644,77,2112,1,0,1,0,0,0,0,0,0,0,0,0,0),(8643,77,2510,1,4,1,0,0,0,0,0,0,0,0,0,0),(8642,77,2414,1,64,1,0,0,0,0,0,0,0,0,0,0),(8607,65,1408,1,2,1,0,0,4140,4140,4140,4140,0,0,0,0),(8606,65,616,2,0,1,0,0,0,0,0,0,0,0,0,0),(8605,65,7513,2,0,1,0,0,0,0,0,0,0,0,0,0),(15966,126,2514,1,0,0,0,0,0,0,0,0,0,0,0,0),(15401,117,2414,1,64,1,0,0,0,0,0,0,0,0,0,0),(8641,77,2393,1,16,1,0,0,0,0,0,0,0,0,0,0),(8640,77,5055,1,256,1,0,0,0,0,0,0,0,0,0,0),(8639,77,2301,1,0,1,0,0,0,0,0,0,0,0,0,0),(8604,65,7507,5,0,1,0,0,0,0,0,0,0,0,0,0),(8638,77,1201,1,2,1,0,0,0,0,0,0,0,0,0,0),(8594,65,12214,11,0,1,0,0,0,0,0,0,0,0,0,0),(8838,33,601,1,0,1,0,0,0,0,0,0,0,0,0,0),(9000,78,1220,1,0,1,0,0,4049,4049,4049,0,0,0,0,0),(8869,78,1259,1,34,1,0,0,0,0,0,0,0,0,0,0),(8860,79,601,60,0,1,0,0,0,0,0,0,0,0,0,0),(12572,92,4431,8,0,1,0,0,0,0,0,0,0,0,0,0),(15106,76,510,8,0,1,0,0,0,0,0,0,0,0,0,0),(8866,79,22040,3,0,1,0,0,0,0,0,0,0,0,0,0),(16022,79,525,6,0,1,0,0,0,0,0,0,0,0,0,0),(8999,78,608,6,0,1,0,0,0,0,0,0,0,0,0,0),(8927,34,994,1,0,1,0,0,0,0,0,0,0,0,0,0),(12028,18,22492,1,0,1,0,0,0,0,0,0,0,0,0,0),(14096,97,991,40,0,1,0,0,0,0,0,0,0,0,0,0),(14623,71,905,18,0,1,0,0,0,0,0,0,0,0,0,0),(15914,81,7095,1,0,1,0,0,0,0,0,0,0,0,0,0),(15913,81,2506,1,0,1,0,0,0,0,0,0,0,0,0,0),(12609,34,928,1,0,1,0,0,0,0,0,0,0,0,0,0),(16262,114,7054,1,0,1,0,0,0,0,0,0,0,0,0,0),(9147,83,569,13,0,1,0,0,0,0,0,0,0,0,0,0),(12258,90,1201,1,0,1,0,0,0,0,0,0,0,0,0,0),(12614,34,22386,1,512,1,0,0,4403,0,0,0,0,0,0,0),(11863,31,2254,1,0,1,0,0,0,0,0,0,0,0,0,0),(9143,83,2393,1,16,1,0,0,0,0,0,0,0,0,0,0),(15400,117,2393,1,16,1,0,0,0,0,0,0,0,0,0,0),(12228,87,12208,1,0,1,0,0,0,0,0,0,0,0,0,0),(15656,126,2229,1,0,0,0,0,0,0,0,0,0,0,0,0),(15472,18,22460,1,0,1,0,0,0,0,0,0,0,0,0,0),(12313,91,1201,1,2,1,0,0,0,0,0,0,0,0,0,0),(15399,117,5055,1,256,1,0,0,0,0,0,0,0,0,0,0),(15655,126,1602,1,0,0,0,0,0,0,0,0,0,0,0,0),(15912,81,13161,1,0,1,0,0,0,0,0,0,0,0,0,0),(14212,97,509,8,0,1,0,0,0,0,0,0,0,0,0,0),(11226,76,2522,1,4,1,0,0,0,0,0,0,0,0,0,0),(15548,74,2217,1,256,1,0,0,0,0,0,0,0,0,0,0),(14589,71,2220,1,0,0,0,0,0,0,0,0,0,0,0,0),(16115,78,2206,1,256,1,0,0,0,0,0,0,0,0,0,0),(14588,71,2220,1,0,0,0,0,0,0,0,0,0,0,0,0),(15546,74,2508,1,4,1,0,0,0,0,0,0,0,0,0,0),(15332,114,12208,1,0,1,0,0,0,0,0,0,0,0,0,0),(9126,73,2680,1,0,0,0,0,0,0,0,0,0,0,0,0),(12110,18,22491,1,0,1,10,0,0,0,0,0,0,0,0,0),(12109,18,22493,1,0,1,0,0,0,0,0,0,0,0,0,0),(11760,30,608,47,0,1,0,0,0,0,0,0,0,0,0,0),(15070,76,711,6,0,1,0,0,0,0,0,0,0,0,0,0),(14444,65,617,1,0,1,0,0,0,0,0,0,0,0,0,0),(16229,78,2635,1,8,1,0,0,0,0,0,0,0,0,0,0),(14474,71,2621,1,0,1,0,0,0,0,0,0,0,0,0,0),(14443,65,1270,1,0,1,0,0,0,0,0,0,0,0,0,0),(14587,71,921,1,0,1,0,0,0,0,0,0,0,0,0,0),(16230,21,2634,1,8,1,0,0,0,0,0,0,0,0,0,0),(14567,66,985,1,0,1,0,0,0,0,0,0,0,0,0,0),(14564,71,514,1,0,1,0,0,0,0,0,0,0,0,0,0),(14586,71,578,6,0,1,0,0,0,0,0,0,0,0,0,0),(14563,71,1207,1,0,0,0,0,0,0,0,0,0,0,0,0),(14562,71,4001,1,0,1,0,0,0,0,0,0,0,0,0,0),(12092,85,2393,1,16,1,0,0,0,0,0,0,0,0,0,0),(12108,18,14545,2,0,1,0,0,0,0,0,0,0,0,0,0),(16265,114,505,5,0,1,0,0,0,0,0,0,0,0,0,0),(15156,85,22460,1,1,1,0,0,4132,0,0,0,0,0,0,0),(15961,130,2393,1,16,1,0,0,0,0,0,0,0,0,0,0),(11223,76,521,22,0,1,0,0,0,0,0,0,0,0,0,0),(16296,114,610,1,0,1,0,0,0,0,0,0,0,0,0,0),(16258,114,12085,1,0,1,0,0,0,0,0,0,0,0,0,0),(14585,71,510,18,0,1,0,0,0,0,0,0,0,0,0,0),(10575,72,2617,1,128,1,0,0,0,0,0,0,0,0,0,0),(14561,71,910,2,0,1,0,0,0,0,0,0,0,0,0,0),(14540,104,2524,1,4,1,0,0,0,0,0,0,0,0,0,0),(15869,81,7020,1,0,1,0,0,0,0,0,0,0,0,0,0),(15067,65,13300,1,0,1,0,0,0,0,0,0,0,0,0,0),(10613,72,2408,1,64,1,0,0,0,0,0,0,0,0,0,0),(10612,72,2265,1,1,1,0,0,0,0,0,0,0,0,0,0),(15066,65,607,2,0,1,0,0,0,0,0,0,0,0,0,0),(15949,130,1201,1,0,1,0,0,0,0,0,0,0,0,0,0),(14538,104,4302,1,0,1,0,0,0,0,0,0,0,0,0,0),(14442,65,2517,1,0,1,0,0,0,0,0,0,0,0,0,0),(14027,99,1201,1,0,1,0,0,0,0,0,0,0,0,0,0),(15948,74,2617,1,0,0,0,0,0,0,0,0,0,0,0,0),(14584,71,507,9,0,1,0,0,0,0,0,0,0,0,0,0),(15911,81,7094,2,0,1,0,0,0,0,0,0,0,0,0,0),(11041,72,2102,1,32,1,0,0,4253,0,0,0,0,0,0,0),(14560,71,969,8,0,1,0,0,0,0,0,0,0,0,0,0),(15910,81,7070,1,0,1,0,0,0,0,0,0,0,0,0,0),(15947,74,1614,1,0,0,0,0,0,0,0,0,0,0,0,0),(15946,74,1625,1,0,0,0,0,0,0,0,0,0,0,0,0),(15093,65,1235,1,0,0,0,0,0,0,0,0,0,0,0,0),(15092,65,999,1,0,1,0,0,0,0,0,0,0,0,0,0),(15945,74,1614,1,0,0,0,0,0,0,0,0,0,0,0,0),(15944,74,2617,1,0,0,0,0,0,0,0,0,0,0,0,0),(10584,71,2522,1,4,1,0,0,0,0,0,0,0,0,0,0),(14364,105,608,34,0,1,0,0,0,0,0,0,0,0,0,0),(15065,65,658,1,0,1,0,0,0,0,0,0,0,0,0,0),(10107,34,4399,1,0,1,0,0,0,0,0,0,0,0,0,0),(10106,34,603,1,0,1,0,0,0,0,0,0,0,0,0,0),(15619,114,2424,1,64,1,0,0,4160,0,0,0,0,0,0,0),(14441,65,13405,1,0,1,0,0,0,0,0,0,0,0,0,0),(10580,72,2285,1,256,1,0,0,0,0,0,0,0,0,0,0),(14831,74,2102,1,32,1,0,0,4058,0,0,0,0,0,0,0),(14440,65,985,5,0,1,0,0,0,0,0,0,0,0,0,0),(14439,65,1810,1,0,1,0,0,0,0,0,0,0,0,0,0),(15064,65,7070,2,0,1,0,0,0,0,0,0,0,0,0,0),(14197,105,1201,1,0,1,0,0,0,0,0,0,0,0,0,0),(15091,65,2115,1,32,1,0,0,0,0,0,0,0,0,0,0),(15135,85,22121,1,256,1,0,0,4403,0,0,0,0,0,0,0),(14546,71,1010,1,0,1,0,0,0,0,0,0,0,0,0,0),(9976,67,985,1,0,1,0,0,0,0,0,0,0,0,0,0),(14438,65,7317,2,0,1,0,0,0,0,0,0,0,0,0,0),(10308,30,22125,1,256,1,4,0,0,0,0,0,0,0,0,0),(9981,68,608,2,0,1,0,0,0,0,0,0,0,0,0,0),(12551,63,601,185,0,1,0,0,0,0,0,0,0,0,0,0),(11020,72,601,73,0,1,0,0,0,0,0,0,0,0,0,0),(10307,30,22490,1,1,1,0,0,4403,0,0,0,0,0,0,0),(9979,34,604,3,0,1,0,0,0,0,0,0,0,0,0,0),(16315,67,603,16,0,1,0,0,0,0,0,0,0,0,0,0),(9977,67,604,1,0,1,0,0,0,0,0,0,0,0,0,0),(16295,114,616,1,0,1,0,0,0,0,0,0,0,0,0,0),(15935,81,1235,1,0,1,0,0,0,0,0,0,0,0,0,0),(14926,107,1505,1,2,1,0,0,0,0,0,0,0,0,0,0),(15909,81,1417,1,0,1,0,0,0,0,0,0,0,0,0,0),(15908,81,7166,1,0,1,0,0,0,0,0,0,0,0,0,0),(12090,84,12208,2,0,1,0,0,0,0,0,0,0,0,0,0),(15907,81,1175,1,0,1,0,0,0,0,0,0,0,0,0,0),(15906,81,2621,1,0,1,0,0,0,0,0,0,0,0,0,0),(15527,126,1505,1,2,1,0,0,4035,4035,4035,4035,0,0,0,0),(15454,58,22462,1,1,1,0,0,0,0,0,0,0,0,0,0),(12286,34,7097,2,0,1,0,0,0,0,0,0,0,0,0,0),(12088,85,1201,1,2,1,0,0,0,0,0,0,0,0,0,0),(15324,81,2374,1,16,1,0,0,0,0,0,0,0,0,0,0),(15197,21,2375,1,16,1,0,0,0,0,0,0,0,0,0,0),(11865,31,719,5,0,1,0,0,0,0,0,0,0,0,0,0),(15355,50,504,1,0,1,0,0,0,0,0,0,0,0,0,0),(15905,81,7563,1,0,1,0,0,0,0,0,0,0,0,0,0),(15904,81,608,1,0,1,0,0,0,0,0,0,0,0,0,0),(16257,114,5127,1,0,1,0,0,0,0,0,0,0,0,0,0),(12216,86,12208,1,0,1,0,0,0,0,0,0,0,0,0,0),(16021,29,1408,1,0,1,10,0,4305,4305,4318,4072,0,0,0,0),(12215,86,569,19,0,1,0,0,0,0,0,0,0,0,0,0),(11933,31,751,1,0,1,0,0,0,0,0,0,0,0,0,0),(12214,86,2112,1,0,1,0,0,0,0,0,0,0,0,0,0),(12213,86,2510,1,0,1,0,0,0,0,0,0,0,0,0,0),(15468,18,22390,1,0,1,0,0,0,0,0,0,0,0,0,0),(11449,78,22040,7,0,1,0,0,0,0,0,0,0,0,0,0),(11864,31,714,3,0,1,0,0,0,0,0,0,0,0,0,0),(16124,31,2115,1,32,1,0,0,4128,0,0,0,0,0,0,0),(16123,31,22125,1,256,1,0,0,0,0,0,0,0,0,0,0),(16164,50,607,1,0,1,0,0,0,0,0,0,0,0,0,0),(12212,86,2414,1,0,1,0,0,0,0,0,0,0,0,0,0),(15513,128,2301,1,0,1,0,0,0,0,0,0,0,0,0,0),(12211,86,2393,1,16,1,0,0,0,0,0,0,0,0,0,0),(16122,31,22507,1,0,1,0,0,4143,0,0,0,0,0,0,0),(16277,114,958,1,0,1,0,0,0,0,0,0,0,0,0,0),(12046,84,569,19,0,1,0,0,0,0,0,0,0,0,0,0),(14242,104,601,187,0,1,0,0,0,0,0,0,0,0,0,0),(11894,31,7005,1,0,1,0,0,0,0,0,0,0,0,0,0),(12210,86,5055,1,0,1,0,0,0,0,0,0,0,0,0,0),(16121,31,22389,1,512,1,0,0,4330,0,0,0,0,0,0,0),(12209,78,995,6,0,1,0,0,0,0,0,0,0,0,0,0),(12208,78,749,5,0,1,0,0,0,0,0,0,0,0,0,0),(15903,81,661,1,0,1,0,0,0,0,0,0,0,0,0,0),(12076,78,2654,1,0,1,0,0,0,0,0,0,0,0,0,0),(12027,18,22493,1,0,1,0,0,0,0,0,0,0,0,0,0),(12026,18,22040,23,0,1,0,0,0,0,0,0,0,0,0,0),(12207,78,984,6,0,1,0,0,0,0,0,0,0,0,0,0),(12074,78,2654,1,0,1,0,0,0,0,0,0,0,0,0,0),(12206,78,985,9,0,1,0,0,0,0,0,0,0,0,0,0),(12025,78,22007,1,0,1,0,0,0,0,0,0,0,0,0,0),(12205,78,7066,26,0,1,0,0,0,0,0,0,0,0,0,0),(12279,87,601,3,0,1,0,0,0,0,0,0,0,0,0,0),(15902,81,7169,1,0,1,0,0,0,0,0,0,0,0,0,0),(15901,81,505,1,0,1,0,0,0,0,0,0,0,0,0,0),(15900,81,2258,1,0,1,0,0,0,0,0,0,0,0,0,0),(11741,31,2424,1,64,1,0,0,4441,0,0,0,0,0,0,0),(15899,81,607,6,0,1,0,0,0,0,0,0,0,0,0,0),(15375,115,601,188,0,1,0,0,0,0,0,0,0,0,0,0),(14092,18,1917,1,0,1,0,0,0,0,0,0,0,0,0,0),(14091,18,1917,1,0,1,0,0,0,0,0,0,0,0,0,0),(14241,105,511,1,0,1,0,0,0,0,0,0,0,0,0,0),(14240,105,1522,1,2,1,0,0,0,0,0,0,0,0,0,0),(14088,18,2374,1,0,1,0,0,0,0,0,0,0,0,0,0),(14087,18,2374,1,0,1,0,0,0,0,0,0,0,0,0,0),(15898,81,5007,1,0,1,0,0,0,0,0,0,0,0,0,0),(15063,65,1417,1,0,1,0,0,0,0,0,0,0,0,0,0),(15897,81,1737,1,0,1,0,0,0,0,0,0,0,0,0,0),(12203,86,2301,1,0,1,0,0,0,0,0,0,0,0,0,0),(15090,65,2421,1,64,1,0,0,4131,0,0,0,0,0,0,0),(11610,66,2620,1,8,1,0,0,0,0,0,0,0,0,0,0),(15089,65,2357,1,16,1,0,0,0,0,0,0,0,0,0,0),(15088,65,2521,1,0,1,0,0,0,0,0,0,0,0,0,0),(15087,65,2524,1,4,1,0,0,0,0,0,0,0,0,0,0),(11669,66,2506,1,4,1,0,0,4303,0,0,0,0,0,0,0),(15086,65,603,1,0,1,0,0,0,0,0,0,0,0,0,0),(15085,65,525,2,0,1,0,0,0,0,0,0,0,0,0,0),(15084,65,504,1,0,1,0,0,0,0,0,0,0,0,0,0),(15083,65,1165,1,0,0,0,0,0,0,0,0,0,0,0,0),(15082,65,1648,1,0,1,0,0,0,0,0,0,0,0,0,0),(15081,65,638,1,0,1,0,0,0,0,0,0,0,0,0,0),(14039,80,1360,1,34,1,0,0,0,0,0,0,0,0,0,0),(14037,18,678,2,0,1,0,0,0,0,0,0,0,0,0,0),(15896,81,12080,1,0,1,0,0,0,0,0,0,0,0,0,0),(15895,81,995,1,0,1,0,0,0,0,0,0,0,0,0,0),(12042,84,2393,1,16,1,0,0,0,0,0,0,0,0,0,0),(12288,84,22011,1,0,1,0,0,0,0,0,0,0,0,0,0),(12204,78,7561,11,0,1,0,0,0,0,0,0,0,0,0,0),(12287,84,1701,1,34,1,0,0,0,0,0,0,0,0,0,0),(12038,84,1201,1,0,1,0,0,0,0,0,0,0,0,0,0),(12202,86,1201,1,2,1,0,0,0,0,0,0,0,0,0,0),(12505,78,970,4,0,1,0,0,0,0,0,0,0,0,0,0),(12504,78,7539,6,0,1,0,0,0,0,0,0,0,0,0,0),(12419,89,7122,1,0,1,0,0,0,0,0,0,0,0,0,0),(12418,89,7097,1,0,1,0,0,0,0,0,0,0,0,0,0),(12512,21,984,1,0,1,0,0,0,0,0,0,0,0,0,0),(14036,103,2301,1,0,1,0,0,0,0,0,0,0,0,0,0),(12974,63,608,93,0,1,0,0,0,0,0,0,0,0,0,0),(14035,103,1201,1,0,1,0,0,0,0,0,0,0,0,0,0),(12571,92,1208,1,2,1,0,0,4140,4140,4140,4140,0,0,0,0),(14230,105,22491,1,1,1,0,0,0,0,0,0,0,0,0,0),(12397,89,4418,3,0,1,0,0,0,0,0,0,0,0,0,0),(15894,81,7036,1,0,1,0,0,0,0,0,0,0,0,0,0),(14238,97,1731,1,0,0,0,0,0,0,0,0,0,0,0,0),(12503,78,7033,4,0,1,0,0,0,0,0,0,0,0,0,0),(12502,78,921,6,0,1,0,0,0,0,0,0,0,0,0,0),(12501,78,991,6,0,1,0,0,0,0,0,0,0,0,0,0),(12500,78,630,5,0,1,0,0,0,0,0,0,0,0,0,0),(12499,78,971,4,0,1,0,0,0,0,0,0,0,0,0,0),(12483,89,1910,1,0,0,0,0,0,0,0,0,0,0,0,0),(12482,89,1730,1,0,0,0,0,0,0,0,0,0,0,0,0),(12477,89,1730,1,0,0,0,0,0,0,0,0,0,0,0,0),(12481,89,1730,1,0,0,0,0,0,0,0,0,0,0,0,0),(12480,89,1730,1,0,0,0,0,0,0,0,0,0,0,0,0),(12479,89,1730,1,0,0,0,0,0,0,0,0,0,0,0,0),(12478,89,1730,1,0,0,0,0,0,0,0,0,0,0,0,0),(12473,89,1370,1,0,0,0,0,0,0,0,0,0,0,0,0),(12476,89,1730,1,0,0,0,0,0,0,0,0,0,0,0,0),(12475,89,1723,1,0,0,0,0,0,0,0,0,0,0,0,0),(12474,89,1163,1,0,0,0,0,0,0,0,0,0,0,0,0),(12712,92,4069,1,0,1,0,0,0,0,0,0,0,0,0,0),(15893,81,724,1,0,1,0,0,0,0,0,0,0,0,0,0),(12628,92,4437,1,0,1,0,0,0,0,0,0,0,0,0,0),(12711,92,2528,1,4,1,0,0,4133,0,0,0,0,0,0,0),(12630,34,7563,114,0,1,0,0,0,0,0,0,0,0,0,0),(14034,102,2301,1,0,1,0,0,0,0,0,0,0,0,0,0),(14033,102,1201,1,0,1,0,0,0,0,0,0,0,0,0,0),(13108,92,12085,2,0,1,0,0,0,0,0,0,0,0,0,0),(12760,62,601,76,0,1,0,0,0,0,0,0,0,0,0,0),(12795,67,4170,1,0,1,0,0,0,0,0,0,0,0,0,0),(14032,101,2301,1,0,1,0,0,0,0,0,0,0,0,0,0),(13130,92,5124,1,0,1,0,0,0,0,0,0,0,0,0,0),(14031,101,1201,1,0,1,0,0,0,0,0,0,0,0,0,0),(14030,100,2301,1,0,1,0,0,0,0,0,0,0,0,0,0),(14029,100,1201,1,0,1,0,0,0,0,0,0,0,0,0,0),(14028,99,2301,1,0,1,0,0,0,0,0,0,0,0,0,0),(14022,96,2301,1,0,1,0,0,0,0,0,0,0,0,0,0),(14021,96,1201,1,0,1,0,0,0,0,0,0,0,0,0,0),(14020,95,2301,1,0,1,0,0,0,0,0,0,0,0,0,0),(14017,29,22132,1,256,1,0,0,0,0,0,0,0,0,0,0),(13103,92,7446,1,0,1,0,0,0,0,0,0,0,0,0,0),(13107,92,7123,1,0,1,0,0,0,0,0,0,0,0,0,0),(13073,92,4435,2,0,1,0,0,0,0,0,0,0,0,0,0),(14545,66,714,2,0,1,0,0,0,0,0,0,0,0,0,0),(13106,92,7444,1,0,1,0,0,0,0,0,0,0,0,0,0),(12697,67,1207,1,0,1,0,0,0,0,0,0,0,0,0,0),(13105,92,12080,1,0,1,0,0,0,0,0,0,0,0,0,0),(14018,29,22104,1,1,1,0,0,4198,0,0,0,0,0,0,0),(12804,92,4005,4,0,1,0,0,0,0,0,0,0,0,0,0),(12749,92,7023,2,0,1,0,0,0,0,0,0,0,0,0,0),(15080,65,1525,1,0,1,0,0,0,0,0,0,0,0,0,0),(12747,92,4004,7,0,1,0,0,0,0,0,0,0,0,0,0),(13161,64,22040,9,0,1,0,0,0,0,0,0,0,0,0,0),(13160,92,7566,1,0,1,0,0,0,0,0,0,0,0,0,0),(12723,67,2282,1,0,1,0,0,0,0,0,0,0,0,0,0),(12722,67,2282,1,0,1,0,0,0,0,0,0,0,0,0,0),(15079,65,604,3,0,1,0,0,0,0,0,0,0,0,0,0),(12695,67,512,1,0,1,0,0,0,0,0,0,0,0,0,0),(16490,132,22389,1,512,1,0,0,4403,0,0,0,0,0,0,0),(13155,64,2115,1,0,1,0,0,4128,0,0,0,0,0,0,0),(12694,67,2282,1,0,1,0,0,0,0,0,0,0,0,0,0),(12693,67,2282,1,0,1,0,0,0,0,0,0,0,0,0,0),(12692,67,2282,1,0,1,0,0,0,0,0,0,0,0,0,0),(12691,67,509,1,0,1,0,0,0,0,0,0,0,0,0,0),(12690,67,2282,1,0,1,0,0,0,0,0,0,0,0,0,0),(12689,67,610,1,0,1,0,0,0,0,0,0,0,0,0,0),(12688,67,2282,1,0,1,0,0,0,0,0,0,0,0,0,0),(15078,65,746,2,0,1,0,0,0,0,0,0,0,0,0,0),(12718,67,7023,1,0,1,0,0,0,0,0,0,0,0,0,0),(12803,92,4033,8,0,1,0,0,0,0,0,0,0,0,0,0),(13153,64,22490,1,1,1,0,0,4403,0,0,0,0,0,0,0),(13152,64,22390,1,512,1,0,0,4143,0,0,0,0,0,0,0),(13151,64,22122,1,256,1,0,0,4198,0,0,0,0,0,0,0),(15077,65,1022,1,0,1,0,0,0,0,0,0,0,0,0,0),(12922,92,2286,1,0,1,0,0,0,0,0,0,0,0,0,0),(15453,85,22477,1,0,1,0,0,0,0,0,0,0,0,0,0),(12889,92,714,1,0,1,0,0,0,0,0,0,0,0,0,0),(15157,85,715,7,0,1,0,0,0,0,0,0,0,0,0,0),(15892,81,984,2,0,1,0,0,0,0,0,0,0,0,0,0),(12789,92,4001,6,0,1,0,0,0,0,0,0,0,0,0,0),(12788,92,514,1,0,1,0,0,0,0,0,0,0,0,0,0),(12978,92,13017,1,0,1,0,0,0,0,0,0,0,0,0,0),(13150,63,2610,1,0,0,0,0,0,0,0,0,0,0,0,0),(15057,76,2621,1,8,1,0,0,4079,0,0,0,0,0,0,0),(13149,63,617,1,0,1,0,0,0,0,0,0,0,0,0,0),(13148,63,923,1,0,1,0,0,0,0,0,0,0,0,0,0),(13147,63,2610,1,0,0,0,0,0,0,0,0,0,0,0,0),(12998,64,2703,1,8,1,0,0,0,0,0,0,0,0,0,0),(13101,92,505,1,0,1,0,0,0,0,0,0,0,0,0,0),(13143,92,12183,1,0,1,0,0,0,0,0,0,0,0,0,0),(13142,63,603,1,0,1,0,0,0,0,0,0,0,0,0,0),(13141,63,701,2,0,1,0,0,0,0,0,0,0,0,0,0),(13837,76,509,1,0,1,0,0,0,0,0,0,0,0,0,0),(13090,92,7005,1,0,1,0,0,0,0,0,0,0,0,0,0),(13089,92,617,3,0,1,0,0,0,0,0,0,0,0,0,0),(13134,63,12103,33,0,1,0,0,0,0,0,0,0,0,0,0),(12888,92,2254,1,0,1,0,0,0,0,0,0,0,0,0,0),(13088,92,985,1,0,1,0,0,0,0,0,0,0,0,0,0),(12967,92,4404,1,0,1,0,0,0,0,0,0,0,0,0,0),(16474,132,617,28,0,1,0,0,0,0,0,0,0,0,0,0),(13087,92,2702,1,0,1,0,0,0,0,0,0,0,0,0,0),(13146,63,967,1,0,1,0,0,0,0,0,0,0,0,0,0),(13140,63,730,1,0,1,0,0,0,0,0,0,0,0,0,0),(13139,63,728,1,0,1,0,0,0,0,0,0,0,0,0,0),(13145,63,724,1,0,1,0,0,0,0,0,0,0,0,0,0),(13086,92,2423,1,64,1,0,0,0,0,0,0,0,0,0,0),(13138,63,968,1,0,1,0,0,0,0,0,0,0,0,0,0),(13102,92,1035,2,0,1,0,0,0,0,0,0,0,0,0,0),(12924,92,2286,1,0,1,0,0,0,0,0,0,0,0,0,0),(12923,92,4434,1,0,1,0,0,0,0,0,0,0,0,0,0),(12977,92,608,85,0,1,0,0,0,0,0,0,0,0,0,0),(13137,63,720,2,0,1,0,0,0,0,0,0,0,0,0,0),(16117,29,2115,1,0,1,0,0,4058,0,0,0,0,0,0,0),(13144,63,1022,1,0,1,0,0,0,0,0,0,0,0,0,0),(16439,67,2387,1,16,1,0,0,4408,0,0,0,0,0,0,0),(16489,132,22125,1,256,1,0,0,4403,0,0,0,0,0,0,0),(15062,65,1306,1,0,1,0,0,0,0,0,0,0,0,0,0),(16310,114,509,1,0,1,0,0,0,0,0,0,0,0,0,0),(14012,18,30021,1,256,1,0,0,0,0,0,0,0,0,0,0),(14011,18,30020,1,0,1,0,0,0,0,0,0,0,0,0,0),(14026,98,2301,1,0,1,0,0,0,0,0,0,0,0,0,0),(14025,98,1201,1,0,1,0,0,0,0,0,0,0,0,0,0),(14024,97,2301,1,16,1,0,0,0,0,0,0,0,0,0,0),(14023,97,1201,1,0,1,0,0,0,0,0,0,0,0,0,0),(14489,88,12208,2,0,1,0,0,0,0,0,0,0,0,0,0),(13916,66,2299,1,256,1,0,0,0,0,0,0,0,0,0,0),(15891,81,1168,1,0,1,0,0,0,0,0,0,0,0,0,0),(14544,104,2357,1,0,1,0,0,4047,0,0,0,0,0,0,0),(14543,104,2357,1,16,1,0,0,4302,0,0,0,0,0,0,0),(15392,115,4431,1,0,1,0,0,0,0,0,0,0,0,0,0),(14542,104,2421,1,64,1,0,0,4131,0,0,0,0,0,0,0),(13426,66,2336,1,16,1,0,0,4369,0,0,0,0,0,0,0),(14606,66,719,1,0,1,0,0,0,0,0,0,0,0,0,0),(14605,66,938,1,0,1,0,0,0,0,0,0,0,0,0,0),(14604,66,1265,1,0,0,0,0,0,0,0,0,0,0,0,0),(14600,71,2308,1,0,0,0,0,0,0,0,0,0,0,0,0),(13400,66,608,21,0,1,0,0,0,0,0,0,0,0,0,0),(14599,71,528,5,0,1,0,0,0,0,0,0,0,0,0,0),(14566,66,7563,15,0,1,0,0,0,0,0,0,0,0,0,0),(14437,65,2516,1,0,1,0,0,0,0,0,0,0,0,0,0),(14565,66,2617,1,0,0,0,0,0,0,0,0,0,0,0,0),(14010,18,30019,1,0,1,0,0,0,0,0,0,0,0,0,0),(14009,18,30003,1,0,1,0,0,0,0,0,0,0,0,0,0),(14436,65,7512,1,0,1,0,0,0,0,0,0,0,0,0,0),(14086,18,7798,5,0,1,0,0,0,0,0,0,0,0,0,0),(14085,18,7799,6,0,1,0,0,0,0,0,0,0,0,0,0),(14537,104,4047,1,0,1,0,0,0,0,0,0,0,0,0,0),(14095,97,7561,48,0,1,0,0,0,0,0,0,0,0,0,0),(14094,97,7066,49,0,1,0,0,0,0,0,0,0,0,0,0),(15890,81,1000,1,0,1,0,0,0,0,0,0,0,0,0,0),(15889,81,13047,1,0,1,0,0,0,0,0,0,0,0,0,0),(15412,31,967,1,0,1,0,0,0,0,0,0,0,0,0,0),(15343,50,526,2,0,1,0,0,0,0,0,0,0,0,0,0),(15888,81,1236,1,0,1,0,0,0,0,0,0,0,0,0,0),(15146,76,574,1,0,1,0,0,0,0,0,0,0,0,0,0),(15145,76,916,1,0,1,0,0,0,0,0,0,0,0,0,0),(15887,81,7444,1,0,1,0,0,0,0,0,0,0,0,0,0),(16256,114,5126,1,0,1,0,0,0,0,0,0,0,0,0,0),(15340,50,603,8,0,1,0,0,0,0,0,0,0,0,0,0),(15390,115,2680,1,0,0,0,0,0,0,0,0,0,0,0,0),(14559,71,938,1,0,1,0,0,0,0,0,0,0,0,0,0),(15886,81,1030,1,0,1,0,0,0,0,0,0,0,0,0,0),(14529,66,733,1,0,1,0,0,0,0,0,0,0,0,0,0),(14598,71,1011,3,0,1,0,0,0,0,0,0,0,0,0,0),(14597,71,2308,1,0,0,0,0,0,0,0,0,0,0,0,0),(14596,71,517,2,0,1,0,0,0,0,0,0,0,0,0,0),(14595,71,2308,1,0,0,0,0,0,0,0,0,0,0,0,0),(14603,66,7340,2,0,1,0,0,0,0,0,0,0,0,0,0),(14594,71,919,4,0,1,0,0,0,0,0,0,0,0,0,0),(15885,81,13046,1,0,1,0,0,0,0,0,0,0,0,0,0),(15389,115,7110,1,0,1,0,0,0,0,0,0,0,0,0,0),(14138,97,985,5,0,1,0,0,0,0,0,0,0,0,0,0),(14211,97,749,2,0,1,0,0,0,0,0,0,0,0,0,0),(15388,115,2680,1,0,0,0,0,0,0,0,0,0,0,0,0),(14320,107,12208,1,0,1,0,0,0,0,0,0,0,0,0,0),(14319,107,569,20,0,1,0,0,0,0,0,0,0,0,0,0),(14318,107,2112,1,0,1,0,0,0,0,0,0,0,0,0,0),(14317,107,2510,1,0,1,0,0,0,0,0,0,0,0,0,0),(14316,107,2414,1,0,1,0,0,0,0,0,0,0,0,0,0),(14315,107,2393,1,16,1,0,0,0,0,0,0,0,0,0,0),(14314,107,5055,1,0,1,0,0,0,0,0,0,0,0,0,0),(14593,71,920,9,0,1,0,0,0,0,0,0,0,0,0,0),(14435,105,2424,1,64,1,0,0,4097,0,0,0,0,0,0,0),(14434,105,2528,1,4,1,0,0,0,0,0,0,0,0,0,0),(14433,88,569,18,0,1,0,0,0,0,0,0,0,0,0,0),(16276,114,724,1,0,1,0,0,0,0,0,0,0,0,0,0),(16217,31,607,1,0,1,0,0,0,0,0,0,0,0,0,0),(16255,114,5126,1,0,1,0,0,0,0,0,0,0,0,0,0),(15144,76,2719,1,0,1,0,0,0,0,0,0,0,0,0,0),(14558,71,1202,1,0,0,0,0,0,0,0,0,0,0,0,0),(14557,71,909,1,0,1,0,0,0,0,0,0,0,0,0,0),(14556,71,619,1,0,1,0,0,0,0,0,0,0,0,0,0),(14530,66,1269,1,34,1,0,0,0,0,0,0,0,0,0,0),(14602,71,2308,1,0,0,0,0,0,0,0,0,0,0,0,0),(14294,113,2301,1,0,1,0,0,0,0,0,0,0,0,0,0),(14293,113,1201,1,0,1,0,0,0,0,0,0,0,0,0,0),(14292,112,2301,1,0,1,0,0,0,0,0,0,0,0,0,0),(14291,112,1201,1,0,1,0,0,0,0,0,0,0,0,0,0),(14290,111,2301,1,0,1,0,0,0,0,0,0,0,0,0,0),(14289,111,1201,1,0,1,0,0,0,0,0,0,0,0,0,0),(14288,110,2301,1,0,1,0,0,0,0,0,0,0,0,0,0),(14287,110,1201,1,0,1,0,0,0,0,0,0,0,0,0,0),(14286,109,2301,1,0,1,0,0,0,0,0,0,0,0,0,0),(14285,109,1201,1,0,1,0,0,0,0,0,0,0,0,0,0),(14284,108,2301,1,0,1,0,0,0,0,0,0,0,0,0,0),(14283,108,1201,1,0,1,0,0,0,0,0,0,0,0,0,0),(14276,106,2301,1,0,1,0,0,0,0,0,0,0,0,0,0),(14275,106,1201,1,0,1,0,0,0,0,0,0,0,0,0,0),(14536,104,1705,1,34,1,10,0,4305,4276,4305,4318,0,0,0,0),(14601,71,2308,1,0,0,0,0,0,0,0,0,0,0,0,0),(14592,71,2220,1,0,0,0,0,0,0,0,0,0,0,0,0),(16254,114,7443,4,0,1,0,0,0,0,0,0,0,0,0,0),(16232,31,601,90,0,1,0,0,0,0,0,0,0,0,0,0),(15012,104,30015,1,1,1,0,0,0,0,0,0,0,0,0,0),(14389,65,601,94,0,1,0,0,0,0,0,0,0,0,0,0),(14256,105,22040,4,0,1,0,0,0,0,0,0,0,0,0,0),(14259,104,1202,1,0,0,0,0,0,0,0,0,0,0,0,0),(14258,30,30022,1,512,1,0,0,4198,0,0,0,0,0,0,0),(14224,97,1819,1,0,0,0,0,0,0,0,0,0,0,0,0),(14223,97,1819,1,0,0,0,0,0,0,0,0,0,0,0,0),(14222,97,1819,1,0,0,0,0,0,0,0,0,0,0,0,0),(14221,97,1819,1,0,0,0,0,0,0,0,0,0,0,0,0),(14220,97,1819,1,0,0,0,0,0,0,0,0,0,0,0,0),(14219,97,1731,1,0,0,0,0,0,0,0,0,0,0,0,0),(14218,97,1731,1,0,0,0,0,0,0,0,0,0,0,0,0),(14217,97,984,1,0,1,0,0,0,0,0,0,0,0,0,0),(14216,97,1819,1,0,0,0,0,0,0,0,0,0,0,0,0),(14215,97,1819,1,0,0,0,0,0,0,0,0,0,0,0,0),(14214,97,1819,1,0,0,0,0,0,0,0,0,0,0,0,0),(14213,97,757,11,0,1,0,0,0,0,0,0,0,0,0,0),(14198,105,2301,1,0,1,0,0,0,0,0,0,0,0,0,0),(14247,18,1761,1000,0,1,0,0,0,0,0,0,0,0,0,0),(14246,105,601,298,0,1,0,0,0,0,0,0,0,0,0,0),(14245,105,574,1,0,1,0,0,0,0,0,0,0,0,0,0),(14244,104,1759,860,32768,1,0,0,0,0,0,0,0,0,0,0),(14243,104,1761,940,0,1,0,0,0,0,0,0,0,0,0,0),(15868,81,2615,1,0,1,0,0,0,0,0,0,0,0,0,0),(15867,126,2229,1,0,0,0,0,0,0,0,0,0,0,0,0),(14228,18,22011,1,0,1,0,0,0,0,0,0,0,0,0,0),(14227,18,22012,2,0,1,0,0,0,0,0,0,0,0,0,0),(14226,18,22010,2,0,1,0,0,0,0,0,0,0,0,0,0),(14239,105,656,4,0,1,0,0,0,0,0,0,0,0,0,0),(14636,71,1031,2,0,1,0,0,0,0,0,0,0,0,0,0),(14637,71,757,2,0,1,0,0,0,0,0,0,0,0,0,0),(14638,71,2270,1,0,0,0,0,0,0,0,0,0,0,0,0),(14639,71,2270,1,0,0,0,0,0,0,0,0,0,0,0,0),(14640,71,2270,1,0,0,0,0,0,0,0,0,0,0,0,0),(14641,71,2270,1,0,0,0,0,0,0,0,0,0,0,0,0),(14642,71,2270,1,0,0,0,0,0,0,0,0,0,0,0,0),(14643,71,2270,1,0,0,0,0,0,0,0,0,0,0,0,0),(14644,71,2270,1,0,0,0,0,0,0,0,0,0,0,0,0),(14645,71,2270,1,0,0,0,0,0,0,0,0,0,0,0,0),(14646,71,2270,1,0,0,0,0,0,0,0,0,0,0,0,0),(14647,71,2270,1,0,0,0,0,0,0,0,0,0,0,0,0),(15398,118,2301,1,0,1,0,0,0,0,0,0,0,0,0,0),(15014,104,22126,1,256,1,0,0,0,0,0,0,0,0,0,0),(15387,18,1599,1,2,1,0,0,0,0,0,0,0,0,0,0),(14775,18,22490,1,1,1,0,0,0,0,0,0,0,0,0,0),(15061,65,689,1,0,1,0,0,0,0,0,0,0,0,0,0),(15060,65,526,2,0,1,0,0,0,0,0,0,0,0,0,0),(14774,18,30022,1,512,1,0,0,0,0,0,0,0,0,0,0),(15142,76,741,1,0,1,0,0,0,0,0,0,0,0,0,0),(15141,76,713,1,0,1,0,0,0,0,0,0,0,0,0,0),(15129,76,7032,1,0,1,0,0,0,0,0,0,0,0,0,0),(14748,18,22254,1,0,1,0,0,0,0,0,0,0,0,0,0),(15519,29,2115,1,32,1,6,0,4128,0,0,0,0,0,0,0),(15056,76,2621,1,128,1,0,0,4079,0,0,0,0,0,0,0),(15804,81,616,1,0,1,0,0,0,0,0,0,0,0,0,0),(15385,85,22011,1,0,1,0,0,0,0,0,0,0,0,0,0),(15408,58,2424,1,64,1,0,0,4131,0,0,0,0,0,0,0),(16318,67,617,17,0,1,0,0,0,0,0,0,0,0,0,0),(15943,74,1625,1,2,1,0,0,0,0,0,0,0,0,0,0),(14666,71,7032,8,0,1,0,0,0,0,0,0,0,0,0,0),(14667,71,2270,1,0,0,0,0,0,0,0,0,0,0,0,0),(14668,71,2719,1,0,0,0,0,0,0,0,0,0,0,0,0),(14669,71,2270,1,0,0,0,0,0,0,0,0,0,0,0,0),(14670,71,916,5,0,1,0,0,0,0,0,0,0,0,0,0),(14671,71,7203,10,0,1,0,0,0,0,0,0,0,0,0,0),(14672,71,2270,1,0,0,0,0,0,0,0,0,0,0,0,0),(14673,71,2270,1,0,0,0,0,0,0,0,0,0,0,0,0),(14674,71,2270,1,0,0,0,0,0,0,0,0,0,0,0,0),(14675,71,2270,1,0,0,0,0,0,0,0,0,0,0,0,0),(14676,71,2719,1,0,0,0,0,0,0,0,0,0,0,0,0),(14677,71,907,4,0,1,0,0,0,0,0,0,0,0,0,0),(14678,71,7201,8,0,1,0,0,0,0,0,0,0,0,0,0),(14679,71,2719,1,0,0,0,0,0,0,0,0,0,0,0,0),(14680,71,2719,1,0,0,0,0,0,0,0,0,0,0,0,0),(14681,71,574,8,0,1,0,0,0,0,0,0,0,0,0,0),(14682,71,2719,1,0,0,0,0,0,0,0,0,0,0,0,0),(14683,71,2270,1,0,0,0,0,0,0,0,0,0,0,0,0),(14684,71,2719,1,0,0,0,0,0,0,0,0,0,0,0,0),(14685,71,2719,1,0,0,0,0,0,0,0,0,0,0,0,0),(14686,71,2719,1,0,0,0,0,0,0,0,0,0,0,0,0),(14687,71,2719,1,0,0,0,0,0,0,0,0,0,0,0,0),(14688,71,2719,1,0,0,0,0,0,0,0,0,0,0,0,0),(14689,71,2270,1,0,0,0,0,0,0,0,0,0,0,0,0),(14690,71,2270,1,0,0,0,0,0,0,0,0,0,0,0,0),(14691,71,2270,1,0,0,0,0,0,0,0,0,0,0,0,0),(14692,71,2270,1,0,0,0,0,0,0,0,0,0,0,0,0),(15382,31,2115,1,0,1,0,0,4253,0,0,0,0,0,0,0),(15580,126,2319,1,16,1,0,0,4408,0,0,0,0,0,0,0),(15803,81,7022,2,0,1,0,0,0,0,0,0,0,0,0,0),(15336,50,714,1,0,1,0,0,0,0,0,0,0,0,0,0),(16304,114,695,1,0,1,0,0,0,0,0,0,0,0,0,0),(15380,31,2650,1,0,1,0,0,0,0,0,0,0,0,0,0),(15013,104,22397,1,512,1,0,0,0,0,0,0,0,0,0,0),(15143,76,2270,1,0,1,0,0,0,0,0,0,0,0,0,0),(15378,114,608,10,0,1,0,0,0,0,0,0,0,0,0,0),(15333,50,617,19,0,1,0,0,0,0,0,0,0,0,0,0),(16069,21,2433,1,64,1,0,0,0,0,0,0,0,0,0,0),(15076,65,756,4,0,1,0,0,0,0,0,0,0,0,0,0),(16068,54,22285,1,256,1,0,0,0,0,0,0,0,0,0,0),(15159,64,608,128,0,1,0,0,0,0,0,0,0,0,0,0),(16231,114,5104,1,512,1,0,0,0,0,0,0,0,0,0,0),(16223,114,607,2,0,1,0,0,0,0,0,0,0,0,0,0),(16222,114,969,1,0,1,0,0,0,0,0,0,0,0,0,0),(15802,81,5104,1,0,1,0,0,0,0,0,0,0,0,0,0),(15372,114,22040,11,0,1,0,0,0,0,0,0,0,0,0,0),(15374,115,994,1,0,1,0,0,0,0,0,0,0,0,0,0),(15397,118,1201,1,0,1,0,0,0,0,0,0,0,0,0,0),(15512,128,1201,1,0,1,0,0,0,0,0,0,0,0,0,0),(16120,31,2374,1,16,1,0,0,4047,0,0,0,0,0,0,0),(15059,65,7066,1,0,1,0,0,0,0,0,0,0,0,0,0),(16493,34,2199,1,32,1,0,0,0,0,0,0,0,0,0,0),(15801,81,1531,1,0,1,0,0,0,0,0,0,0,0,0,0),(15364,115,2301,1,0,1,0,0,0,0,0,0,0,0,0,0),(15363,115,1201,1,0,1,0,0,0,0,0,0,0,0,0,0),(15800,81,7093,1,0,1,0,0,0,0,0,0,0,0,0,0),(15158,85,7097,1,0,1,0,0,0,0,0,0,0,0,0,0),(15323,50,522,2,0,1,0,0,0,0,0,0,0,0,0,0),(15154,65,22011,1,0,1,0,0,0,0,0,0,0,0,0,0),(15058,65,967,1,0,1,0,0,0,0,0,0,0,0,0,0),(15799,81,617,13,0,1,0,0,0,0,0,0,0,0,0,0),(15153,80,22040,2,0,1,0,0,0,0,0,0,0,0,0,0),(15321,50,12103,24,0,1,0,0,0,0,0,0,0,0,0,0),(14905,107,991,2,0,1,0,0,0,0,0,0,0,0,0,0),(14906,107,1819,1,0,0,0,0,0,0,0,0,0,0,0,0),(14993,107,749,1,0,1,0,0,0,0,0,0,0,0,0,0),(15798,81,658,1,0,1,0,0,0,0,0,0,0,0,0,0),(16470,132,12208,1,0,1,0,0,0,0,0,0,0,0,0,0),(15797,81,1417,1,0,1,0,0,0,0,0,0,0,0,0,0),(15478,31,22040,5,0,1,0,0,0,0,0,0,0,0,0,0),(15479,115,7097,1,0,1,0,0,0,0,0,0,0,0,0,0),(15480,123,1201,1,0,1,0,0,0,0,0,0,0,0,0,0),(15481,123,2301,1,0,1,0,0,0,0,0,0,0,0,0,0),(15482,124,1201,1,0,1,0,0,0,0,0,0,0,0,0,0),(15483,124,2301,1,0,1,0,0,0,0,0,0,0,0,0,0),(15484,125,1201,1,0,1,0,0,0,0,0,0,0,0,0,0),(15485,125,2301,1,0,1,0,0,0,0,0,0,0,0,0,0),(15486,126,1201,1,0,1,0,0,0,0,0,0,0,0,0,0),(15487,126,2301,1,0,1,0,0,0,0,0,0,0,0,0,0),(15488,127,1201,1,0,1,0,0,0,0,0,0,0,0,0,0),(15489,127,2301,1,0,1,0,0,0,0,0,0,0,0,0,0),(15796,81,7480,1,0,1,0,0,0,0,0,0,0,0,0,0),(15795,81,1306,1,0,1,0,0,0,0,0,0,0,0,0,0),(15604,74,2324,1,16,1,0,0,4119,0,0,0,0,0,0,0),(15794,81,1529,1,0,1,0,0,0,0,0,0,0,0,0,0),(15884,81,1022,1,0,1,0,0,0,0,0,0,0,0,0,0),(15499,126,5055,1,0,1,0,0,0,0,0,0,0,0,0,0),(15500,126,2393,1,0,1,0,0,0,0,0,0,0,0,0,0),(15501,126,2414,1,0,1,0,0,0,0,0,0,0,0,0,0),(15502,126,2510,1,0,1,0,0,0,0,0,0,0,0,0,0),(15503,126,2112,1,0,1,0,0,0,0,0,0,0,0,0,0),(15504,126,569,20,0,1,0,0,0,0,0,0,0,0,0,0),(16458,67,22040,1,0,1,0,0,0,0,0,0,0,0,0,0),(16482,116,12208,1,0,1,0,0,0,0,0,0,0,0,0,0),(15514,129,1201,1,0,1,0,0,0,0,0,0,0,0,0,0),(15515,129,2301,1,0,1,0,0,0,0,0,0,0,0,0,0),(16184,114,1822,1,2,1,0,0,4140,4140,4140,4140,0,0,0,0),(16253,114,1035,3,0,1,0,0,0,0,0,0,0,0,0,0),(15883,81,985,8,0,1,0,0,0,0,0,0,0,0,0,0),(15882,81,1234,1,0,1,0,0,0,0,0,0,0,0,0,0),(15881,81,1477,1,0,1,0,0,0,0,0,0,0,0,0,0),(16492,34,1599,1,2,1,0,0,0,0,0,0,0,0,0,0),(15942,74,1614,1,0,0,0,0,0,0,0,0,0,0,0,0),(15718,81,1822,1,2,1,0,0,0,0,0,0,0,0,0,0),(15793,81,923,2,0,1,0,0,0,0,0,0,0,0,0,0),(15792,81,968,1,0,1,0,0,0,0,0,0,0,0,0,0),(15537,76,4119,1,0,1,0,0,0,0,0,0,0,0,0,0),(15538,126,603,2,0,1,0,0,0,0,0,0,0,0,0,0),(15555,31,2353,1,0,1,0,0,0,0,0,0,0,0,0,0),(15941,74,1614,1,0,0,0,0,0,0,0,0,0,0,0,0),(15851,74,22040,1,0,1,0,0,0,0,0,0,0,0,0,0),(15559,114,5172,1,256,1,0,0,0,0,0,0,0,0,0,0),(15615,114,2528,1,4,1,0,0,4133,0,0,0,0,0,0,0),(15715,126,935,1,0,1,0,0,0,0,0,0,0,0,0,0),(15714,126,22040,4,0,1,0,0,0,0,0,0,0,0,0,0),(15713,76,1614,1,0,0,0,0,0,0,0,0,0,0,0,0),(15712,76,1625,1,0,0,0,0,0,0,0,0,0,0,0,0),(15594,114,2365,1,16,1,0,0,0,0,0,0,0,0,0,0),(15711,76,934,2,0,1,0,0,0,0,0,0,0,0,0,0),(15710,76,1625,1,0,0,0,0,0,0,0,0,0,0,0,0),(15709,74,1045,4,0,1,0,0,0,0,0,0,0,0,0,0),(15569,114,2123,1,32,1,0,0,4253,0,0,0,0,0,0,0),(15708,74,984,20,0,1,0,0,0,0,0,0,0,0,0,0),(15591,114,2703,1,128,1,0,0,0,0,0,0,0,0,0,0),(15700,126,4358,6,0,1,0,0,0,0,0,0,0,0,0,0),(15683,126,12014,2,0,1,0,0,0,0,0,0,0,0,0,0),(16233,54,12214,28,0,1,0,0,0,0,0,0,0,0,0,0),(15587,114,2703,1,8,1,0,0,0,0,0,0,0,0,0,0),(16275,114,957,1,0,1,0,0,0,0,0,0,0,0,0,0),(15707,74,934,3,0,1,0,0,0,0,0,0,0,0,0,0),(15880,81,756,1,0,1,0,0,0,0,0,0,0,0,0,0),(15879,81,525,1,0,1,0,0,0,0,0,0,0,0,0,0),(15878,81,526,2,0,1,0,0,0,0,0,0,0,0,0,0),(15877,81,746,1,0,1,0,0,0,0,0,0,0,0,0,0),(15876,81,732,2,0,1,0,0,0,0,0,0,0,0,0,0),(16067,78,1230,1,0,1,0,0,0,0,0,0,0,0,0,0),(15874,81,7023,1,0,1,0,0,0,0,0,0,0,0,0,0),(15873,81,7566,1,0,1,0,0,0,0,0,0,0,0,0,0),(15866,79,14545,2,0,1,0,0,0,0,0,0,0,0,0,0),(16491,132,22511,1,1,1,0,0,4198,0,0,0,0,0,0,0),(16106,130,1216,1,2,1,0,0,0,0,0,0,0,0,0,0),(16105,130,1216,1,32,1,0,0,0,0,0,0,0,0,0,0),(16098,88,22040,2,0,1,0,0,0,0,0,0,0,0,0,0),(15990,126,1262,1,0,0,0,0,0,0,0,0,0,0,0,0),(15989,126,2104,1,0,0,0,0,0,0,0,0,0,0,0,0),(15859,76,22040,1,0,1,0,0,0,0,0,0,0,0,0,0),(15940,74,2617,1,0,0,0,0,0,0,0,0,0,0,0,0),(15857,74,4138,3,0,1,0,0,0,0,0,0,0,0,0,0),(15939,74,1614,1,0,0,0,0,0,0,0,0,0,0,0,0),(15938,74,2617,1,0,0,0,0,0,0,0,0,0,0,0,0),(15937,81,2234,1,0,1,0,0,0,0,0,0,0,0,0,0),(15936,81,12395,1,0,1,0,0,0,0,0,0,0,0,0,0),(15934,126,4362,3,0,1,0,0,0,0,0,0,0,0,0,0),(15850,126,607,81,0,1,0,0,0,0,0,0,0,0,0,0),(16097,88,4415,7,0,1,0,0,0,0,0,0,0,0,0,0),(16221,114,603,3,0,1,0,0,0,0,0,0,0,0,0,0),(16220,114,617,2,0,1,0,0,0,0,0,0,0,0,0,0),(16014,58,1408,1,0,1,10,0,0,0,0,0,0,0,0,0),(16076,88,4416,4,0,1,0,0,0,0,0,0,0,0,0,0),(16013,58,1408,1,0,1,10,0,0,0,0,0,0,0,0,0),(16012,79,1220,1,32,1,0,0,4092,4092,4092,0,0,0,0,0),(16011,79,1220,1,2,1,0,0,4092,4092,4092,0,0,0,0,0),(16219,114,1022,1,0,1,0,0,0,0,0,0,0,0,0,0),(16074,21,30055,1,1,1,0,0,0,0,0,0,0,0,0,0),(16319,67,616,2,0,1,0,0,0,0,0,0,0,0,0,0),(16519,132,7024,1,0,1,0,0,0,0,0,0,0,0,0,0),(16469,132,569,18,0,1,0,0,0,0,0,0,0,0,0,0),(16467,132,2510,1,0,1,0,0,0,0,0,0,0,0,0,0),(16473,131,22040,1,0,1,0,0,0,0,0,0,0,0,0,0),(16454,131,12208,2,0,1,0,0,0,0,0,0,0,0,0,0),(16453,131,569,20,0,1,0,0,0,0,0,0,0,0,0,0),(16462,132,1201,1,0,1,0,0,0,0,0,0,0,0,0,0),(16461,131,732,15,0,1,0,0,0,0,0,0,0,0,0,0),(16460,131,617,6,0,1,0,0,0,0,0,0,0,0,0,0),(16459,131,603,19,0,1,0,0,0,0,0,0,0,0,0,0),(16444,67,2393,1,0,1,0,0,4419,0,0,0,0,0,0,0),(16350,67,22390,1,512,1,0,0,0,0,0,0,0,0,0,0),(16349,67,22506,1,1,1,0,0,0,0,0,0,0,0,0,0),(16348,67,22127,1,256,1,0,0,0,0,0,0,0,0,0,0),(16437,30,984,1,0,1,0,0,0,0,0,0,0,0,0,0),(16345,67,2115,1,0,1,0,0,4128,0,0,0,0,0,0,0),(16436,30,967,1,0,1,0,0,0,0,0,0,0,0,0,0),(16435,30,601,219,0,1,0,0,0,0,0,0,0,0,0,0),(16691,116,1011,98,0,1,0,0,0,0,0,0,0,0,0,0),(16690,116,1010,100,0,1,0,0,0,0,0,0,0,0,0,0),(16664,116,984,67,0,1,0,0,0,0,0,0,0,0,0,0),(16434,64,2433,1,64,1,0,0,4131,0,0,0,0,0,0,0),(16445,67,732,12,0,1,0,0,0,0,0,0,0,0,0,0),(16696,132,1309,1,0,1,10,0,0,0,0,0,0,0,0,0),(16662,132,984,17,0,1,0,0,0,0,0,0,0,0,0,0);
/*!40000 ALTER TABLE `inventory` ENABLE KEYS */;
UNLOCK TABLES;

--
-- Table structure for table `ipbanlist`
--

DROP TABLE IF EXISTS `ipbanlist`;
CREATE TABLE IF NOT EXISTS `ipbanlist` (
  `list` varchar(255) NOT NULL default '',
  `btime` datetime NOT NULL default '0000-00-00 00:00:00',
  `rtime` datetime NOT NULL default '0000-00-00 00:00:00',
  `reason` varchar(255) NOT NULL default '',
  KEY (`list`)
) ENGINE=MyISAM;

--
-- Table structure for table `login`
--

DROP TABLE IF EXISTS `login`;
CREATE TABLE IF NOT EXISTS `login` (
  `account_id` int(11) unsigned NOT NULL auto_increment,
  `userid` varchar(23) NOT NULL default '',
  `user_pass` varchar(32) NOT NULL default '',
  `sex` enum('M','F','S') NOT NULL default 'M',
  `email` varchar(39) NOT NULL default '',
  `group_id` tinyint(3) NOT NULL default '0',
  `state` int(11) unsigned NOT NULL default '0',
  `unban_time` int(11) unsigned NOT NULL default '0',
  `expiration_time` int(11) unsigned NOT NULL default '0',
  `logincount` mediumint(9) unsigned NOT NULL default '0',
  `lastlogin` datetime NOT NULL default '0000-00-00 00:00:00',
  `last_ip` varchar(100) NOT NULL default '',
  `birthdate` DATE NOT NULL DEFAULT '0000-00-00',
  `character_slots` TINYINT( 3 ) unsigned NOT NULL default '0',
  `pincode` varchar(4) NOT NULL default '',
  `pincode_change` int(11) unsigned NOT NULL default '0',
  PRIMARY KEY  (`account_id`),
  KEY `name` (`userid`)
) ENGINE=MyISAM AUTO_INCREMENT=20000050 DEFAULT CHARSET=latin1;

--
-- Dumping data for table `login`
--

LOCK TABLES `login` WRITE;
/*!40000 ALTER TABLE `login` DISABLE KEYS */;
INSERT INTO `login` VALUES (1,'s1','p1','S','athena@athena.com',0,0,0,0,62,'2014-01-15 07:16:41','142.4.36.189','0000-00-00',0,0,0),(2000001,'17ckaHalitsaH','HastilaHack17','M','athena@athena.com',99,0,0,0,216,'2014-01-15 22:14:57','188.195.14.91','0000-00-00',0,0,0),(20000002,'wakoko321','wakoko23','M','johnsamuel_santos3@yahoo.com',99,0,0,0,16,'2014-01-13 07:36:30','114.108.214.42','0000-00-00',0,0,0),(2000011,'player','playerpass','M','athena@athena.com',0,0,0,0,0,'0000-00-00 00:00:00','','0000-00-00',0,0,0),(2000002,'xeiboxhelper','helperxeibox123','M','athena@athena.com',1,0,0,0,161,'2014-01-15 20:53:43','87.166.70.213','0000-00-00',0,0,0),(20000003,'xemi996','Stiefel99','M','hartstyler96@gmx.de',0,0,0,0,15,'2014-01-15 12:58:28','87.166.70.213','1996-07-06',0,0,0),(20000004,'Gaund','Areskigal22','M','meister.reck@freenet.de',0,0,0,0,6,'2014-01-12 01:55:17','80.226.24.15','1991-08-22',0,0,0),(20000005,'keito1991','Ww53675135','M','keito_dissidia@hotmail.com',0,0,0,0,3,'2014-01-12 02:28:21','219.92.10.211','1991-09-12',0,0,0),(20000006,'leventcclevent','erd13579akbB','M','ruzgara_larsi_isiyen_adam@hotmail.com',0,0,0,0,5,'2014-01-12 20:57:03','31.223.7.17','1984-12-29',0,0,0),(20000007,'real12','Real1234','M','big_boy11@live.de',0,0,0,0,1,'2014-01-10 18:58:41','79.249.34.180','1996-01-10',0,0,0),(20000008,'yasin123s4','Karizma11','M','yasin_97@live.de',0,0,0,0,29,'2014-01-15 18:20:13','188.195.14.91','1997-04-17',0,0,0),(20000009,'Ezel','erd13579akB','M','dara_zelir@yahoo.com',0,0,0,0,19,'2014-01-11 17:41:13','78.177.23.64','1985-01-01',0,0,0),(20000010,'kangtha','Aika082688','M','itsonlyinmygame@yahoo.com',0,0,0,0,0,'0000-00-00 00:00:00','','1997-07-06',0,0,0),(20000011,'afk123s4','Karizma11','M','adkas@live.de',0,0,0,0,11,'2014-01-15 17:22:46','188.195.14.91','1995-01-11',0,0,0),(20000012,'Yven','Avaloncode18','M','edgeyworth@web.de',0,0,0,0,0,'0000-00-00 00:00:00','','1990-05-27',0,0,0),(20000013,'dissput','Andreas90','M','andreas_hammel@hotmail.de',0,0,0,0,49,'2014-01-15 18:24:19','78.50.100.101','1990-09-11',0,0,0),(20000014,'BadSanta92','Daniel12345','F','gang-bang@msn.com',0,0,0,0,54,'2014-01-15 20:30:00','87.139.225.244','1988-08-16',0,0,0),(2000003,'Orange','lopki241','M','athena@athena.com',1,0,0,0,214,'2014-01-16 01:22:54','109.90.206.109','0000-00-00',0,0,0),(20000015,'Legend011','Lolray123','M','Ray.14@hotmail.de',0,0,0,0,19,'2014-01-16 00:14:57','84.138.89.232','1993-09-28',0,0,0),(20000016,'AlisaRomina','Ab29132910','F','a@a.com',0,0,0,0,1,'2014-01-11 22:16:17','188.107.0.3','2014-01-11',0,0,0),(20000017,'xxxklingexxx','Loled123','M','cracktester@hotmail.de',0,0,0,0,12,'2014-01-15 19:59:59','95.89.40.169','1994-07-15',0,0,0),(20000018,'yalcin123s4','karizma11','F','yasisn_97@live.de',0,0,0,0,25,'2014-01-15 21:38:59','188.195.14.91','1997-02-19',0,0,0),(20000019,'Blayck1989','14teAugust1989','M','patrick.stahl_89@web.de',0,0,0,0,2,'2014-01-12 12:58:51','88.69.134.130','1989-08-14',0,0,0),(20000020,'tigger77','Axt12345','M','Effendi28@t-online.de',0,0,0,0,5,'2014-01-13 18:02:58','93.202.65.170','1984-03-01',0,0,0),(20000021,'Eisenbahn','Lopki241','M','dark_makaveli@hotmail.de',0,0,0,0,28,'2014-01-15 22:44:43','109.90.206.109','1990-10-10',0,0,0),(20000022,'Kisaki','12Keks12','F','gogolinmichael1@live.de',0,0,0,0,2,'2014-01-12 15:29:23','77.8.176.141','2014-01-12',0,0,0),(20000023,'Jayy','Vishous010784','F','eat.you.alive@live.de',0,0,0,0,5,'2014-01-14 16:02:56','84.119.18.120','1984-07-12',0,0,0),(20000024,'Elathin','Kado1234','M','elathin@flawless-ro.de',0,0,0,0,5,'2014-01-13 13:30:55','95.91.238.110','1996-12-31',0,0,0),(20000025,'maricella1','Mullekase12','F','fontesabina@googlemail.com',0,0,0,0,3,'2014-01-13 14:57:31','95.91.242.48','1984-06-08',0,0,0),(20000026,'BadSanta','Daniel12345','M','gang-banger@arcor.de',0,0,0,0,3,'2014-01-15 19:09:11','87.139.225.244','1987-09-17',0,0,0),(20000027,'lnstrq','Steven241','M','Steven.k@hotmail.de',0,0,0,0,19,'2014-01-16 03:34:00','95.91.255.172','1990-09-30',0,0,0),(20000028,'fiberass','Lacap143','F','vennramos@gmail.com',0,0,0,0,49,'2014-01-15 18:07:25','112.205.22.55','1996-05-04',0,0,0),(20000029,'mori','Heko1962xx','M','heikoundsylke@t-online.de',0,0,0,0,0,'0000-00-00 00:00:00','','1984-04-19',0,0,0),(20000030,'rubina','Ragnar84','F','K.Behr@gmx.de',0,0,0,0,0,'0000-00-00 00:00:00','','1994-03-13',0,0,0),(20000031,'RavensCrow','Menno123','M','arschomarto12345@web.de',0,0,0,0,3,'2014-01-14 21:54:23','92.74.173.144','1999-10-02',0,0,0),(20000032,'Kohle','Geld0506','F','Beacats@web.de',0,0,0,0,3,'2014-01-15 12:23:45','178.200.14.245','2014-06-05',0,0,0),(20000033,'dissput2','Andreas90','F','diamond184@web.de',0,0,0,0,5,'2014-01-15 14:05:05','78.50.100.101','1990-09-11',0,0,0),(20000034,'Kuschelcat','Mut6vome5','F','blade1314@hotmail.de',0,0,0,0,6,'2014-01-15 21:07:51','79.227.42.60','1992-03-11',0,0,0),(20000035,'mjnonk','AdelsAAd123','M','eroj3@hotmail.com',0,0,0,0,4,'2014-01-14 01:29:27','94.98.207.113','2014-12-14',0,0,0),(20000036,'Winfried','de017507776W','M','winnibrueckmann@web.de',0,0,0,0,11,'2014-01-15 16:12:22','178.200.14.245','2014-01-11',0,0,0),(20000037,'Gennaro','753159REng','M','koehlerjerome@gmail.com',0,0,0,0,4,'2014-01-15 14:53:38','85.94.237.237','2014-01-14',0,0,0),(20000038,'Sponge','Lopki132','M','chaku@hotmail.de',0,0,0,0,3,'2014-01-15 20:02:54','109.90.206.109','1990-01-14',0,0,0),(20000039,'derdigge1991','Digger917619','M','der.digge@ewetel.net',0,0,0,0,2,'2014-01-14 22:19:21','91.96.31.66','1991-02-19',0,0,0),(20000040,'rosvidavid','Rosvi101','M','rosvidavid_22@yahoo.com',0,0,0,0,0,'0000-00-00 00:00:00','','1988-08-10',0,0,0),(20000041,'Ysami','Donner22','F','schaefchenlosheim@hotmail.de',0,0,0,0,0,'0000-00-00 00:00:00','','1999-04-06',0,0,0),(20000042,'bestboyvn87','Thao1208','M','bestboyvn87@yahoo.com',0,0,0,0,5,'2014-01-16 03:00:04','134.109.105.23','2014-01-15',0,0,0),(20000043,'teddyop','Pimmel123','F','edgarx3@hotmail.de',0,0,0,0,1,'2014-01-15 21:35:26','79.203.68.168','1996-06-09',0,0,0),(20000044,'Wellsie','Snoopy1988','F','kira_1919@hotmail.de',0,0,0,0,1,'2014-01-15 21:58:44','31.150.20.137','1988-09-19',0,0,0),(20000045,'darklight','Skaten2590','M','dark-cid174@hotmail.de',0,0,0,0,3,'2014-01-16 01:39:41','88.152.45.83','1990-02-25',0,0,0),(20000046,'lady','Jan190181','F','lady0081@gmx.de',0,0,0,0,1,'2014-01-15 22:16:21','188.96.64.139','1991-01-19',0,0,0),(20000047,'Hellbourne','Angie030993','M','jan.paix@hotmail.de',0,0,0,0,0,'0000-00-00 00:00:00','','1993-09-03',0,0,0),(20000048,'steven','Tekken241','F','Lanstarq@web.de',0,0,0,0,1,'2014-01-15 23:53:13','95.91.255.172','1992-06-07',0,0,0),(20000049,'theredwanderer','XLdtxg2ja','M','admin@augustus.net',0,0,0,0,0,'0000-00-00 00:00:00','','1989-05-20',0,0,0),(20000050,'xXColaXx','Darkside93','F','kevinfunke@live.de',0,0,0,0,2,'2014-01-16 13:23:28','217.188.238.218','2014-07-04',0,0,0),(20000051,'Saru','Sauerkraut94','M','funsel13@web.de',0,0,0,0,0,'0000-00-00 00:00:00','','2011-01-16',0,0,0),(20000052,'Azia','Funglau18','M','lau1993@live.de',0,0,0,0,4,'2014-01-16 20:24:57','87.143.104.155','1993-03-07',0,0,0);
/*!40000 ALTER TABLE `login` ENABLE KEYS */;
UNLOCK TABLES;


--
-- Table structure for table `mapreg`
--

DROP TABLE IF EXISTS `mapreg`;
CREATE TABLE IF NOT EXISTS `mapreg` (
  `varname` varchar(32) BINARY NOT NULL,
  `index` int(11) unsigned NOT NULL default '0',
  `value` varchar(255) NOT NULL,
  PRIMARY KEY  (`varname`,`index`)
) ENGINE=MyISAM;

--
-- Table structure for table `sc_data`
--

DROP TABLE IF EXISTS `sc_data`;
CREATE TABLE IF NOT EXISTS `sc_data` (
  `account_id` int(11) unsigned NOT NULL,
  `char_id` int(11) unsigned NOT NULL,
  `type` smallint(11) unsigned NOT NULL,
  `tick` int(11) NOT NULL,
  `val1` int(11) NOT NULL default '0',
  `val2` int(11) NOT NULL default '0',
  `val3` int(11) NOT NULL default '0',
  `val4` int(11) NOT NULL default '0',
  KEY (`account_id`),
  KEY (`char_id`)
) ENGINE=MyISAM;

--
-- Table structure for table `mail`
--

DROP TABLE IF EXISTS `mail`;
CREATE TABLE IF NOT EXISTS `mail` (
  `id` bigint(20) unsigned NOT NULL auto_increment,
  `send_name` varchar(30) NOT NULL default '',
  `send_id` int(11) unsigned NOT NULL default '0',
  `dest_name` varchar(30) NOT NULL default '',
  `dest_id` int(11) unsigned NOT NULL default '0',
  `title` varchar(45) NOT NULL default '',
  `message` varchar(255) NOT NULL default '',
  `time` int(11) unsigned NOT NULL default '0',
  `status` tinyint(2) NOT NULL default '0',
  `zeny` int(11) unsigned NOT NULL default '0',
  `nameid` int(11) unsigned NOT NULL default '0',
  `amount` int(11) unsigned NOT NULL default '0',
  `refine` tinyint(3) unsigned NOT NULL default '0',
  `attribute` tinyint(4) unsigned NOT NULL default '0',
  `identify` smallint(6) NOT NULL default '0',
  `card0` smallint(11) NOT NULL default '0',
  `card1` smallint(11) NOT NULL default '0',
  `card2` smallint(11) NOT NULL default '0',
  `card3` smallint(11) NOT NULL default '0',
  `unique_id` bigint(20) unsigned NOT NULL default '0',
  PRIMARY KEY  (`id`)
) ENGINE=MyISAM;

--
-- Table structure for table `memo`
--

DROP TABLE IF EXISTS `memo`;
CREATE TABLE IF NOT EXISTS `memo` (
  `memo_id` int(11) unsigned NOT NULL auto_increment,
  `char_id` int(11) unsigned NOT NULL default '0',
  `map` varchar(11) NOT NULL default '',
  `x` smallint(4) unsigned NOT NULL default '0',
  `y` smallint(4) unsigned NOT NULL default '0',
  PRIMARY KEY  (`memo_id`),
  KEY `char_id` (`char_id`)
) ENGINE=MyISAM;

--
-- Table structure for table `mercenary`
--

DROP TABLE IF EXISTS `mercenary`;
CREATE TABLE IF NOT EXISTS `mercenary` (
  `mer_id` int(11) unsigned NOT NULL auto_increment,
  `char_id` int(11) NOT NULL,
  `class` mediumint(9) unsigned NOT NULL default '0',
  `hp` int(12) NOT NULL default '1',
  `sp` int(12) NOT NULL default '1',
  `kill_counter` int(11) NOT NULL,
  `life_time` int(11) NOT NULL default '0',
  PRIMARY KEY  (`mer_id`)
) ENGINE=MyISAM;

--
-- Table structure for table `mercenary_owner`
--

DROP TABLE IF EXISTS `mercenary_owner`;
CREATE TABLE IF NOT EXISTS `mercenary_owner` (
  `char_id` int(11) NOT NULL,
  `merc_id` int(11) NOT NULL default '0',
  `arch_calls` int(11) NOT NULL default '0',
  `arch_faith` int(11) NOT NULL default '0',
  `spear_calls` int(11) NOT NULL default '0',
  `spear_faith` int(11) NOT NULL default '0',
  `sword_calls` int(11) NOT NULL default '0',
  `sword_faith` int(11) NOT NULL default '0',
  PRIMARY KEY  (`char_id`)
) ENGINE=MyISAM;

--
-- Table structure for table `party`
--

DROP TABLE IF EXISTS `party`;
CREATE TABLE IF NOT EXISTS `party` (
  `party_id` int(11) unsigned NOT NULL auto_increment,
  `name` varchar(24) NOT NULL default '',
  `exp` tinyint(11) unsigned NOT NULL default '0',
  `item` tinyint(11) unsigned NOT NULL default '0',
  `leader_id` int(11) unsigned NOT NULL default '0',
  `leader_char` int(11) unsigned NOT NULL default '0',
  PRIMARY KEY  (`party_id`)
) ENGINE=MyISAM;

--
-- Dumping data for table `party`
--

LOCK TABLES `party` WRITE;
/*!40000 ALTER TABLE `party` DISABLE KEYS */;
INSERT INTO `party` VALUES (1,'boom',0,0,20000013,29),(5,'dddd',0,0,20000021,67),(6,'paaaarty',1,3,20000032,72),(8,'Only4You',1,0,20000003,21),(14,'blaaaaa',1,3,20000032,74),(10,'teddyisnoob',0,0,20000043,85),(11,'bufffs',0,0,20000021,115),(12,'Event-Time',0,0,2000001,18),(13,'dsds',0,0,20000021,50),(15,'<3',1,0,20000047,130);
/*!40000 ALTER TABLE `party` ENABLE KEYS */;
UNLOCK TABLES;

--
-- Table structure for table `pet`
--

DROP TABLE IF EXISTS `pet`;
CREATE TABLE IF NOT EXISTS `pet` (
  `pet_id` int(11) unsigned NOT NULL auto_increment,
  `class` mediumint(9) unsigned NOT NULL default '0',
  `name` varchar(24) NOT NULL default '',
  `account_id` int(11) unsigned NOT NULL default '0',
  `char_id` int(11) unsigned NOT NULL default '0',
  `level` smallint(4) unsigned NOT NULL default '0',
  `egg_id` smallint(11) unsigned NOT NULL default '0',
  `equip` mediumint(8) unsigned NOT NULL default '0',
  `intimate` smallint(9) unsigned NOT NULL default '0',
  `hungry` smallint(9) unsigned NOT NULL default '0',
  `rename_flag` tinyint(4) unsigned NOT NULL default '0',
  `incuvate` int(11) unsigned NOT NULL default '0',
  PRIMARY KEY  (`pet_id`)
) ENGINE=MyISAM;

--
-- Table structure for table `quest`
--

DROP TABLE IF EXISTS `quest`;
CREATE TABLE IF NOT EXISTS `quest` (
  `char_id` int(11) unsigned NOT NULL default '0',
  `quest_id` int(10) unsigned NOT NULL,
  `state` enum('0','1','2') NOT NULL default '0',
  `time` int(11) unsigned NOT NULL default '0',
  `count1` mediumint(8) unsigned NOT NULL default '0',
  `count2` mediumint(8) unsigned NOT NULL default '0',
  `count3` mediumint(8) unsigned NOT NULL default '0',
  PRIMARY KEY  (`char_id`,`quest_id`)
) ENGINE=MyISAM;

--
-- Dumping data for table `quest`
--

LOCK TABLES `quest` WRITE;
/*!40000 ALTER TABLE `quest` DISABLE KEYS */;
INSERT INTO `quest` VALUES (26,2086,'1',0,0,0,0),(30,2086,'1',0,0,0,0),(30,3056,'2',0,0,0,0);
/*!40000 ALTER TABLE `quest` ENABLE KEYS */;
UNLOCK TABLES;

--
-- Table structure for table `ragsrvinfo`
--

DROP TABLE IF EXISTS `ragsrvinfo`;
CREATE TABLE IF NOT EXISTS `ragsrvinfo` (
  `index` int(11) NOT NULL default '0',
  `name` varchar(255) NOT NULL default '',
  `exp` int(11) unsigned NOT NULL default '0',
  `jexp` int(11) unsigned NOT NULL default '0',
  `drop` int(11) unsigned NOT NULL default '0'
) ENGINE=MyISAM;

--
-- Table structure for table `skill`
--

DROP TABLE IF EXISTS `skill`;
CREATE TABLE IF NOT EXISTS `skill` (
  `char_id` int(11) unsigned NOT NULL default '0',
  `id` smallint(11) unsigned NOT NULL default '0',
  `lv` tinyint(4) unsigned NOT NULL default '0',
  `flag` TINYINT(1) UNSIGNED NOT NULL default 0,
  PRIMARY KEY  (`char_id`,`id`)
) ENGINE=MyISAM;

--
-- Dumping data for table `skill`
--

LOCK TABLES `skill` WRITE;
/*!40000 ALTER TABLE `skill` DISABLE KEYS */;
INSERT INTO `skill` VALUES (1,2496,2,0),(1,2495,2,0),(1,2494,1,0),(1,2493,1,0),(1,2492,5,0),(1,2490,5,0),(1,2486,5,0),(1,2485,5,0),(1,2483,10,0),(1,2482,5,0),(1,2481,5,0),(1,2480,5,0),(1,2479,5,0),(1,2478,5,0),(1,2477,5,0),(1,2476,5,0),(1,2475,5,0),(1,2474,5,0),(1,247,5,0),(1,244,1,0),(1,243,1,0),(1,237,5,0),(1,236,5,0),(1,235,5,0),(1,234,5,0),(1,233,5,0),(1,232,5,0),(1,231,5,0),(1,230,5,0),(1,229,5,0),(1,228,10,0),(1,227,10,0),(1,226,10,0),(1,154,1,0),(1,153,1,0),(1,93,1,0),(1,92,5,0),(1,91,5,0),(1,90,5,0),(1,89,10,0),(1,88,10,0),(1,87,10,0),(1,86,5,0),(1,85,10,0),(1,84,10,0),(1,83,10,0),(1,81,10,0),(1,80,10,0),(1,42,10,0),(1,41,10,0),(1,40,1,0),(1,39,10,0),(1,38,10,0),(1,37,10,0),(1,36,10,0),(1,21,10,0),(1,20,10,0),(1,19,10,0),(1,18,10,0),(1,17,10,0),(1,16,10,0),(1,15,10,0),(1,14,10,0),(1,13,10,0),(1,12,10,0),(1,11,10,0),(1,10,1,0),(1,9,10,0),(1,1,9,0),(1,2497,10,0),(4,1,9,0),(4,48,10,0),(4,49,10,0),(4,50,10,0),(4,51,10,0),(4,52,10,0),(4,53,1,0),(4,132,5,0),(4,133,5,0),(4,134,10,0),(4,135,10,0),(4,136,10,0),(4,137,5,0),(4,138,10,0),(4,139,10,0),(4,140,10,0),(4,141,10,0),(4,142,1,0),(4,149,1,0),(4,150,1,0),(4,151,1,0),(4,152,1,0),(4,376,5,0),(4,378,5,0),(4,379,10,0),(4,406,10,0),(4,407,1,0),(4,1003,1,0),(4,1004,1,0),(14,139,10,0),(14,138,10,0),(14,137,5,0),(14,136,10,0),(13,407,1,0),(13,406,10,0),(13,379,10,0),(13,378,5,0),(13,376,5,0),(13,141,10,0),(13,140,10,0),(13,139,10,0),(13,138,10,0),(13,137,5,0),(13,136,10,0),(13,135,10,0),(13,134,10,0),(13,133,5,0),(13,132,5,0),(13,53,1,0),(13,52,10,0),(13,51,10,0),(13,50,10,0),(13,49,10,0),(13,48,10,0),(13,1,9,0),(9,1,9,0),(9,142,1,0),(9,143,1,0),(9,144,1,0),(9,145,1,0),(9,146,1,0),(9,1001,1,0),(14,135,10,0),(14,134,10,0),(14,133,5,0),(14,132,5,0),(14,53,1,0),(14,52,10,0),(14,51,10,0),(14,50,10,0),(14,49,10,0),(14,48,10,0),(14,1,9,0),(14,140,10,0),(14,141,10,0),(14,142,1,0),(14,143,1,0),(14,149,1,0),(14,150,1,0),(14,151,1,0),(14,152,1,0),(14,376,5,0),(14,378,5,0),(14,379,10,0),(14,406,10,0),(14,407,1,0),(14,1003,1,0),(14,1004,1,0),(15,1,9,0),(16,1,9,0),(19,1,9,0),(19,48,10,0),(19,49,10,0),(19,50,10,0),(19,51,10,0),(19,52,10,0),(19,53,1,0),(19,132,5,0),(19,133,5,0),(19,134,10,0),(19,135,10,0),(19,136,10,0),(19,137,5,0),(19,138,10,0),(19,139,10,0),(19,140,10,0),(19,141,10,0),(19,376,5,0),(19,378,5,0),(19,379,10,0),(19,406,10,0),(19,407,1,0),(34,489,5,0),(34,488,5,0),(34,487,5,0),(34,401,1,0),(34,396,1,0),(35,536,5,0),(35,535,10,0),(35,534,10,0),(35,533,10,0),(35,142,1,0),(35,1,9,0),(31,1006,1,0),(31,483,1,0),(31,366,10,0),(31,365,1,0),(31,364,10,0),(31,157,1,0),(31,143,1,0),(34,395,5,0),(34,394,10,0),(34,372,10,0),(34,371,5,0),(20,1016,1,0),(20,1015,1,0),(20,271,5,0),(34,370,5,0),(34,322,10,0),(34,321,10,0),(34,320,10,0),(34,319,10,0),(34,318,5,0),(34,317,5,0),(34,316,5,0),(34,315,10,0),(34,313,5,0),(34,312,1,0),(34,311,1,0),(34,310,5,0),(34,309,5,0),(34,308,1,0),(34,307,5,0),(34,306,1,0),(34,305,1,0),(34,304,1,0),(34,273,5,0),(34,272,5,0),(34,271,5,0),(34,270,5,0),(34,269,5,0),(34,268,5,0),(34,267,5,0),(34,266,5,0),(34,265,10,0),(34,264,1,0),(34,263,10,0),(34,262,1,0),(34,261,5,0),(20,270,5,0),(20,267,3,0),(20,266,3,0),(20,262,1,0),(20,261,5,0),(20,259,2,0),(20,156,1,0),(20,142,1,0),(20,34,10,0),(20,29,10,0),(20,28,10,0),(20,27,1,0),(20,26,2,0),(20,24,1,0),(20,23,10,0),(20,22,10,0),(20,1,9,0),(22,142,1,0),(22,149,1,0),(22,150,1,0),(22,151,1,0),(22,152,1,0),(22,1003,1,0),(22,132,5,0),(22,52,10,0),(22,51,10,0),(22,50,9,0),(22,49,10,0),(22,48,10,0),(22,1,9,0),(22,1004,1,0),(23,45,10,0),(23,46,10,0),(23,142,1,0),(23,147,1,0),(24,1,9,0),(23,44,10,0),(23,43,9,0),(23,1,9,0),(23,148,1,0),(25,1,9,0),(21,1004,1,0),(78,1004,1,0),(78,1003,1,0),(78,407,1,0),(78,406,10,0),(78,379,10,0),(78,378,5,0),(78,376,5,0),(78,152,1,0),(78,151,1,0),(78,150,1,0),(69,237,3,0),(69,235,1,0),(69,233,5,0),(26,1001,1,0),(26,146,1,0),(26,145,1,0),(26,144,1,0),(26,143,1,0),(26,142,1,0),(26,63,1,0),(26,62,10,0),(26,61,5,0),(26,60,10,0),(26,8,10,0),(26,7,4,0),(26,6,5,0),(26,5,10,0),(26,4,10,0),(26,3,5,0),(26,2,10,0),(26,1,9,0),(27,49,10,0),(27,50,10,0),(27,51,8,0),(27,52,10,0),(27,53,1,0),(27,142,1,0),(27,48,10,0),(27,2,10,0),(27,149,1,0),(27,150,1,0),(27,151,1,0),(27,152,1,0),(27,1,9,0),(27,210,10,0),(27,211,10,0),(27,212,4,0),(27,213,5,0),(27,216,5,0),(27,218,5,0),(27,1005,1,0),(28,1,9,0),(28,36,10,0),(28,37,9,0),(28,39,10,0),(28,41,10,0),(28,42,10,0),(28,142,1,0),(28,153,1,0),(28,154,1,0),(28,155,1,0),(21,1003,1,0),(21,407,1,0),(21,379,10,0),(21,378,5,0),(21,152,1,0),(21,151,1,0),(21,150,1,0),(21,149,1,0),(21,143,1,0),(21,142,1,0),(29,1001,1,0),(29,399,7,0),(29,398,3,0),(29,359,1,0),(29,358,1,0),(29,357,5,0),(29,356,10,0),(29,355,5,0),(29,146,1,0),(29,145,1,0),(29,144,1,0),(29,143,1,0),(29,142,1,0),(29,64,5,0),(29,63,1,0),(29,62,10,0),(29,61,5,0),(29,60,10,0),(29,59,5,0),(29,58,10,0),(34,260,5,0),(31,142,1,0),(32,146,1,0),(31,93,1,0),(31,92,5,0),(29,56,10,0),(29,55,10,0),(34,259,10,0),(31,91,5,0),(31,90,3,0),(31,89,10,0),(31,87,1,0),(31,85,10,0),(31,84,10,0),(31,21,1,0),(31,20,4,0),(31,19,10,0),(31,16,1,0),(31,15,1,0),(31,14,10,0),(31,13,7,0),(31,12,10,0),(32,145,1,0),(32,144,1,0),(32,142,1,0),(32,1,9,0),(29,8,10,0),(29,7,10,0),(29,6,10,0),(29,5,10,0),(29,4,10,0),(29,3,10,0),(29,2,10,0),(29,1,9,0),(34,47,10,0),(34,46,10,0),(34,45,10,0),(34,44,10,0),(34,43,10,0),(34,35,1,0),(34,34,10,0),(34,33,10,0),(34,32,10,0),(34,31,1,0),(34,30,10,0),(34,29,10,0),(34,28,10,0),(34,27,4,0),(34,26,2,0),(35,537,10,0),(35,538,10,0),(35,539,5,0),(35,540,10,0),(35,541,5,0),(35,542,5,0),(38,1,9,0),(38,48,10,0),(38,49,10,0),(38,50,10,0),(38,51,8,0),(38,52,10,0),(38,53,1,0),(38,132,5,0),(38,133,5,0),(38,134,10,0),(38,135,10,0),(38,136,5,0),(38,138,6,0),(38,142,1,0),(38,143,1,0),(38,149,1,0),(38,150,1,0),(38,151,1,0),(38,152,1,0),(38,376,5,0),(38,378,5,0),(38,379,10,0),(38,406,10,0),(38,407,1,0),(38,1003,1,0),(38,1004,1,0),(34,25,1,0),(34,24,1,0),(34,23,10,0),(87,1004,1,0),(87,1003,1,0),(87,152,1,0),(87,151,1,0),(87,150,1,0),(87,149,1,0),(86,155,1,0),(86,154,1,0),(86,153,1,0),(86,142,1,0),(86,41,9,0),(85,280,2,0),(85,281,2,0),(85,282,2,0),(85,283,1,0),(85,284,4,0),(85,285,5,0),(85,286,5,0),(85,287,5,0),(85,288,5,0),(84,1,9,0),(84,142,1,0),(84,147,1,0),(84,148,1,0),(78,149,1,0),(62,1,9,0),(62,9,10,0),(62,10,1,0),(18,1,9,0),(18,36,10,0),(31,11,7,0),(44,493,1,0),(44,444,1,0),(44,443,10,0),(44,442,3,0),(44,440,5,0),(44,439,5,0),(44,438,5,0),(44,437,3,0),(44,436,3,0),(44,435,3,0),(44,434,3,0),(44,433,4,0),(44,432,4,0),(44,431,4,0),(44,430,3,0),(44,429,3,0),(44,428,3,0),(44,427,3,0),(44,426,5,0),(44,425,7,0),(44,424,5,0),(44,423,10,0),(44,422,10,0),(44,421,7,0),(44,420,1,0),(44,419,7,0),(44,418,1,0),(44,417,7,0),(44,416,1,0),(44,415,7,0),(44,414,1,0),(44,413,7,0),(44,412,1,0),(44,411,10,0),(44,142,1,0),(44,1,9,0),(46,1,9,0),(45,1,9,0),(45,142,1,0),(45,411,10,0),(45,412,1,0),(45,413,7,0),(45,414,1,0),(45,415,7,0),(45,416,1,0),(45,417,7,0),(45,418,1,0),(45,419,7,0),(45,420,1,0),(45,421,7,0),(45,422,10,0),(45,423,10,0),(45,424,5,0),(45,425,7,0),(45,426,5,0),(45,427,3,0),(45,428,3,0),(45,429,3,0),(45,430,3,0),(45,431,4,0),(45,432,4,0),(45,433,4,0),(45,434,3,0),(45,435,3,0),(45,436,3,0),(45,437,3,0),(45,438,5,0),(45,439,5,0),(45,440,5,0),(45,442,3,0),(45,443,10,0),(45,444,1,0),(45,493,1,0),(17,1,9,0),(46,36,5,0),(46,37,3,0),(46,38,10,0),(46,39,3,0),(46,41,10,0),(46,42,10,0),(46,142,1,0),(46,153,1,0),(46,154,1,0),(46,155,1,0),(46,1012,1,0),(46,1013,1,0),(33,36,10,0),(33,37,10,0),(33,38,10,0),(33,39,1,0),(33,142,1,0),(33,153,1,0),(33,154,1,0),(33,155,1,0),(47,135,10,0),(47,136,7,0),(47,138,10,0),(47,142,1,0),(47,149,1,0),(47,150,1,0),(47,151,1,0),(47,152,1,0),(47,1003,1,0),(47,134,10,0),(47,133,5,0),(47,132,5,0),(47,53,1,0),(47,52,10,0),(47,51,10,0),(47,50,10,0),(47,49,10,0),(47,48,10,0),(47,1,9,0),(47,1004,1,0),(31,10,1,0),(31,9,5,0),(31,1,9,0),(48,1002,1,0),(48,258,10,0),(48,257,1,0),(48,254,5,0),(48,253,10,0),(75,1,9,0),(75,1006,1,0),(75,157,1,0),(75,142,1,0),(75,21,5,0),(75,20,6,0),(48,252,10,0),(48,251,5,0),(48,250,5,0),(48,249,10,0),(48,248,10,0),(48,146,1,0),(50,1016,1,0),(51,1,9,0),(51,142,1,0),(51,144,1,0),(51,145,1,0),(51,146,1,0),(52,1009,1,0),(52,383,10,0),(52,382,5,0),(52,381,5,0),(37,142,1,0),(37,143,1,0),(37,156,1,0),(37,259,10,0),(37,260,2,0),(37,261,5,0),(37,262,1,0),(37,263,5,0),(37,264,1,0),(37,265,10,0),(53,1013,1,0),(53,1012,1,0),(53,155,1,0),(53,154,1,0),(53,153,1,0),(37,26,2,0),(37,27,4,0),(37,28,10,0),(37,29,10,0),(37,34,9,0),(52,380,10,0),(52,148,1,0),(52,147,1,0),(52,143,1,0),(52,142,1,0),(52,130,4,0),(54,132,5,0),(37,266,3,0),(37,267,5,0),(37,268,3,0),(37,269,2,0),(37,270,5,0),(37,271,5,0),(37,272,3,0),(37,273,3,0),(37,401,1,0),(37,1015,1,0),(37,1016,1,0),(37,25,1,0),(37,24,1,0),(37,23,10,0),(37,22,10,0),(37,1,9,0),(53,142,1,0),(53,114,5,0),(53,113,5,0),(53,112,5,0),(53,111,3,0),(53,110,2,0),(53,108,1,0),(52,129,5,0),(52,128,10,0),(30,1016,1,0),(30,1015,1,0),(30,401,1,0),(30,372,10,0),(30,371,5,0),(30,370,5,0),(30,273,5,0),(30,272,5,0),(52,127,1,0),(52,126,10,0),(52,47,9,0),(52,46,10,0),(52,45,10,0),(43,155,1,0),(43,154,1,0),(43,153,1,0),(43,142,1,0),(43,42,10,0),(43,40,1,0),(43,39,8,0),(43,38,10,0),(43,37,10,0),(43,36,10,0),(43,1,9,0),(50,1015,1,0),(50,401,1,0),(55,1,9,0),(55,36,10,0),(55,37,10,0),(55,38,10,0),(55,39,10,0),(56,142,1,0),(56,53,1,0),(56,52,8,0),(56,51,10,0),(56,50,10,0),(56,49,10,0),(55,42,10,0),(55,105,1,0),(55,107,2,0),(55,110,2,0),(55,111,5,0),(55,112,5,0),(55,113,5,0),(55,114,5,0),(55,142,1,0),(55,153,1,0),(55,154,1,0),(55,155,1,0),(55,1012,1,0),(55,1013,1,0),(50,370,5,0),(50,273,3,0),(50,272,3,0),(50,271,5,0),(50,270,5,0),(50,269,5,0),(50,268,3,0),(50,267,5,0),(50,266,5,0),(50,265,10,0),(50,264,1,0),(50,263,10,0),(50,262,1,0),(50,261,5,0),(50,260,5,0),(50,259,10,0),(54,53,1,0),(54,52,10,0),(54,51,10,0),(54,50,10,0),(54,49,10,0),(50,156,1,0),(50,143,1,0),(50,142,1,0),(50,34,10,0),(50,30,10,0),(50,29,10,0),(50,28,10,0),(50,27,4,0),(50,26,2,0),(50,25,1,0),(50,24,1,0),(50,23,10,0),(50,22,10,0),(50,1,9,0),(58,355,5,0),(58,146,1,0),(58,145,1,0),(58,144,1,0),(58,143,1,0),(59,1009,1,0),(58,142,1,0),(58,64,5,0),(58,63,1,0),(58,62,10,0),(58,61,5,0),(58,60,10,0),(58,59,5,0),(58,56,3,0),(58,55,5,0),(58,8,10,0),(58,7,10,0),(58,6,10,0),(58,5,10,0),(58,4,9,0),(59,148,1,0),(59,147,1,0),(59,142,1,0),(59,131,1,0),(59,130,4,0),(59,129,5,0),(59,128,7,0),(59,127,1,0),(59,126,10,0),(58,3,5,0),(58,2,1,0),(58,1,9,0),(59,124,1,0),(59,120,5,0),(59,117,5,0),(59,116,5,0),(59,115,5,0),(59,47,10,0),(59,46,10,0),(59,45,9,0),(30,271,5,0),(30,270,5,0),(30,269,2,0),(30,268,5,0),(30,267,5,0),(30,266,5,0),(30,265,5,0),(30,264,1,0),(30,263,10,0),(30,262,1,0),(59,44,10,0),(59,43,10,0),(59,1,9,0),(30,261,5,0),(30,260,2,0),(30,259,7,0),(30,156,1,0),(30,143,1,0),(30,142,1,0),(30,35,1,0),(30,34,10,0),(30,33,10,0),(30,30,10,0),(30,29,10,0),(30,28,10,0),(30,27,4,0),(30,26,2,0),(30,25,1,0),(30,24,1,0),(30,23,10,0),(30,22,10,0),(30,1,9,0),(52,44,10,0),(52,43,10,0),(52,1,9,0),(56,48,10,0),(56,1,9,0),(56,149,1,0),(56,150,1,0),(56,151,1,0),(56,152,1,0),(56,1003,1,0),(56,1004,1,0),(104,381,5,0),(104,380,10,0),(104,148,1,0),(104,147,1,0),(104,143,1,0),(61,1,9,0),(61,36,10,0),(61,37,10,0),(61,38,10,0),(61,39,10,0),(61,41,10,0),(61,42,10,0),(61,94,5,0),(61,95,5,0),(61,96,5,0),(61,97,5,0),(61,98,1,0),(53,107,2,0),(53,106,1,0),(53,105,1,0),(53,104,3,0),(53,99,3,0),(53,98,2,0),(53,97,5,0),(53,96,5,0),(53,95,5,0),(53,94,1,0),(53,41,9,0),(53,39,10,0),(53,38,10,0),(53,37,10,0),(53,36,10,0),(53,1,9,0),(61,99,2,0),(61,101,3,0),(61,102,2,0),(61,103,1,0),(61,105,1,0),(61,106,1,0),(61,107,10,0),(61,108,1,0),(61,109,5,0),(61,110,5,0),(61,111,5,0),(61,112,5,0),(61,113,5,0),(61,114,5,0),(61,142,1,0),(61,143,1,0),(61,153,1,0),(61,154,1,0),(61,155,1,0),(61,384,10,0),(61,387,1,0),(61,477,10,0),(61,485,10,0),(61,486,5,0),(61,1012,1,0),(61,1013,1,0),(64,1,9,0),(64,22,10,0),(64,23,10,0),(64,24,1,0),(64,25,1,0),(64,26,2,0),(64,27,4,0),(64,28,10,0),(64,29,10,0),(64,34,10,0),(64,142,1,0),(64,143,1,0),(64,156,1,0),(64,259,10,0),(64,260,5,0),(64,261,5,0),(64,262,1,0),(64,263,10,0),(64,264,1,0),(64,265,10,0),(64,266,5,0),(64,267,5,0),(64,268,5,0),(64,269,5,0),(64,270,5,0),(64,271,5,0),(64,272,3,0),(64,273,3,0),(64,370,5,0),(64,401,1,0),(64,1015,1,0),(65,399,10,0),(65,398,5,0),(65,397,5,0),(65,359,1,0),(65,358,1,0),(65,357,5,0),(65,356,10,0),(65,355,5,0),(65,64,5,0),(65,63,1,0),(65,62,10,0),(65,61,5,0),(65,60,10,0),(65,59,5,0),(65,58,10,0),(65,57,10,0),(65,56,10,0),(65,55,10,0),(65,8,10,0),(65,7,10,0),(65,6,10,0),(65,5,10,0),(65,4,10,0),(65,3,10,0),(65,2,10,0),(65,1,9,0),(64,1016,1,0),(66,406,5,0),(66,379,1,0),(66,378,5,0),(66,152,1,0),(66,151,1,0),(66,150,1,0),(66,149,1,0),(66,143,1,0),(66,142,1,0),(66,139,2,0),(66,138,6,0),(66,136,5,0),(66,135,10,0),(66,134,10,0),(66,133,5,0),(66,132,5,0),(66,53,1,0),(66,52,10,0),(66,51,10,0),(66,50,8,0),(67,1,9,0),(67,36,10,0),(67,37,10,0),(67,38,10,0),(67,39,10,0),(67,40,1,0),(67,42,8,0),(67,142,1,0),(67,143,1,0),(67,153,1,0),(68,155,1,0),(68,154,1,0),(68,153,1,0),(68,143,1,0),(68,142,1,0),(68,42,10,0),(68,41,10,0),(68,40,1,0),(68,39,3,0),(68,38,10,0),(68,37,3,0),(68,36,10,0),(68,1,9,0),(69,232,5,0),(69,231,5,0),(69,230,5,0),(69,229,5,0),(69,228,10,0),(69,227,10,0),(69,155,1,0),(69,154,1,0),(69,153,1,0),(69,142,1,0),(104,142,1,0),(104,131,5,0),(104,130,4,0),(104,129,5,0),(66,1004,1,0),(66,1003,1,0),(66,407,1,0),(72,20,4,0),(72,19,10,0),(72,16,1,0),(62,11,7,0),(62,12,10,0),(62,13,7,0),(62,14,5,0),(62,15,2,0),(62,16,1,0),(62,19,10,0),(62,20,4,0),(62,21,1,0),(62,81,2,0),(72,15,1,0),(72,21,9,0),(72,81,2,0),(71,7,10,0),(104,115,5,0),(62,83,10,0),(62,84,10,0),(92,1,9,0),(92,48,10,0),(92,49,10,0),(73,1004,1,0),(73,1003,1,0),(73,152,1,0),(73,151,1,0),(73,150,1,0),(73,149,1,0),(104,116,5,0),(104,117,5,0),(104,118,5,0),(104,119,5,0),(104,120,5,0),(104,121,5,0),(104,122,5,0),(104,123,5,0),(104,124,1,0),(104,125,1,0),(104,126,10,0),(104,127,1,0),(104,128,10,0),(73,142,1,0),(73,133,5,0),(71,63,1,0),(71,62,10,0),(71,61,5,0),(71,60,10,0),(71,55,5,0),(71,8,6,0),(73,132,5,0),(73,53,1,0),(73,52,10,0),(73,51,10,0),(73,50,10,0),(73,49,10,0),(73,48,10,0),(73,1,9,0),(74,1014,1,0),(74,156,1,0),(74,142,1,0),(74,79,10,0),(74,78,1,0),(74,77,10,0),(74,76,5,0),(74,74,3,0),(74,72,1,0),(74,70,3,0),(74,68,4,0),(74,66,3,0),(74,54,1,0),(74,34,10,0),(75,19,10,0),(75,14,10,0),(75,11,7,0),(75,10,1,0),(75,9,10,0),(48,145,1,0),(48,144,1,0),(48,143,1,0),(48,142,1,0),(48,64,5,0),(48,63,1,0),(48,55,10,0),(48,35,1,0),(48,23,5,0),(48,22,10,0),(48,8,10,0),(48,7,10,0),(48,6,10,0),(48,5,10,0),(48,4,10,0),(48,3,10,0),(48,2,10,0),(48,1,9,0),(21,138,6,0),(21,135,3,0),(21,133,5,0),(21,132,5,0),(21,53,1,0),(78,143,1,0),(78,142,1,0),(78,138,10,0),(78,137,5,0),(78,136,10,0),(78,135,10,0),(78,134,10,0),(79,152,1,0),(79,151,1,0),(79,150,1,0),(79,149,1,0),(79,142,1,0),(79,138,10,0),(79,136,7,0),(79,135,10,0),(79,134,10,0),(79,133,5,0),(79,132,5,0),(79,53,1,0),(79,52,10,0),(79,51,10,0),(21,52,10,0),(78,133,5,0),(78,132,5,0),(78,53,1,0),(78,52,10,0),(78,51,8,0),(78,50,10,0),(78,49,10,0),(78,48,10,0),(82,1,9,0),(80,1013,1,0),(83,132,5,0),(83,53,1,0),(83,52,10,0),(83,51,10,0),(83,50,8,0),(83,49,10,0),(83,48,10,0),(83,1,9,0),(83,133,5,0),(83,142,1,0),(83,149,1,0),(83,150,1,0),(83,151,1,0),(83,152,1,0),(83,1003,1,0),(83,1004,1,0),(69,41,10,0),(69,39,9,0),(69,38,10,0),(69,37,10,0),(69,36,10,0),(69,1,9,0),(79,50,10,0),(79,49,10,0),(79,48,10,0),(79,1,9,0),(76,1013,1,0),(76,1012,1,0),(76,155,1,0),(76,154,1,0),(76,153,1,0),(76,142,1,0),(76,114,5,0),(76,113,5,0),(76,112,5,0),(76,111,5,0),(76,110,5,0),(76,108,1,0),(76,107,10,0),(76,105,1,0),(21,51,10,0),(21,50,10,0),(21,49,10,0),(78,1,9,0),(21,48,10,0),(21,1,9,0),(18,37,10,0),(18,38,10,0),(18,39,10,0),(18,40,1,0),(87,142,1,0),(87,52,10,0),(87,51,9,0),(87,50,10,0),(87,49,10,0),(87,48,10,0),(87,1,9,0),(85,289,5,0),(85,373,5,0),(85,374,1,0),(86,39,10,0),(86,38,10,0),(86,37,10,0),(86,36,10,0),(86,1,9,0),(34,22,10,0),(34,1,9,0),(81,31,1,0),(18,41,10,0),(18,42,10,0),(18,142,1,0),(18,153,1,0),(18,154,1,0),(18,155,1,0),(18,226,10,0),(18,227,10,0),(18,228,10,0),(18,229,5,0),(18,230,5,0),(18,231,5,0),(18,232,5,0),(18,233,5,0),(18,234,5,0),(18,235,5,0),(18,236,5,0),(18,237,5,0),(18,238,1,0),(18,243,1,0),(18,244,1,0),(18,247,5,0),(18,478,10,0),(18,479,5,0),(18,490,10,0),(18,491,2,0),(80,1012,1,0),(80,486,5,0),(80,485,5,0),(80,477,10,0),(80,387,1,0),(80,384,7,0),(80,155,1,0),(80,154,1,0),(80,153,1,0),(80,142,1,0),(80,113,5,0),(80,111,3,0),(80,110,5,0),(80,109,3,0),(80,107,10,0),(80,105,1,0),(80,42,10,0),(80,41,5,0),(80,39,10,0),(80,38,10,0),(80,37,10,0),(80,36,10,0),(80,1,9,0),(89,1006,1,0),(89,157,1,0),(89,142,1,0),(89,92,1,0),(89,91,1,0),(89,90,3,0),(89,89,10,0),(91,1,9,0),(91,10,1,0),(91,11,7,0),(89,85,10,0),(89,84,10,0),(89,83,10,0),(89,81,2,0),(89,21,1,0),(89,20,4,0),(89,19,10,0),(89,18,10,0),(89,17,5,0),(89,16,1,0),(89,15,10,0),(89,14,5,0),(89,11,1,0),(89,10,1,0),(89,9,3,0),(89,1,9,0),(91,12,10,0),(91,13,5,0),(91,14,5,0),(91,15,1,0),(91,17,5,0),(91,18,10,0),(91,19,10,0),(91,20,1,0),(91,84,3,0),(91,89,10,0),(91,142,1,0),(91,157,1,0),(91,1006,1,0),(92,50,8,0),(92,51,10,0),(92,52,10,0),(92,53,1,0),(92,132,5,0),(92,133,5,0),(92,134,10,0),(92,135,3,0),(92,136,5,0),(92,138,6,0),(92,142,1,0),(63,1004,1,0),(63,1003,1,0),(63,407,1,0),(63,406,10,0),(63,379,10,0),(63,378,5,0),(92,143,1,0),(92,149,1,0),(92,150,1,0),(92,151,1,0),(63,152,1,0),(63,151,1,0),(63,150,1,0),(63,149,1,0),(63,143,1,0),(63,142,1,0),(63,139,10,0),(63,138,6,0),(63,136,5,0),(63,135,10,0),(63,134,5,0),(63,133,5,0),(63,132,5,0),(63,53,1,0),(63,52,10,0),(63,51,10,0),(63,50,8,0),(63,49,10,0),(63,48,10,0),(63,1,9,0),(93,1,9,0),(92,152,1,0),(62,85,10,0),(62,89,10,0),(62,90,3,0),(62,91,5,0),(62,142,1,0),(62,143,1,0),(92,376,5,0),(92,379,10,0),(92,406,10,0),(92,1003,1,0),(92,1004,1,0),(62,157,1,0),(62,364,10,0),(62,366,10,0),(62,1006,1,0),(66,49,10,0),(66,48,10,0),(66,1,9,0),(97,133,5,0),(97,134,10,0),(97,135,1,0),(97,136,10,0),(97,138,8,0),(97,139,10,0),(97,132,5,0),(97,53,1,0),(97,52,10,0),(97,51,8,0),(97,50,10,0),(97,49,10,0),(97,48,10,0),(97,1,9,0),(97,142,1,0),(97,149,1,0),(97,150,1,0),(97,151,1,0),(97,152,1,0),(97,1003,1,0),(97,1004,1,0),(104,46,10,0),(104,45,10,0),(104,44,10,0),(104,43,10,0),(104,1,9,0),(104,47,10,0),(105,27,4,0),(105,26,2,0),(105,25,1,0),(105,24,1,0),(105,266,3,0),(105,1016,1,0),(105,1015,1,0),(105,23,10,0),(105,22,10,0),(105,1,9,0),(107,261,5,0),(107,259,10,0),(105,265,10,0),(105,263,10,0),(105,262,1,0),(105,261,5,0),(105,259,10,0),(105,156,1,0),(105,143,1,0),(105,142,1,0),(105,30,10,0),(105,29,8,0),(105,28,3,0),(105,401,1,0),(105,271,5,0),(105,270,5,0),(105,267,3,0),(107,156,1,0),(104,382,5,0),(104,383,10,0),(104,1009,1,0),(71,64,5,0),(71,142,1,0),(71,143,1,0),(71,144,1,0),(71,145,1,0),(71,146,1,0),(71,355,5,0),(72,14,5,0),(72,13,7,0),(72,11,4,0),(72,10,1,0),(72,9,10,0),(72,1,9,0),(71,6,7,0),(71,5,10,0),(71,4,10,0),(71,3,10,0),(71,2,1,0),(71,1,9,0),(72,83,10,0),(72,84,10,0),(72,85,10,0),(72,89,10,0),(72,90,3,0),(72,91,1,0),(72,92,1,0),(72,142,1,0),(72,143,1,0),(72,157,1,0),(72,366,2,0),(72,1006,1,0),(71,356,7,0),(71,357,5,0),(71,1001,1,0),(74,33,2,0),(74,31,1,0),(74,29,10,0),(74,28,10,0),(74,27,4,0),(74,26,2,0),(74,25,1,0),(74,24,1,0),(74,23,3,0),(74,22,5,0),(74,12,1,0),(74,9,7,0),(74,1,9,0),(107,142,1,0),(107,35,1,0),(107,34,10,0),(107,29,10,0),(107,28,10,0),(107,24,1,0),(107,23,10,0),(107,22,10,0),(107,1,9,0),(107,262,1,0),(107,265,10,0),(107,266,3,0),(107,267,5,0),(107,269,2,0),(107,270,5,0),(107,271,5,0),(107,1015,1,0),(107,1016,1,0),(76,101,2,0),(76,99,3,0),(76,98,1,0),(76,42,6,0),(76,41,10,0),(76,40,1,0),(76,39,8,0),(76,38,10,0),(76,37,10,0),(76,36,10,0),(76,1,9,0),(85,375,5,0),(85,402,5,0),(85,403,1,0),(85,404,1,0),(85,405,1,0),(85,482,5,0),(85,1007,1,0),(119,142,1,0),(81,32,10,0),(81,33,10,0),(81,34,10,0),(81,35,1,0),(81,259,10,0),(81,260,5,0),(81,261,5,0),(81,262,1,0),(81,263,10,0),(81,264,1,0),(115,1005,1,0),(115,152,1,0),(81,30,10,0),(81,29,10,0),(81,28,10,0),(81,27,4,0),(81,26,2,0),(81,25,1,0),(81,24,1,0),(81,23,10,0),(81,22,10,0),(81,1,9,0),(115,151,1,0),(115,150,1,0),(115,149,1,0),(115,143,1,0),(114,1016,1,0),(114,1015,1,0),(114,401,1,0),(114,370,5,0),(114,273,5,0),(114,272,5,0),(114,271,5,0),(114,270,5,0),(58,1001,1,0),(58,357,5,0),(115,142,1,0),(115,53,1,0),(115,52,10,0),(115,51,10,0),(115,50,8,0),(115,49,10,0),(115,48,10,0),(115,1,9,0),(85,1008,1,0),(85,1017,1,0),(85,1018,1,0),(85,1019,1,0),(85,279,1,0),(85,278,5,0),(85,277,5,0),(85,276,5,0),(85,275,5,0),(85,274,9,0),(85,157,1,0),(85,142,1,0),(85,91,5,0),(85,90,1,0),(85,20,1,0),(85,19,10,0),(85,18,10,0),(85,17,5,0),(85,16,10,0),(85,14,10,0),(85,13,5,0),(85,12,10,0),(85,11,7,0),(85,10,1,0),(85,9,3,0),(85,1,9,0),(114,269,5,0),(114,268,5,0),(114,267,5,0),(114,266,5,0),(114,265,10,0),(114,264,1,0),(114,263,10,0),(81,265,10,0),(81,266,5,0),(81,267,5,0),(81,268,5,0),(81,269,5,0),(81,270,5,0),(81,271,5,0),(81,272,5,0),(81,273,5,0),(81,370,5,0),(81,371,5,0),(81,372,10,0),(81,401,1,0),(119,143,1,0),(121,142,1,0),(121,143,1,0),(57,142,1,0),(57,143,1,0),(114,262,1,0),(114,261,5,0),(114,260,5,0),(114,259,10,0),(114,156,1,0),(114,143,1,0),(114,142,1,0),(114,35,1,0),(114,34,10,0),(114,33,1,0),(114,32,1,0),(114,31,1,0),(114,30,10,0),(114,29,10,0),(114,28,10,0),(114,27,4,0),(114,26,2,0),(114,25,1,0),(114,24,1,0),(114,23,10,0),(114,22,10,0),(114,1,9,0),(117,1,9,0),(126,1015,1,0),(126,401,1,0),(126,370,5,0),(126,273,3,0),(126,272,3,0),(126,271,5,0),(126,270,5,0),(126,269,2,0),(126,268,3,0),(126,267,3,0),(126,266,3,0),(126,265,10,0),(126,264,1,0),(126,263,5,0),(126,262,1,0),(126,261,5,0),(126,260,2,0),(126,259,7,0),(126,156,1,0),(126,143,1,0),(126,142,1,0),(126,34,10,0),(126,29,1,0),(33,1,9,0),(126,28,10,0),(126,27,4,0),(126,26,2,0),(126,25,1,0),(126,24,1,0),(126,23,10,0),(126,22,10,0),(126,1,9,0),(130,49,10,0),(79,1003,1,0),(79,1004,1,0),(88,85,7,0),(88,84,10,0),(88,83,10,0),(130,50,8,0),(130,51,10,0),(130,52,10,0),(130,53,1,0),(130,132,5,0),(88,81,2,0),(88,21,1,0),(130,133,5,0),(130,134,10,0),(130,135,10,0),(130,138,3,0),(130,139,10,0),(130,142,1,0),(54,48,10,0),(54,1,9,0),(88,20,10,0),(88,19,10,0),(88,16,3,0),(88,15,1,0),(54,133,5,0),(54,134,10,0),(54,135,10,0),(54,136,10,0),(54,137,5,0),(54,138,6,0),(54,139,10,0),(54,140,10,0),(54,141,10,0),(54,142,1,0),(54,143,1,0),(54,149,1,0),(54,150,1,0),(54,151,1,0),(54,152,1,0),(54,376,5,0),(54,378,5,0),(54,379,10,0),(54,406,10,0),(54,407,1,0),(54,1003,1,0),(54,1004,1,0),(88,14,10,0),(88,11,5,0),(130,48,10,0),(130,1,9,0),(126,1016,1,0),(88,10,1,0),(88,9,10,0),(88,1,9,0),(130,149,1,0),(130,150,1,0),(130,151,1,0),(130,152,1,0),(130,1003,1,0),(130,1004,1,0),(88,89,10,0),(88,90,3,0),(88,91,5,0),(88,142,1,0),(88,157,1,0),(88,1006,1,0),(67,154,1,0),(67,155,1,0),(131,1001,1,0),(131,359,1,0),(131,357,5,0),(131,355,5,0),(131,146,1,0),(131,145,1,0),(131,144,1,0),(131,143,1,0),(131,142,1,0),(131,64,5,0),(131,63,1,0),(131,62,10,0),(131,61,5,0),(131,60,10,0),(131,59,5,0),(131,56,10,0),(132,109,5,0),(132,110,5,0),(132,111,5,0),(132,112,5,0),(132,113,5,0),(131,55,10,0),(131,8,1,0),(131,7,10,0),(131,6,5,0),(131,5,10,0),(131,4,10,0),(131,3,10,0),(131,2,10,0),(131,1,9,0),(132,114,5,0),(132,142,1,0),(132,143,1,0),(132,153,1,0),(132,154,1,0),(132,155,1,0),(132,384,10,0),(132,387,1,0),(116,1013,1,0),(116,1012,1,0),(116,486,5,0),(116,485,10,0),(116,477,10,0),(116,387,1,0),(116,384,10,0),(116,155,1,0),(116,154,1,0),(116,153,1,0),(116,143,1,0),(116,142,1,0),(116,114,5,0),(116,113,5,0),(116,112,5,0),(116,111,5,0),(116,110,5,0),(116,109,5,0),(116,108,1,0),(116,107,10,0),(116,105,1,0),(116,104,3,0),(116,103,3,0),(116,102,3,0),(116,101,3,0),(116,100,3,0),(116,99,3,0),(116,98,3,0),(116,97,5,0),(116,96,4,0),(116,95,5,0),(116,94,5,0),(116,42,10,0),(116,39,10,0),(116,38,10,0),(116,37,10,0),(116,36,10,0),(116,1,9,0),(132,108,1,0),(132,107,10,0),(132,106,1,0),(132,105,1,0),(132,104,3,0),(132,103,3,0),(132,102,3,0),(132,101,3,0),(132,100,1,0),(132,99,3,0),(132,98,3,0),(132,97,5,0),(132,96,5,0),(132,95,5,0),(132,94,5,0),(132,42,10,0),(132,39,10,0),(132,38,10,0),(132,37,10,0),(132,36,10,0),(132,1,9,0),(132,477,10,0),(132,485,10,0),(132,486,5,0),(132,1012,1,0),(132,1013,1,0);
/*!40000 ALTER TABLE `skill` ENABLE KEYS */;
UNLOCK TABLES;

--
-- Table structure for table `skill_homunculus`
--

DROP TABLE IF EXISTS `skill_homunculus`;
CREATE TABLE IF NOT EXISTS `skill_homunculus` (
  `homun_id` int(11) NOT NULL,
  `id` int(11) NOT NULL,
  `lv` smallint(6) NOT NULL,
  PRIMARY KEY  (`homun_id`,`id`)
) ENGINE=MyISAM;

--
-- Table structure for table `sql_updates`
--

DROP TABLE IF EXISTS `sql_updates`;
CREATE TABLE IF NOT EXISTS `sql_updates` (
  `timestamp` int(11) unsigned NOT NULL,
  `ignored` enum('Yes','No') NOT NULL DEFAULT 'No',
  PRIMARY KEY (`timestamp`)
) ENGINE=MyISAM;

-- Existent updates to enter
INSERT INTO `sql_updates` (`timestamp`) VALUES (1360858500);
INSERT INTO `sql_updates` (`timestamp`) VALUES (1360951560);
INSERT INTO `sql_updates` (`timestamp`) VALUES (1362445531);
INSERT INTO `sql_updates` (`timestamp`) VALUES (1362528000);
INSERT INTO `sql_updates` (`timestamp`) VALUES (1362794218);
INSERT INTO `sql_updates` (`timestamp`) VALUES (1364409316);
INSERT INTO `sql_updates` (`timestamp`) VALUES (1366075474);
INSERT INTO `sql_updates` (`timestamp`) VALUES (1366078541);
INSERT INTO `sql_updates` (`timestamp`) VALUES (1381354728);
INSERT INTO `sql_updates` (`timestamp`) VALUES (1381423003);
INSERT INTO `sql_updates` (`timestamp`) VALUES (1382892428);
INSERT INTO `sql_updates` (`timestamp`) VALUES (1383162785);
INSERT INTO `sql_updates` (`timestamp`) VALUES (1383167577);
INSERT INTO `sql_updates` (`timestamp`) VALUES (1383205740);
INSERT INTO `sql_updates` (`timestamp`) VALUES (1383955424);
INSERT INTO `sql_updates` (`timestamp`) VALUES (1384545461);
INSERT INTO `sql_updates` (`timestamp`) VALUES (1384588175);
INSERT INTO `sql_updates` (`timestamp`) VALUES (1387844126);
INSERT INTO `sql_updates` (`timestamp`) VALUES (1388854043);
INSERT INTO `sql_updates` (`timestamp`) VALUES (1389028967);

--
-- Table structure for table `sstatus`
--

DROP TABLE IF EXISTS `sstatus`;
CREATE TABLE IF NOT EXISTS `sstatus` (
  `index` tinyint(4) unsigned NOT NULL default '0',
  `name` varchar(255) NOT NULL default '',
  `user` int(11) unsigned NOT NULL default '0'
) ENGINE=MyISAM;

--
-- Table structure for table `storage`
--

DROP TABLE IF EXISTS `storage`;
CREATE TABLE IF NOT EXISTS `storage` (
  `id` int(11) unsigned NOT NULL auto_increment,
  `account_id` int(11) unsigned NOT NULL default '0',
  `nameid` int(11) unsigned NOT NULL default '0',
  `amount` smallint(11) unsigned NOT NULL default '0',
  `equip` int(11) unsigned NOT NULL default '0',
  `identify` smallint(6) unsigned NOT NULL default '0',
  `refine` tinyint(3) unsigned NOT NULL default '0',
  `attribute` tinyint(4) unsigned NOT NULL default '0',
  `card0` smallint(11) NOT NULL default '0',
  `card1` smallint(11) NOT NULL default '0',
  `card2` smallint(11) NOT NULL default '0',
  `card3` smallint(11) NOT NULL default '0',
  `expire_time` int(11) unsigned NOT NULL default '0',
  `bound` tinyint(1) unsigned NOT NULL default '0',
  `unique_id` bigint(20) unsigned NOT NULL default '0',
  PRIMARY KEY  (`id`),
  KEY `account_id` (`account_id`)
) ENGINE=MyISAM  DEFAULT CHARSET=latin1 AUTO_INCREMENT=1757 ;

--
-- Dumping data for table `storage`
--

INSERT INTO `storage` (`id`, `account_id`, `nameid`, `amount`, `equip`, `identify`, `refine`, `attribute`, `card0`, `card1`, `card2`, `card3`, `expire_time`, `bound`, `unique_id`) VALUES
(1, 20000013, 22011, 1, 0, 1, 0, 0, 0, 0, 0, 0, 0, 0, 0),
(2, 20000009, 1065, 2, 0, 1, 0, 0, 0, 0, 0, 0, 0, 0, 0),
(3, 20000009, 713, 5, 0, 1, 0, 0, 0, 0, 0, 0, 0, 0, 0),
(4, 20000009, 935, 2, 0, 1, 0, 0, 0, 0, 0, 0, 0, 0, 0),
(5, 20000009, 1002, 1, 0, 1, 0, 0, 0, 0, 0, 0, 0, 0, 0),
(6, 20000009, 938, 18, 0, 1, 0, 0, 0, 0, 0, 0, 0, 0, 0),
(7, 20000009, 949, 3, 0, 1, 0, 0, 0, 0, 0, 0, 0, 0, 0),
(8, 20000009, 705, 4, 0, 1, 0, 0, 0, 0, 0, 0, 0, 0, 0),
(9, 20000009, 914, 3, 0, 1, 0, 0, 0, 0, 0, 0, 0, 0, 0),
(10, 20000009, 910, 16, 0, 1, 0, 0, 0, 0, 0, 0, 0, 0, 0),
(11, 20000009, 756, 10, 0, 1, 0, 0, 0, 0, 0, 0, 0, 0, 0),
(12, 20000009, 1010, 3, 0, 1, 0, 0, 0, 0, 0, 0, 0, 0, 0),
(13, 20000009, 1011, 3, 0, 1, 0, 0, 0, 0, 0, 0, 0, 0, 0),
(14, 20000009, 909, 7, 0, 1, 0, 0, 0, 0, 0, 0, 0, 0, 0),
(15, 20000009, 1752, 9, 0, 1, 0, 0, 0, 0, 0, 0, 0, 0, 0),
(16, 20000009, 7751, 1, 0, 1, 0, 0, 0, 0, 0, 0, 0, 0, 0),
(17, 20000009, 1039, 4, 0, 1, 0, 0, 0, 0, 0, 0, 0, 0, 0),
(18, 20000009, 1769, 4, 0, 1, 0, 0, 0, 0, 0, 0, 0, 0, 0),
(19, 20000009, 912, 3, 0, 1, 0, 0, 0, 0, 0, 0, 0, 0, 0),
(20, 20000009, 757, 4, 0, 1, 0, 0, 0, 0, 0, 0, 0, 0, 0),
(21, 20000009, 1064, 5, 0, 1, 0, 0, 0, 0, 0, 0, 0, 0, 0),
(22, 20000009, 7054, 56, 0, 1, 0, 0, 0, 0, 0, 0, 0, 0, 0),
(23, 20000009, 1098, 9, 0, 1, 0, 0, 0, 0, 0, 0, 0, 0, 0),
(24, 20000009, 7053, 3, 0, 1, 0, 0, 0, 0, 0, 0, 0, 0, 0),
(25, 20000009, 999, 4, 0, 1, 0, 0, 0, 0, 0, 0, 0, 0, 0),
(26, 20000009, 930, 5, 0, 1, 0, 0, 0, 0, 0, 0, 0, 0, 0),
(27, 20000009, 716, 5, 0, 1, 0, 0, 0, 0, 0, 0, 0, 0, 0),
(28, 20000009, 1015, 4, 0, 1, 0, 0, 0, 0, 0, 0, 0, 0, 0),
(29, 20000009, 984, 6, 0, 1, 0, 0, 0, 0, 0, 0, 0, 0, 0),
(30, 20000009, 7016, 4, 0, 1, 0, 0, 0, 0, 0, 0, 0, 0, 0),
(31, 20000009, 746, 1, 0, 1, 0, 0, 0, 0, 0, 0, 0, 0, 0),
(32, 20000009, 7007, 1, 0, 1, 0, 0, 0, 0, 0, 0, 0, 0, 0),
(33, 20000009, 985, 46, 0, 1, 0, 0, 0, 0, 0, 0, 0, 0, 0),
(34, 20000009, 1764, 5, 0, 1, 0, 0, 0, 0, 0, 0, 0, 0, 0),
(35, 20000009, 4133, 1, 0, 1, 0, 0, 0, 0, 0, 0, 0, 0, 0),
(36, 20000009, 1004, 2, 0, 1, 0, 0, 0, 0, 0, 0, 0, 0, 0),
(37, 20000009, 1097, 2, 0, 1, 0, 0, 0, 0, 0, 0, 0, 0, 0),
(38, 20000009, 7161, 1, 0, 1, 0, 0, 0, 0, 0, 0, 0, 0, 0),
(39, 20000009, 7167, 2, 0, 1, 0, 0, 0, 0, 0, 0, 0, 0, 0),
(40, 20000009, 7163, 11, 0, 1, 0, 0, 0, 0, 0, 0, 0, 0, 0),
(41, 20000009, 7168, 7, 0, 1, 0, 0, 0, 0, 0, 0, 0, 0, 0),
(42, 20000009, 924, 6, 0, 1, 0, 0, 0, 0, 0, 0, 0, 0, 0),
(43, 20000009, 7164, 7, 0, 1, 0, 0, 0, 0, 0, 0, 0, 0, 0),
(44, 20000009, 22040, 1, 0, 1, 0, 0, 0, 0, 0, 0, 0, 0, 0),
(45, 20000009, 7752, 2, 0, 1, 0, 0, 0, 0, 0, 0, 0, 0, 0),
(46, 20000009, 7753, 1, 0, 1, 0, 0, 0, 0, 0, 0, 0, 0, 0),
(47, 20000009, 7014, 1, 0, 1, 0, 0, 0, 0, 0, 0, 0, 0, 0),
(48, 20000009, 1094, 2, 0, 1, 0, 0, 0, 0, 0, 0, 0, 0, 0),
(49, 20000009, 901, 2, 0, 1, 0, 0, 0, 0, 0, 0, 0, 0, 0),
(50, 20000009, 934, 9, 0, 1, 0, 0, 0, 0, 0, 0, 0, 0, 0),
(51, 20000009, 932, 49, 0, 1, 0, 0, 0, 0, 0, 0, 0, 0, 0),
(52, 20000009, 957, 5, 0, 1, 0, 0, 0, 0, 0, 0, 0, 0, 0),
(53, 20000009, 958, 3, 0, 1, 0, 0, 0, 0, 0, 0, 0, 0, 0),
(54, 20000009, 913, 7, 0, 1, 0, 0, 0, 0, 0, 0, 0, 0, 0),
(55, 20000009, 727, 8, 0, 1, 0, 0, 0, 0, 0, 0, 0, 0, 0),
(56, 20000009, 7006, 11, 0, 1, 0, 0, 0, 0, 0, 0, 0, 0, 0),
(57, 20000009, 725, 1, 0, 1, 0, 0, 0, 0, 0, 0, 0, 0, 0),
(58, 20000009, 1962, 1, 0, 0, 0, 0, 0, 0, 0, 0, 0, 0, 1),
(59, 20000009, 532, 2, 0, 1, 0, 0, 0, 0, 0, 0, 0, 0, 0),
(60, 20000009, 604, 4, 0, 1, 0, 0, 0, 0, 0, 0, 0, 0, 0),
(61, 20000009, 518, 1, 0, 1, 0, 0, 0, 0, 0, 0, 0, 0, 0),
(62, 20000009, 512, 2, 0, 1, 0, 0, 0, 0, 0, 0, 0, 0, 0),
(63, 20000009, 511, 3, 0, 1, 0, 0, 0, 0, 0, 0, 0, 0, 0),
(64, 20000009, 507, 7, 0, 1, 0, 0, 0, 0, 0, 0, 0, 0, 0),
(65, 20000009, 509, 6, 0, 1, 0, 0, 0, 0, 0, 0, 0, 0, 0),
(66, 20000009, 526, 7, 0, 1, 0, 0, 0, 0, 0, 0, 0, 0, 0),
(636, 20000020, 7033, 1, 0, 1, 0, 0, 0, 0, 0, 0, 0, 0, 0),
(68, 20000013, 2255, 1, 0, 1, 0, 0, 0, 0, 0, 0, 0, 0, 0),
(579, 20000013, 984, 143, 0, 1, 0, 0, 0, 0, 0, 0, 0, 0, 0),
(96, 20000013, 1420, 1, 0, 1, 0, 0, 0, 0, 0, 0, 0, 0, 4),
(110, 20000013, 2255, 1, 0, 1, 0, 0, 0, 0, 0, 0, 0, 0, 4),
(314, 20000020, 1750, 5000, 0, 1, 0, 0, 0, 0, 0, 0, 0, 0, 0),
(612, 20000025, 2620, 1, 0, 1, 0, 0, 0, 0, 0, 0, 0, 0, 2),
(1157, 20000013, 4123, 1, 0, 1, 0, 0, 0, 0, 0, 0, 0, 0, 0),
(684, 20000021, 4368, 1, 0, 1, 0, 0, 0, 0, 0, 0, 0, 0, 0),
(1164, 20000032, 2522, 1, 0, 0, 0, 0, 0, 0, 0, 0, 0, 0, 15),
(398, 20000020, 2624, 1, 0, 1, 0, 0, 0, 0, 0, 0, 0, 0, 0),
(249, 20000014, 4303, 4, 0, 1, 0, 0, 0, 0, 0, 0, 0, 0, 0),
(864, 20000028, 2365, 1, 0, 1, 0, 0, 0, 0, 0, 0, 0, 0, 20),
(618, 20000028, 999, 34, 0, 1, 0, 0, 0, 0, 0, 0, 0, 0, 0),
(619, 20000028, 7539, 3, 0, 1, 0, 0, 0, 0, 0, 0, 0, 0, 0),
(886, 20000028, 2406, 1, 0, 1, 0, 0, 0, 0, 0, 0, 0, 0, 53),
(114, 20000014, 2622, 1, 0, 0, 0, 0, 0, 0, 0, 0, 0, 0, 1),
(123, 20000014, 1730, 1, 0, 0, 0, 0, 0, 0, 0, 0, 0, 0, 31),
(614, 20000028, 714, 5, 0, 1, 0, 0, 0, 0, 0, 0, 0, 0, 0),
(332, 20000013, 983, 3, 0, 1, 0, 0, 0, 0, 0, 0, 0, 0, 0),
(92, 20000013, 5096, 1, 0, 1, 0, 0, 0, 0, 0, 0, 0, 0, 2),
(150, 20000014, 1201, 1, 0, 1, 0, 0, 0, 0, 0, 0, 0, 0, 0),
(609, 20000027, 14545, 2, 0, 1, 0, 0, 0, 0, 0, 0, 0, 0, 0),
(396, 20000020, 12208, 1, 0, 1, 0, 0, 0, 0, 0, 0, 0, 0, 0),
(597, 20000013, 2679, 1, 0, 1, 0, 0, 0, 0, 0, 0, 0, 0, 2),
(98, 20000013, 13106, 1, 0, 1, 0, 0, 0, 0, 0, 0, 0, 0, 2),
(635, 20000020, 971, 2, 0, 1, 0, 0, 0, 0, 0, 0, 0, 0, 0),
(606, 20000013, 2345, 1, 0, 1, 0, 0, 0, 0, 0, 0, 0, 0, 4),
(101, 20000013, 714, 23, 0, 1, 0, 0, 0, 0, 0, 0, 0, 0, 0),
(102, 20000013, 2125, 1, 0, 1, 0, 0, 0, 0, 0, 0, 0, 0, 2),
(500, 20000025, 2607, 1, 0, 1, 0, 0, 0, 0, 0, 0, 0, 0, 1),
(331, 20000015, 601, 304, 0, 1, 0, 0, 0, 0, 0, 0, 0, 0, 0),
(310, 20000013, 7511, 31, 0, 1, 0, 0, 0, 0, 0, 0, 0, 0, 0),
(499, 20000025, 643, 2, 0, 1, 0, 0, 0, 0, 0, 0, 0, 0, 0),
(611, 20000025, 2514, 1, 0, 1, 0, 0, 0, 0, 0, 0, 0, 0, 64),
(527, 20000025, 2102, 1, 0, 1, 0, 0, 0, 0, 0, 0, 0, 0, 13),
(232, 20000013, 2125, 1, 0, 1, 0, 0, 0, 0, 0, 0, 0, 0, 6),
(112, 20000014, 2301, 1, 0, 1, 0, 0, 0, 0, 0, 0, 0, 0, 0),
(115, 20000014, 13027, 1, 0, 0, 0, 0, 0, 0, 0, 0, 0, 0, 67),
(116, 20000014, 1624, 1, 0, 0, 0, 0, 0, 0, 0, 0, 0, 0, 5),
(117, 20000014, 1730, 1, 0, 0, 0, 0, 0, 0, 0, 0, 0, 0, 24),
(1363, 20000013, 4131, 1, 0, 1, 0, 0, 0, 0, 0, 0, 0, 0, 0),
(589, 20000013, 1723, 1, 0, 1, 0, 0, 0, 0, 0, 0, 0, 0, 22),
(588, 20000013, 1720, 1, 0, 1, 0, 0, 0, 0, 0, 0, 0, 0, 2),
(643, 20000013, 5096, 1, 0, 1, 0, 0, 0, 0, 0, 0, 0, 0, 7),
(124, 20000014, 2344, 1, 0, 0, 0, 0, 0, 0, 0, 0, 0, 0, 30),
(125, 20000014, 1972, 1, 0, 0, 0, 0, 0, 0, 0, 0, 0, 0, 25),
(126, 20000014, 1730, 1, 0, 0, 0, 0, 0, 0, 0, 0, 0, 0, 32),
(127, 20000014, 1626, 1, 0, 0, 0, 0, 0, 0, 0, 0, 0, 0, 40),
(128, 20000014, 2344, 1, 0, 0, 0, 0, 0, 0, 0, 0, 0, 0, 31),
(129, 20000014, 1626, 1, 0, 0, 0, 0, 0, 0, 0, 0, 0, 0, 41),
(130, 20000014, 1920, 1, 0, 0, 0, 0, 0, 0, 0, 0, 0, 0, 14),
(131, 20000014, 2344, 1, 0, 0, 0, 0, 0, 0, 0, 0, 0, 0, 32),
(132, 20000014, 1376, 1, 0, 0, 0, 0, 0, 0, 0, 0, 0, 0, 17),
(133, 20000014, 2680, 1, 0, 0, 0, 0, 0, 0, 0, 0, 0, 0, 39),
(134, 20000014, 1730, 1, 0, 0, 0, 0, 0, 0, 0, 0, 0, 0, 33),
(135, 20000014, 1626, 1, 0, 0, 0, 0, 0, 0, 0, 0, 0, 0, 42),
(136, 20000014, 13303, 1, 0, 0, 0, 0, 0, 0, 0, 0, 0, 0, 17),
(137, 20000013, 2701, 1, 0, 1, 0, 0, 0, 0, 0, 0, 0, 0, 5),
(138, 20000014, 2344, 1, 0, 1, 0, 0, 0, 0, 0, 0, 0, 0, 61),
(139, 20000014, 2364, 1, 0, 1, 0, 0, 0, 0, 0, 0, 0, 0, 19),
(140, 20000014, 660, 1, 0, 1, 0, 0, 0, 0, 0, 0, 0, 0, 0),
(141, 20000013, 2701, 1, 0, 1, 0, 0, 0, 0, 0, 0, 0, 0, 14),
(1175, 20000032, 1625, 1, 0, 1, 0, 0, 0, 0, 0, 0, 0, 0, 70),
(1154, 20000032, 4417, 5, 0, 1, 0, 0, 0, 0, 0, 0, 0, 0, 0),
(144, 20000013, 2367, 1, 0, 1, 0, 0, 0, 0, 0, 0, 0, 0, 10),
(356, 20000020, 617, 5, 0, 1, 0, 0, 0, 0, 0, 0, 0, 0, 0),
(1143, 20000013, 1188, 1, 0, 1, 0, 0, 0, 0, 0, 0, 0, 0, 2),
(613, 20000025, 13004, 1, 0, 1, 0, 0, 0, 0, 0, 0, 0, 0, 2),
(148, 20000013, 2701, 1, 0, 1, 0, 0, 0, 0, 0, 0, 0, 0, 12),
(149, 20000013, 2701, 1, 0, 1, 0, 0, 0, 0, 0, 0, 0, 0, 13),
(862, 20000028, 13404, 1, 0, 1, 0, 0, 0, 0, 0, 0, 0, 0, 68),
(334, 20000015, 1821, 1, 0, 1, 0, 0, 0, 0, 0, 0, 0, 0, 2),
(162, 20000013, 1010, 11, 0, 1, 0, 0, 0, 0, 0, 0, 0, 0, 0),
(649, 20000013, 4305, 4, 0, 1, 0, 0, 0, 0, 0, 0, 0, 0, 0),
(163, 20000013, 985, 367, 0, 1, 0, 0, 0, 0, 0, 0, 0, 0, 0),
(156, 20000013, 2255, 1, 0, 1, 0, 0, 0, 0, 0, 0, 0, 0, 11),
(157, 20000013, 2255, 1, 0, 1, 0, 0, 0, 0, 0, 0, 0, 0, 12),
(165, 20000014, 4174, 1, 0, 1, 0, 0, 0, 0, 0, 0, 0, 0, 0),
(869, 20000028, 2206, 1, 0, 1, 0, 0, 0, 0, 0, 0, 0, 0, 0),
(358, 20000020, 969, 91, 0, 1, 0, 0, 0, 0, 0, 0, 0, 0, 0),
(174, 20000014, 969, 9, 0, 1, 0, 0, 0, 0, 0, 0, 0, 0, 0),
(335, 20000020, 603, 29, 0, 1, 0, 0, 0, 0, 0, 0, 0, 0, 0),
(317, 20000020, 1708, 1, 0, 0, 0, 0, 0, 0, 0, 0, 0, 0, 1),
(395, 20000020, 526, 11, 0, 1, 0, 0, 0, 0, 0, 0, 0, 0, 0),
(1125, 20000013, 4399, 1, 0, 1, 0, 0, 0, 0, 0, 0, 0, 0, 0),
(1152, 20000032, 2425, 1, 0, 1, 0, 0, 0, 0, 0, 0, 0, 0, 9),
(180, 20000013, 7438, 2, 0, 1, 0, 0, 0, 0, 0, 0, 0, 0, 0),
(1151, 20000032, 2528, 1, 0, 1, 0, 0, 0, 0, 0, 0, 0, 0, 34),
(185, 20000015, 22011, 1, 0, 1, 0, 0, 0, 0, 0, 0, 0, 0, 0),
(284, 20000015, 2364, 1, 0, 1, 0, 0, 0, 0, 0, 0, 0, 0, 28),
(187, 20000015, 4138, 2, 0, 1, 0, 0, 0, 0, 0, 0, 0, 0, 0),
(188, 20000015, 4016, 1, 0, 1, 0, 0, 0, 0, 0, 0, 0, 0, 0),
(189, 20000015, 4348, 1, 0, 1, 0, 0, 0, 0, 0, 0, 0, 0, 0),
(316, 20000020, 932, 3, 0, 1, 0, 0, 0, 0, 0, 0, 0, 0, 0),
(191, 20000015, 4099, 2, 0, 1, 0, 0, 0, 0, 0, 0, 0, 0, 0),
(192, 20000015, 4102, 1, 0, 1, 0, 0, 0, 0, 0, 0, 0, 0, 0),
(193, 20000015, 4120, 2, 0, 1, 0, 0, 0, 0, 0, 0, 0, 0, 0),
(194, 20000015, 4027, 1, 0, 1, 0, 0, 0, 0, 0, 0, 0, 0, 0),
(195, 20000015, 4126, 2, 0, 1, 0, 0, 0, 0, 0, 0, 0, 0, 0),
(196, 20000015, 4005, 1, 0, 1, 0, 0, 0, 0, 0, 0, 0, 0, 0),
(200, 20000014, 13404, 1, 0, 1, 0, 0, 0, 0, 0, 0, 0, 0, 0),
(198, 20000015, 983, 1, 0, 1, 0, 0, 0, 0, 0, 0, 0, 0, 0),
(285, 20000015, 2122, 1, 0, 1, 0, 0, 0, 0, 0, 0, 0, 0, 19),
(201, 20000014, 2322, 1, 0, 0, 0, 0, 0, 0, 0, 0, 0, 0, 0),
(202, 20000014, 7063, 18, 0, 1, 0, 0, 0, 0, 0, 0, 0, 0, 0),
(203, 20000014, 7511, 83, 0, 1, 0, 0, 0, 0, 0, 0, 0, 0, 0),
(292, 20000015, 2601, 1, 0, 1, 0, 0, 0, 0, 0, 0, 0, 0, 35),
(223, 20000014, 2701, 1, 0, 1, 0, 0, 0, 0, 0, 0, 0, 0, 16),
(206, 20000014, 2528, 1, 0, 1, 0, 0, 0, 0, 0, 0, 0, 0, 0),
(207, 20000014, 2424, 1, 0, 1, 0, 0, 0, 0, 0, 0, 0, 0, 0),
(208, 20000014, 2424, 1, 0, 1, 0, 0, 0, 0, 0, 0, 0, 0, 0),
(209, 20000014, 2703, 1, 0, 1, 0, 0, 0, 0, 0, 0, 0, 0, 0),
(291, 20000015, 2254, 1, 0, 1, 0, 0, 0, 0, 0, 0, 0, 0, 0),
(634, 20000020, 7539, 2, 0, 1, 0, 0, 0, 0, 0, 0, 0, 0, 0),
(357, 20000020, 604, 3, 0, 1, 0, 0, 0, 0, 0, 0, 0, 0, 0),
(394, 20000020, 2625, 1, 0, 1, 0, 0, 0, 0, 0, 0, 0, 0, 17),
(288, 20000015, 1920, 1, 0, 1, 0, 0, 0, 0, 0, 0, 0, 0, 30),
(1351, 20000014, 607, 10, 0, 1, 0, 0, 0, 0, 0, 0, 0, 0, 0),
(228, 20000013, 2605, 1, 0, 1, 0, 0, 0, 0, 0, 0, 0, 0, 2),
(313, 20000020, 992, 6, 0, 1, 0, 0, 0, 0, 0, 0, 0, 0, 0),
(235, 20000013, 2259, 1, 0, 1, 0, 0, 0, 0, 0, 0, 0, 0, 4),
(236, 20000013, 5160, 1, 0, 1, 0, 0, 0, 0, 0, 0, 0, 0, 3),
(354, 20000020, 1713, 1, 0, 1, 0, 0, 4094, 0, 0, 0, 0, 0, 0),
(238, 20000013, 2785, 1, 0, 1, 0, 0, 0, 0, 0, 0, 0, 0, 2),
(393, 20000020, 2625, 1, 0, 1, 0, 0, 0, 0, 0, 0, 0, 0, 30),
(523, 20000013, 2424, 1, 0, 1, 5, 0, 4097, 0, 0, 0, 0, 0, 0),
(311, 20000013, 7563, 6, 0, 1, 0, 0, 0, 0, 0, 0, 0, 0, 0),
(685, 20000013, 1422, 1, 0, 1, 0, 0, 0, 0, 0, 0, 0, 0, 14),
(650, 20000013, 2731, 1, 0, 1, 0, 0, 0, 0, 0, 0, 0, 0, 1),
(556, 20000020, 4429, 1, 0, 1, 0, 0, 0, 0, 0, 0, 0, 0, 0),
(370, 20000013, 2254, 1, 0, 1, 0, 0, 0, 0, 0, 0, 0, 0, 97),
(277, 20000014, 4047, 1, 0, 1, 0, 0, 0, 0, 0, 0, 0, 0, 0),
(642, 20000013, 1560, 1, 0, 1, 0, 0, 0, 0, 0, 0, 0, 0, 2),
(250, 20000014, 4197, 1, 0, 1, 0, 0, 0, 0, 0, 0, 0, 0, 0),
(251, 20000014, 983, 2, 0, 1, 0, 0, 0, 0, 0, 0, 0, 0, 0),
(270, 20000014, 2115, 1, 0, 1, 0, 0, 4253, 0, 0, 0, 0, 0, 11),
(268, 20000013, 5068, 1, 0, 1, 0, 0, 0, 0, 0, 0, 0, 0, 0),
(391, 20000013, 4047, 2, 0, 1, 0, 0, 0, 0, 0, 0, 0, 0, 0),
(256, 20000014, 1556, 1, 0, 1, 0, 0, 0, 0, 0, 0, 0, 0, 0),
(318, 20000020, 1701, 1, 0, 1, 0, 0, 0, 0, 0, 0, 0, 0, 15),
(258, 20000013, 7063, 121, 0, 1, 0, 0, 0, 0, 0, 0, 0, 0, 0),
(390, 20000014, 714, 4, 0, 1, 0, 0, 0, 0, 0, 0, 0, 0, 0),
(1153, 20000032, 4439, 1, 0, 1, 0, 0, 0, 0, 0, 0, 0, 0, 0),
(261, 20000013, 2266, 1, 0, 1, 0, 0, 0, 0, 0, 0, 0, 0, 0),
(262, 20000014, 14545, 2, 0, 1, 0, 0, 0, 0, 0, 0, 0, 0, 0),
(263, 20000013, 14545, 1, 0, 1, 0, 0, 0, 0, 0, 0, 0, 0, 0),
(648, 20000013, 2649, 1, 0, 1, 0, 0, 0, 0, 0, 0, 0, 0, 2),
(267, 20000014, 2254, 1, 0, 1, 0, 0, 0, 0, 0, 0, 0, 0, 69),
(355, 20000020, 1261, 1, 0, 1, 0, 0, 0, 0, 0, 0, 0, 0, 2),
(294, 20000015, 1370, 1, 0, 1, 0, 0, 0, 0, 0, 0, 0, 0, 17),
(353, 20000013, 2254, 1, 0, 1, 0, 0, 0, 0, 0, 0, 0, 0, 93),
(501, 20000025, 1217, 1, 0, 1, 0, 0, 0, 0, 0, 0, 0, 0, 20),
(297, 20000015, 2680, 1, 0, 1, 0, 0, 0, 0, 0, 0, 0, 0, 100),
(298, 20000015, 2680, 1, 0, 1, 0, 0, 0, 0, 0, 0, 0, 0, 99),
(351, 20000013, 7024, 11, 0, 1, 0, 0, 0, 0, 0, 0, 0, 0, 0),
(300, 20000015, 1730, 1, 0, 1, 0, 0, 0, 0, 0, 0, 0, 0, 83),
(301, 20000015, 2680, 1, 0, 1, 0, 0, 0, 0, 0, 0, 0, 0, 101),
(302, 20000015, 4358, 2, 0, 1, 0, 0, 0, 0, 0, 0, 0, 0, 0),
(462, 20000013, 7539, 51, 0, 1, 0, 0, 0, 0, 0, 0, 0, 0, 0),
(308, 20000013, 5172, 1, 0, 1, 0, 0, 0, 0, 0, 0, 0, 0, 0),
(305, 20000013, 2245, 1, 0, 1, 0, 0, 0, 0, 0, 0, 0, 0, 2),
(323, 20000013, 5113, 1, 0, 1, 0, 0, 0, 0, 0, 0, 0, 0, 0),
(336, 20000020, 722, 12, 0, 1, 0, 0, 0, 0, 0, 0, 0, 0, 0),
(337, 20000020, 984, 35, 0, 1, 0, 0, 0, 0, 0, 0, 0, 0, 0),
(338, 20000020, 731, 13, 0, 1, 0, 0, 0, 0, 0, 0, 0, 0, 0),
(399, 20000020, 2626, 1, 0, 1, 0, 0, 0, 0, 0, 0, 0, 0, 23),
(340, 20000020, 985, 21, 0, 1, 0, 0, 0, 0, 0, 0, 0, 0, 0),
(341, 20000020, 7023, 18, 0, 1, 0, 0, 0, 0, 0, 0, 0, 0, 0),
(651, 20000013, 2375, 1, 0, 1, 0, 0, 0, 0, 0, 0, 0, 0, 2),
(343, 20000020, 2424, 1, 0, 1, 0, 0, 0, 0, 0, 0, 0, 0, 20),
(344, 20000020, 2703, 1, 0, 1, 0, 0, 0, 0, 0, 0, 0, 0, 10),
(522, 20000025, 984, 2, 0, 1, 0, 0, 0, 0, 0, 0, 0, 0, 0),
(346, 20000020, 2528, 1, 0, 1, 0, 0, 0, 0, 0, 0, 0, 0, 20),
(347, 20000020, 2528, 1, 0, 1, 0, 0, 0, 0, 0, 0, 0, 0, 19),
(360, 20000020, 1201, 1, 0, 1, 0, 0, 4140, 0, 0, 0, 0, 0, 0),
(359, 20000020, 4103, 1, 0, 1, 0, 0, 0, 0, 0, 0, 0, 0, 0),
(1712, 20000021, 7085, 1, 0, 1, 0, 0, 0, 0, 0, 0, 0, 0, 0),
(372, 20000020, 714, 12, 0, 1, 0, 0, 0, 0, 0, 0, 0, 0, 0),
(406, 20000020, 2619, 1, 0, 1, 0, 0, 0, 0, 0, 0, 0, 0, 0),
(373, 20000020, 4033, 2, 0, 1, 0, 0, 0, 0, 0, 0, 0, 0, 0),
(374, 20000020, 4053, 1, 0, 1, 0, 0, 0, 0, 0, 0, 0, 0, 0),
(375, 20000020, 990, 6, 0, 1, 0, 0, 0, 0, 0, 0, 0, 0, 0),
(407, 20000020, 4205, 1, 0, 1, 0, 0, 0, 0, 0, 0, 0, 0, 0),
(387, 20000020, 749, 8, 0, 1, 0, 0, 0, 0, 0, 0, 0, 0, 0),
(386, 20000020, 4206, 2, 0, 1, 0, 0, 0, 0, 0, 0, 0, 0, 0),
(536, 20000020, 1216, 1, 0, 1, 0, 0, 0, 0, 0, 0, 0, 0, 9),
(405, 20000020, 2619, 1, 0, 1, 0, 0, 0, 0, 0, 0, 0, 0, 0),
(631, 20000020, 2624, 1, 0, 1, 0, 0, 0, 0, 0, 0, 0, 0, 20),
(403, 20000020, 2624, 1, 0, 1, 0, 0, 0, 0, 0, 0, 0, 0, 24),
(402, 20000020, 2624, 1, 0, 1, 0, 0, 0, 0, 0, 0, 0, 0, 23),
(401, 20000020, 2624, 1, 0, 1, 0, 0, 0, 0, 0, 0, 0, 0, 22),
(400, 20000020, 2624, 1, 0, 1, 0, 0, 0, 0, 0, 0, 0, 0, 21),
(408, 20000020, 997, 4, 0, 1, 0, 0, 0, 0, 0, 0, 0, 0, 0),
(409, 20000020, 4226, 2, 0, 1, 0, 0, 0, 0, 0, 0, 0, 0, 0),
(410, 20000020, 4234, 1, 0, 1, 0, 0, 0, 0, 0, 0, 0, 0, 0),
(411, 20000020, 616, 1, 0, 1, 0, 0, 0, 0, 0, 0, 0, 0, 0),
(412, 20000020, 2701, 1, 0, 1, 0, 0, 0, 0, 0, 0, 0, 0, 18),
(413, 20000020, 1730, 1, 0, 1, 0, 0, 0, 0, 0, 0, 0, 0, 86),
(641, 20000013, 1557, 1, 0, 1, 0, 0, 0, 0, 0, 0, 0, 0, 2),
(415, 20000020, 1723, 1, 0, 1, 0, 0, 0, 0, 0, 0, 0, 0, 13),
(416, 20000020, 2367, 1, 0, 1, 0, 0, 0, 0, 0, 0, 0, 0, 15),
(417, 20000020, 2331, 1, 0, 1, 0, 0, 0, 0, 0, 0, 0, 0, 5),
(418, 20000020, 2680, 1, 0, 1, 0, 0, 0, 0, 0, 0, 0, 0, 106),
(419, 20000014, 4137, 1, 0, 1, 0, 0, 0, 0, 0, 0, 0, 0, 0),
(1353, 20000014, 7539, 20, 0, 1, 0, 0, 0, 0, 0, 0, 0, 0, 0),
(423, 20000013, 2702, 1, 0, 1, 0, 0, 0, 0, 0, 0, 0, 0, 2),
(426, 20000021, 2387, 1, 0, 1, 0, 0, 0, 0, 0, 0, 0, 0, 31),
(427, 20000021, 2744, 1, 0, 1, 0, 0, 0, 0, 0, 0, 0, 0, 6),
(428, 20000021, 2387, 1, 0, 1, 0, 0, 0, 0, 0, 0, 0, 0, 30),
(681, 20000021, 984, 33, 0, 1, 0, 0, 0, 0, 0, 0, 0, 0, 0),
(430, 20000021, 2440, 1, 0, 1, 0, 0, 0, 0, 0, 0, 0, 0, 9),
(431, 20000021, 2440, 1, 0, 1, 0, 0, 0, 0, 0, 0, 0, 0, 11),
(432, 20000021, 2387, 1, 0, 1, 0, 0, 0, 0, 0, 0, 0, 0, 25),
(433, 20000021, 2387, 1, 0, 1, 0, 0, 0, 0, 0, 0, 0, 0, 26),
(434, 20000021, 2387, 1, 0, 1, 0, 0, 0, 0, 0, 0, 0, 0, 27),
(435, 20000021, 2703, 1, 0, 1, 0, 0, 0, 0, 0, 0, 0, 0, 16),
(436, 20000021, 2703, 1, 0, 1, 0, 0, 0, 0, 0, 0, 0, 0, 15),
(469, 20000015, 4245, 1, 0, 1, 0, 0, 0, 0, 0, 0, 0, 0, 0),
(473, 20000015, 1531, 1, 0, 1, 0, 0, 0, 0, 0, 0, 0, 0, 2),
(439, 20000021, 2387, 1, 0, 1, 0, 0, 0, 0, 0, 0, 0, 0, 22),
(440, 20000021, 2387, 1, 0, 1, 0, 0, 0, 0, 0, 0, 0, 0, 24),
(441, 20000021, 2387, 1, 0, 1, 0, 0, 0, 0, 0, 0, 0, 0, 29),
(442, 20000021, 2387, 1, 0, 1, 0, 0, 0, 0, 0, 0, 0, 0, 32),
(443, 20000021, 2387, 1, 0, 1, 0, 0, 0, 0, 0, 0, 0, 0, 21),
(444, 20000021, 2440, 1, 0, 1, 0, 0, 0, 0, 0, 0, 0, 0, 7),
(445, 20000021, 2387, 1, 0, 1, 0, 0, 0, 0, 0, 0, 0, 0, 23),
(446, 20000021, 2440, 1, 0, 1, 0, 0, 0, 0, 0, 0, 0, 0, 10),
(863, 20000028, 2365, 1, 0, 1, 0, 0, 0, 0, 0, 0, 0, 0, 21),
(448, 20000021, 2387, 1, 0, 1, 0, 0, 0, 0, 0, 0, 0, 0, 20),
(449, 20000021, 2387, 1, 0, 1, 0, 0, 0, 0, 0, 0, 0, 0, 19),
(450, 20000021, 2387, 1, 0, 1, 0, 0, 0, 0, 0, 0, 0, 0, 18),
(472, 20000015, 2513, 1, 0, 1, 0, 0, 0, 0, 0, 0, 0, 0, 6),
(1581, 20000027, 5808, 1, 0, 1, 0, 0, 0, 0, 0, 0, 0, 0, 4),
(596, 20000013, 7020, 1, 0, 1, 0, 0, 0, 0, 0, 0, 0, 0, 0),
(595, 20000013, 7036, 1, 0, 1, 0, 0, 0, 0, 0, 0, 0, 0, 0),
(633, 20000020, 995, 1, 0, 1, 0, 0, 0, 0, 0, 0, 0, 0, 0),
(627, 20000013, 2125, 1, 0, 1, 0, 0, 4253, 0, 0, 0, 0, 0, 0),
(592, 20000023, 22040, 13, 0, 1, 0, 0, 0, 0, 0, 0, 0, 0, 0),
(632, 20000020, 4159, 1, 0, 1, 0, 0, 0, 0, 0, 0, 0, 0, 0),
(601, 20000027, 678, 10600, 0, 1, 0, 0, 0, 0, 0, 0, 0, 0, 0),
(471, 20000015, 2662, 1, 0, 1, 0, 0, 0, 0, 0, 0, 0, 0, 0),
(470, 20000015, 2554, 1, 0, 1, 0, 0, 0, 0, 0, 0, 0, 0, 3),
(474, 20000015, 13017, 1, 0, 1, 0, 0, 0, 0, 0, 0, 0, 0, 6),
(475, 20000015, 2554, 1, 0, 1, 0, 0, 0, 0, 0, 0, 0, 0, 4),
(476, 20000015, 2621, 1, 0, 1, 0, 0, 4079, 0, 0, 0, 0, 0, 0),
(477, 20000013, 22040, 24, 0, 1, 0, 0, 0, 0, 0, 0, 0, 0, 0),
(478, 20000020, 4433, 1, 0, 1, 0, 0, 0, 0, 0, 0, 0, 0, 0),
(479, 20000020, 994, 23, 0, 1, 0, 0, 0, 0, 0, 0, 0, 0, 0),
(480, 20000020, 4097, 1, 0, 1, 0, 0, 0, 0, 0, 0, 0, 0, 0),
(481, 20000020, 4428, 1, 0, 1, 0, 0, 0, 0, 0, 0, 0, 0, 0),
(482, 20000020, 2701, 1, 0, 1, 0, 0, 0, 0, 0, 0, 0, 0, 20),
(555, 20000020, 1723, 1, 0, 1, 0, 0, 0, 0, 0, 0, 0, 0, 20),
(484, 20000020, 2367, 1, 0, 1, 0, 0, 0, 0, 0, 0, 0, 0, 17),
(485, 20000020, 2621, 1, 0, 1, 0, 0, 0, 0, 0, 0, 0, 0, 47),
(486, 20000020, 12087, 1, 0, 1, 0, 0, 0, 0, 0, 0, 0, 0, 0),
(491, 20000025, 12009, 9, 0, 1, 0, 0, 0, 0, 0, 0, 0, 0, 0),
(599, 20000013, 2345, 1, 0, 1, 0, 0, 0, 0, 0, 0, 0, 0, 2),
(502, 20000025, 4030, 1, 0, 1, 0, 0, 0, 0, 0, 0, 0, 0, 0),
(503, 20000025, 4052, 2, 0, 1, 0, 0, 0, 0, 0, 0, 0, 0, 0),
(504, 20000025, 4077, 1, 0, 1, 0, 0, 0, 0, 0, 0, 0, 0, 0),
(505, 20000025, 4089, 1, 0, 1, 0, 0, 0, 0, 0, 0, 0, 0, 0),
(506, 20000025, 4070, 1, 0, 1, 0, 0, 0, 0, 0, 0, 0, 0, 0),
(507, 20000025, 4022, 1, 0, 1, 0, 0, 0, 0, 0, 0, 0, 0, 0),
(508, 20000025, 4035, 1, 0, 1, 0, 0, 0, 0, 0, 0, 0, 0, 0),
(538, 20000020, 13035, 1, 0, 1, 0, 0, 0, 0, 0, 0, 0, 0, 8),
(537, 20000020, 13035, 1, 0, 1, 0, 0, 0, 0, 0, 0, 0, 0, 10),
(511, 20000020, 2331, 1, 0, 1, 0, 0, 0, 0, 0, 0, 0, 0, 6),
(512, 20000020, 1754, 1, 0, 1, 0, 0, 0, 0, 0, 0, 0, 0, 0),
(521, 20000025, 985, 6, 0, 1, 0, 0, 0, 0, 0, 0, 0, 0, 0),
(520, 20000013, 1522, 1, 0, 1, 0, 0, 0, 0, 0, 0, 0, 0, 0),
(746, 20000021, 12103, 3840, 0, 1, 0, 0, 0, 0, 0, 0, 0, 0, 0),
(525, 20000020, 993, 2, 0, 1, 0, 0, 0, 0, 0, 0, 0, 0, 0),
(554, 20000020, 1370, 1, 0, 1, 0, 0, 0, 0, 0, 0, 0, 0, 27),
(528, 20000025, 1613, 1, 0, 1, 0, 0, 0, 0, 0, 0, 0, 0, 3),
(644, 20000013, 2621, 1, 0, 1, 0, 0, 0, 0, 0, 0, 0, 0, 59),
(530, 20000020, 608, 8, 0, 1, 0, 0, 0, 0, 0, 0, 0, 0, 0),
(541, 20000020, 13035, 1, 0, 1, 0, 0, 0, 0, 0, 0, 0, 0, 7),
(540, 20000020, 13035, 1, 0, 1, 0, 0, 0, 0, 0, 0, 0, 0, 9),
(539, 20000020, 1216, 1, 0, 1, 0, 0, 0, 0, 0, 0, 0, 0, 13),
(534, 20000013, 7510, 22, 0, 1, 0, 0, 0, 0, 0, 0, 0, 0, 0),
(542, 20000020, 1219, 1, 0, 1, 0, 0, 0, 0, 0, 0, 0, 0, 4),
(543, 20000020, 1219, 1, 0, 1, 0, 0, 0, 0, 0, 0, 0, 0, 6),
(544, 20000020, 4094, 3, 0, 1, 0, 0, 0, 0, 0, 0, 0, 0, 0),
(545, 20000020, 4069, 1, 0, 1, 0, 0, 0, 0, 0, 0, 0, 0, 0),
(745, 20000013, 4263, 3, 0, 1, 0, 0, 0, 0, 0, 0, 0, 0, 0),
(639, 20000013, 607, 388, 0, 1, 0, 0, 0, 0, 0, 0, 0, 0, 0),
(638, 20000020, 2234, 1, 0, 1, 0, 0, 0, 0, 0, 0, 0, 0, 5),
(637, 20000020, 991, 2, 0, 1, 0, 0, 0, 0, 0, 0, 0, 0, 0),
(696, 20000013, 715, 47, 0, 1, 0, 0, 0, 0, 0, 0, 0, 0, 0),
(1174, 20000032, 1625, 1, 0, 1, 0, 0, 0, 0, 0, 0, 0, 0, 71),
(652, 20000013, 608, 27300, 0, 1, 0, 0, 0, 0, 0, 0, 0, 0, 0),
(1161, 20000032, 2522, 1, 0, 0, 0, 0, 0, 0, 0, 0, 0, 0, 20),
(654, 20000013, 2295, 1, 0, 1, 0, 0, 0, 0, 0, 0, 0, 0, 1),
(704, 20000027, 12103, 7112, 0, 1, 0, 0, 0, 0, 0, 0, 0, 0, 0),
(1134, 20000013, 4174, 1, 0, 1, 0, 0, 0, 0, 0, 0, 0, 0, 0),
(657, 20000028, 660, 1, 0, 1, 0, 0, 0, 0, 0, 0, 0, 0, 0),
(658, 20000013, 4276, 2, 0, 1, 0, 0, 0, 0, 0, 0, 0, 0, 0),
(1418, 20000027, 714, 11, 0, 1, 0, 0, 0, 0, 0, 0, 0, 0, 0),
(661, 20000013, 610, 100, 0, 1, 0, 0, 0, 0, 0, 0, 0, 0, 0),
(697, 20000013, 1000, 47, 0, 1, 0, 0, 0, 0, 0, 0, 0, 0, 0),
(663, 20000028, 1226, 1, 0, 1, 0, 0, 0, 0, 0, 0, 0, 0, 11),
(664, 20000028, 22040, 8, 0, 1, 0, 0, 0, 0, 0, 0, 0, 0, 0),
(914, 20000023, 1370, 1, 0, 1, 0, 0, 0, 0, 0, 0, 0, 0, 0),
(683, 20000021, 7510, 17, 0, 1, 0, 0, 0, 0, 0, 0, 0, 0, 0),
(667, 20000027, 2514, 1, 0, 1, 0, 0, 0, 0, 0, 0, 0, 0, 73),
(707, 20000032, 510, 50, 0, 1, 0, 0, 0, 0, 0, 0, 0, 0, 0),
(1589, 20000021, 13413, 1, 0, 1, 0, 0, 0, 0, 0, 0, 0, 0, 6),
(672, 20000013, 7109, 5, 0, 1, 0, 0, 0, 0, 0, 0, 0, 0, 0),
(743, 20000021, 678, 2500, 0, 1, 0, 0, 0, 0, 0, 0, 0, 0, 0),
(1120, 20000021, 13413, 1, 0, 1, 0, 0, 0, 0, 0, 0, 0, 0, 4),
(1472, 20000003, 1304, 1, 0, 1, 0, 0, 0, 0, 0, 0, 0, 0, 34),
(676, 20000013, 2679, 1, 0, 1, 0, 0, 0, 0, 0, 0, 0, 0, 4),
(677, 20000013, 7451, 1, 0, 1, 0, 0, 0, 0, 0, 0, 0, 0, 0),
(678, 20000013, 2659, 1, 0, 1, 0, 0, 0, 0, 0, 0, 0, 0, 2),
(679, 20000013, 968, 3, 0, 1, 0, 0, 0, 0, 0, 0, 0, 0, 0),
(1417, 20000027, 7510, 13, 0, 1, 0, 0, 0, 0, 0, 0, 0, 0, 0),
(833, 20000027, 2554, 1, 0, 1, 0, 0, 0, 0, 0, 0, 0, 0, 21),
(688, 20000013, 2678, 1, 0, 1, 0, 0, 0, 0, 0, 0, 0, 0, 2),
(689, 20000013, 7023, 1, 0, 1, 0, 0, 0, 0, 0, 0, 0, 0, 0),
(703, 20000013, 12103, 2910, 0, 1, 0, 0, 0, 0, 0, 0, 0, 0, 0),
(1227, 20000036, 984, 41, 0, 1, 0, 0, 0, 0, 0, 0, 0, 0, 0),
(751, 20000013, 4132, 3, 0, 1, 0, 0, 0, 0, 0, 0, 0, 0, 0),
(708, 20000032, 509, 45, 0, 1, 0, 0, 0, 0, 0, 0, 0, 0, 0),
(823, 20000032, 2209, 1, 0, 1, 0, 0, 0, 0, 0, 0, 0, 0, 18),
(822, 20000032, 2609, 1, 0, 1, 0, 0, 0, 0, 0, 0, 0, 0, 49),
(821, 20000032, 2209, 1, 0, 1, 0, 0, 0, 0, 0, 0, 0, 0, 19),
(820, 20000032, 2609, 1, 0, 1, 0, 0, 0, 0, 0, 0, 0, 0, 50),
(819, 20000032, 1505, 1, 0, 1, 0, 0, 0, 0, 0, 0, 0, 0, 33),
(818, 20000032, 2609, 1, 0, 1, 0, 0, 0, 0, 0, 0, 0, 0, 53),
(784, 20000013, 13017, 1, 0, 1, 10, 0, 0, 0, 0, 0, 0, 0, 11),
(817, 20000032, 2609, 1, 0, 1, 0, 0, 0, 0, 0, 0, 0, 0, 52),
(816, 20000032, 2609, 1, 0, 1, 0, 0, 0, 0, 0, 0, 0, 0, 51),
(815, 20000032, 1505, 1, 0, 1, 0, 0, 0, 0, 0, 0, 0, 0, 31),
(814, 20000032, 1201, 1, 0, 1, 0, 0, 0, 0, 0, 0, 0, 0, 0),
(720, 20000032, 1731, 1, 0, 0, 0, 0, 0, 0, 0, 0, 0, 0, 27),
(1173, 20000032, 2626, 1, 0, 1, 0, 0, 0, 0, 0, 0, 0, 0, 32),
(812, 20000032, 1505, 1, 0, 1, 0, 0, 0, 0, 0, 0, 0, 0, 32),
(723, 20000032, 721, 1, 0, 1, 0, 0, 0, 0, 0, 0, 0, 0, 0),
(724, 20000032, 985, 28, 0, 1, 0, 0, 0, 0, 0, 0, 0, 0, 0),
(725, 20000032, 984, 44, 0, 1, 0, 0, 0, 0, 0, 0, 0, 0, 0),
(726, 20000032, 757, 30, 0, 1, 0, 0, 0, 0, 0, 0, 0, 0, 0),
(727, 20000032, 22040, 8, 0, 1, 0, 0, 0, 0, 0, 0, 0, 0, 0),
(728, 20000032, 4416, 2, 0, 1, 0, 0, 0, 0, 0, 0, 0, 0, 0),
(729, 20000032, 993, 2, 0, 1, 0, 0, 0, 0, 0, 0, 0, 0, 0),
(730, 20000032, 905, 14, 0, 1, 0, 0, 0, 0, 0, 0, 0, 0, 0),
(731, 20000032, 937, 2, 0, 1, 0, 0, 0, 0, 0, 0, 0, 0, 0),
(732, 20000032, 1011, 8, 0, 1, 0, 0, 0, 0, 0, 0, 0, 0, 0),
(733, 20000032, 713, 1, 0, 1, 0, 0, 0, 0, 0, 0, 0, 0, 0),
(734, 20000032, 4418, 2, 0, 1, 0, 0, 0, 0, 0, 0, 0, 0, 0),
(735, 20000032, 4022, 2, 0, 1, 0, 0, 0, 0, 0, 0, 0, 0, 0),
(736, 20000032, 7033, 7, 0, 1, 0, 0, 0, 0, 0, 0, 0, 0, 0),
(737, 20000032, 921, 7, 0, 1, 0, 0, 0, 0, 0, 0, 0, 0, 0),
(738, 20000032, 2393, 1, 0, 1, 0, 0, 0, 0, 0, 0, 0, 0, 31),
(739, 20000032, 2112, 1, 0, 1, 0, 0, 0, 0, 0, 0, 0, 0, 31),
(740, 20000032, 2510, 1, 0, 1, 0, 0, 0, 0, 0, 0, 0, 0, 31),
(741, 20000032, 2414, 1, 0, 1, 0, 0, 0, 0, 0, 0, 0, 0, 31),
(742, 20000032, 5055, 1, 0, 1, 0, 0, 0, 0, 0, 0, 0, 0, 31),
(857, 20000013, 4135, 3, 0, 1, 0, 0, 0, 0, 0, 0, 0, 0, 0),
(752, 20000032, 4253, 1, 0, 1, 0, 0, 0, 0, 0, 0, 0, 0, 0),
(753, 20000032, 4362, 1, 0, 1, 0, 0, 0, 0, 0, 0, 0, 0, 0),
(754, 20000032, 4415, 3, 0, 1, 0, 0, 0, 0, 0, 0, 0, 0, 0),
(755, 20000032, 995, 2, 0, 1, 0, 0, 0, 0, 0, 0, 0, 0, 0),
(756, 20000032, 749, 1, 0, 1, 0, 0, 0, 0, 0, 0, 0, 0, 0),
(778, 20000013, 1387, 1, 0, 1, 0, 0, 0, 0, 0, 0, 0, 0, 4),
(786, 20000027, 4121, 1, 0, 1, 0, 0, 0, 0, 0, 0, 0, 0, 0),
(785, 20000013, 1237, 1, 0, 1, 10, 0, 0, 0, 0, 0, 0, 0, 6),
(783, 20000021, 4241, 1, 0, 1, 0, 0, 0, 0, 0, 0, 0, 0, 0),
(761, 20000013, 4318, 3, 0, 1, 0, 0, 0, 0, 0, 0, 0, 0, 0),
(762, 20000013, 999, 3, 0, 1, 0, 0, 0, 0, 0, 0, 0, 0, 0),
(994, 20000034, 2364, 1, 0, 0, 0, 0, 0, 0, 0, 0, 0, 0, 38),
(993, 20000034, 2344, 1, 0, 0, 0, 0, 0, 0, 0, 0, 0, 0, 100),
(1416, 20000027, 1030, 3, 0, 1, 0, 0, 0, 0, 0, 0, 0, 0, 0),
(1610, 20000027, 2254, 1, 0, 0, 0, 0, 0, 0, 0, 0, 0, 0, 163),
(1736, 20000027, 2421, 1, 0, 1, 0, 0, 0, 0, 0, 0, 0, 0, 17),
(768, 20000027, 4324, 1, 0, 1, 0, 0, 0, 0, 0, 0, 0, 0, 0),
(769, 20000027, 4123, 1, 0, 1, 0, 0, 0, 0, 0, 0, 0, 0, 0),
(770, 20000027, 4137, 2, 0, 1, 0, 0, 0, 0, 0, 0, 0, 0, 0),
(1527, 20000034, 2404, 1, 0, 1, 0, 0, 0, 0, 0, 0, 0, 0, 41),
(1352, 20000014, 601, 20, 0, 1, 0, 0, 0, 0, 0, 0, 0, 0, 0),
(773, 20000013, 4142, 2, 0, 1, 0, 0, 0, 0, 0, 0, 0, 0, 0),
(782, 20000021, 4121, 2, 0, 1, 0, 0, 0, 0, 0, 0, 0, 0, 0),
(781, 20000021, 4142, 2, 0, 1, 0, 0, 0, 0, 0, 0, 0, 0, 0),
(780, 20000021, 4143, 1, 0, 1, 0, 0, 0, 0, 0, 0, 0, 0, 0),
(1119, 20000021, 13412, 1, 0, 1, 0, 0, 0, 0, 0, 0, 0, 0, 5),
(779, 20000013, 4143, 3, 0, 1, 0, 0, 0, 0, 0, 0, 0, 0, 0),
(793, 20000013, 4168, 2, 0, 1, 0, 0, 0, 0, 0, 0, 0, 0, 0),
(1160, 20000032, 2522, 1, 0, 0, 0, 0, 0, 0, 0, 0, 0, 0, 18),
(795, 20000021, 1230, 1, 0, 1, 0, 0, 0, 0, 0, 0, 0, 0, 0),
(796, 20000021, 1230, 1, 0, 1, 0, 0, 0, 0, 0, 0, 0, 0, 0),
(797, 20000021, 1230, 1, 0, 1, 0, 0, 0, 0, 0, 0, 0, 0, 36),
(1602, 20000021, 608, 6090, 0, 1, 0, 0, 0, 0, 0, 0, 0, 0, 0),
(799, 20000021, 13017, 1, 0, 1, 0, 0, 0, 0, 0, 0, 0, 0, 0),
(800, 20000021, 2554, 1, 0, 1, 0, 0, 0, 0, 0, 0, 0, 0, 0),
(801, 20000021, 2554, 1, 0, 1, 0, 0, 0, 0, 0, 0, 0, 0, 17),
(802, 20000021, 2115, 1, 0, 1, 0, 0, 0, 0, 0, 0, 0, 0, 0),
(803, 20000021, 2115, 1, 0, 1, 0, 0, 0, 0, 0, 0, 0, 0, 0),
(1747, 20000021, 4134, 1, 0, 1, 0, 0, 0, 0, 0, 0, 0, 0, 0),
(805, 20000021, 2357, 1, 0, 1, 0, 0, 0, 0, 0, 0, 0, 0, 0),
(806, 20000021, 2421, 1, 0, 1, 0, 0, 0, 0, 0, 0, 0, 0, 0),
(1562, 20000034, 1168, 1, 0, 1, 0, 0, 0, 0, 0, 0, 0, 0, 54),
(808, 20000021, 2554, 1, 0, 1, 0, 0, 0, 0, 0, 0, 0, 0, 19),
(809, 20000021, 1822, 1, 0, 1, 8, 0, 0, 0, 0, 0, 0, 0, 0),
(810, 20000021, 5113, 1, 0, 1, 0, 0, 0, 0, 0, 0, 0, 0, 0),
(811, 20000021, 607, 81, 0, 1, 0, 0, 0, 0, 0, 0, 0, 0, 0),
(824, 20000032, 1505, 1, 0, 1, 0, 0, 0, 0, 0, 0, 0, 0, 30),
(825, 20000032, 4020, 2, 0, 1, 0, 0, 0, 0, 0, 0, 0, 0, 0),
(826, 20000032, 756, 50, 0, 1, 0, 0, 0, 0, 0, 0, 0, 0, 0),
(827, 20000032, 4038, 2, 0, 1, 0, 0, 0, 0, 0, 0, 0, 0, 0),
(828, 20000032, 932, 10, 0, 1, 0, 0, 0, 0, 0, 0, 0, 0, 0),
(829, 20000032, 4025, 2, 0, 1, 0, 0, 0, 0, 0, 0, 0, 0, 0),
(830, 20000032, 1010, 9, 0, 1, 0, 0, 0, 0, 0, 0, 0, 0, 0),
(831, 20000032, 601, 4, 0, 1, 0, 0, 0, 0, 0, 0, 0, 0, 0),
(832, 20000032, 645, 4, 0, 1, 0, 0, 0, 0, 0, 0, 0, 0, 0),
(991, 20000034, 2344, 1, 0, 0, 0, 0, 0, 0, 0, 0, 0, 0, 98),
(835, 20000032, 2301, 1, 0, 1, 0, 0, 0, 0, 0, 0, 0, 0, 0),
(1118, 20000021, 13413, 1, 0, 1, 0, 0, 0, 0, 0, 0, 0, 0, 5),
(1117, 20000021, 2514, 1, 0, 1, 0, 0, 0, 0, 0, 0, 0, 0, 76),
(1609, 20000027, 2254, 1, 0, 0, 0, 0, 0, 0, 0, 0, 0, 0, 161),
(845, 20000013, 4342, 2, 0, 1, 0, 0, 0, 0, 0, 0, 0, 0, 0),
(1608, 20000027, 2254, 1, 0, 0, 0, 0, 0, 0, 0, 0, 0, 0, 162),
(1526, 20000034, 2344, 1, 0, 1, 0, 0, 0, 0, 0, 0, 0, 0, 119),
(842, 20000027, 617, 67, 0, 1, 0, 0, 0, 0, 0, 0, 0, 0, 0),
(843, 20000027, 603, 32, 0, 1, 0, 0, 0, 0, 0, 0, 0, 0, 0),
(855, 20000013, 4134, 1, 0, 1, 0, 0, 0, 0, 0, 0, 0, 0, 0),
(854, 20000013, 4425, 2, 0, 1, 0, 0, 0, 0, 0, 0, 0, 0, 0),
(860, 20000028, 2425, 1, 0, 1, 0, 0, 0, 0, 0, 0, 0, 0, 6),
(913, 20000023, 984, 3, 0, 1, 0, 0, 0, 0, 0, 0, 0, 0, 0),
(849, 20000013, 4054, 2, 0, 1, 0, 0, 0, 0, 0, 0, 0, 0, 0),
(859, 20000028, 2703, 1, 0, 1, 0, 0, 0, 0, 0, 0, 0, 0, 27),
(896, 20000028, 13027, 1, 0, 1, 0, 0, 0, 0, 0, 0, 0, 0, 89),
(866, 20000028, 2424, 1, 0, 1, 0, 0, 0, 0, 0, 0, 0, 0, 29),
(897, 20000028, 13027, 1, 0, 1, 0, 0, 0, 0, 0, 0, 0, 0, 87),
(868, 20000028, 13027, 1, 0, 1, 0, 0, 0, 0, 0, 0, 0, 0, 88),
(870, 20000028, 2506, 1, 0, 1, 0, 0, 0, 0, 0, 0, 0, 0, 42),
(871, 20000028, 2404, 1, 0, 1, 0, 0, 0, 0, 0, 0, 0, 0, 0),
(1345, 20000028, 2404, 1, 0, 1, 0, 0, 0, 0, 0, 0, 0, 0, 29),
(873, 20000028, 2624, 1, 0, 1, 0, 0, 4205, 0, 0, 0, 0, 0, 0),
(1302, 20000028, 2404, 1, 0, 1, 0, 0, 0, 0, 0, 0, 0, 0, 28),
(875, 20000028, 4411, 2, 0, 1, 0, 0, 0, 0, 0, 0, 0, 0, 0),
(876, 20000028, 7447, 1, 0, 1, 0, 0, 0, 0, 0, 0, 0, 0, 0),
(877, 20000028, 7563, 183, 0, 1, 0, 0, 0, 0, 0, 0, 0, 0, 0),
(878, 20000028, 7445, 7, 0, 1, 0, 0, 0, 0, 0, 0, 0, 0, 0),
(879, 20000028, 7446, 4, 0, 1, 0, 0, 0, 0, 0, 0, 0, 0, 0),
(880, 20000028, 13027, 1, 0, 1, 0, 0, 0, 0, 0, 0, 0, 0, 91),
(881, 20000028, 5172, 1, 0, 1, 0, 0, 0, 0, 0, 0, 0, 0, 65),
(882, 20000028, 5122, 1, 0, 1, 0, 0, 0, 0, 0, 0, 0, 0, 7),
(883, 20000028, 4412, 2, 0, 1, 0, 0, 0, 0, 0, 0, 0, 0, 0),
(884, 20000028, 7340, 23, 0, 1, 0, 0, 0, 0, 0, 0, 0, 0, 0),
(885, 20000028, 985, 14, 0, 1, 0, 0, 0, 0, 0, 0, 0, 0, 0),
(887, 20000028, 2406, 1, 0, 1, 0, 0, 0, 0, 0, 0, 0, 0, 52),
(888, 20000028, 13027, 1, 0, 1, 0, 0, 0, 0, 0, 0, 0, 0, 107),
(889, 20000028, 13027, 1, 0, 1, 0, 0, 0, 0, 0, 0, 0, 0, 106),
(890, 20000028, 13027, 1, 0, 1, 0, 0, 0, 0, 0, 0, 0, 0, 105),
(891, 20000028, 13027, 1, 0, 1, 0, 0, 0, 0, 0, 0, 0, 0, 104),
(892, 20000028, 13027, 1, 0, 1, 0, 0, 0, 0, 0, 0, 0, 0, 103),
(893, 20000028, 13027, 1, 0, 1, 0, 0, 0, 0, 0, 0, 0, 0, 102),
(894, 20000028, 13027, 1, 0, 1, 0, 0, 0, 0, 0, 0, 0, 0, 101),
(895, 20000028, 13027, 1, 0, 1, 0, 0, 0, 0, 0, 0, 0, 0, 100),
(899, 20000028, 4410, 1, 0, 1, 0, 0, 0, 0, 0, 0, 0, 0, 0),
(900, 20000028, 5122, 1, 0, 1, 0, 0, 0, 0, 0, 0, 0, 0, 5),
(901, 20000028, 2104, 1, 0, 1, 0, 0, 0, 0, 0, 0, 0, 0, 53),
(902, 20000028, 1711, 1, 0, 1, 0, 0, 0, 0, 0, 0, 0, 0, 34),
(912, 20000028, 4338, 1, 0, 1, 0, 0, 0, 0, 0, 0, 0, 0, 0),
(911, 20000028, 984, 5, 0, 1, 0, 0, 0, 0, 0, 0, 0, 0, 0),
(905, 20000028, 757, 38, 0, 1, 0, 0, 0, 0, 0, 0, 0, 0, 0),
(906, 20000028, 1003, 21, 0, 1, 0, 0, 0, 0, 0, 0, 0, 0, 0),
(910, 20000028, 1207, 1, 0, 1, 7, 0, 4092, 4092, 4268, 0, 0, 0, 0),
(909, 20000028, 1207, 1, 0, 1, 7, 0, 4025, 4025, 4025, 0, 0, 0, 0),
(915, 20000023, 1376, 1, 0, 1, 0, 0, 0, 0, 0, 0, 0, 0, 0),
(916, 20000023, 601, 9, 0, 1, 0, 0, 0, 0, 0, 0, 0, 0, 0),
(917, 20000037, 2112, 1, 0, 1, 0, 0, 0, 0, 0, 0, 0, 0, 0),
(918, 20000037, 5055, 1, 0, 1, 0, 0, 0, 0, 0, 0, 0, 0, 0),
(919, 20000037, 2510, 1, 0, 1, 0, 0, 0, 0, 0, 0, 0, 0, 0),
(920, 20000037, 2414, 1, 0, 1, 0, 0, 0, 0, 0, 0, 0, 0, 0),
(921, 20000037, 2393, 1, 0, 1, 0, 0, 0, 0, 0, 0, 0, 0, 0),
(922, 20000034, 757, 40, 0, 1, 0, 0, 0, 0, 0, 0, 0, 0, 0),
(923, 20000034, 985, 24, 0, 1, 0, 0, 0, 0, 0, 0, 0, 0, 0),
(924, 20000034, 991, 49, 0, 1, 0, 0, 0, 0, 0, 0, 0, 0, 0),
(925, 20000034, 4416, 2, 0, 1, 0, 0, 0, 0, 0, 0, 0, 0, 0),
(926, 20000034, 7066, 33, 0, 1, 0, 0, 0, 0, 0, 0, 0, 0, 0),
(927, 20000034, 7561, 15, 0, 1, 0, 0, 0, 0, 0, 0, 0, 0, 0),
(928, 20000034, 4415, 2, 0, 1, 0, 0, 0, 0, 0, 0, 0, 0, 0),
(929, 20000034, 984, 17, 0, 1, 0, 0, 0, 0, 0, 0, 0, 0, 0),
(930, 20000034, 960, 30, 0, 1, 0, 0, 0, 0, 0, 0, 0, 0, 0),
(931, 20000034, 910, 93, 0, 1, 0, 0, 0, 0, 0, 0, 0, 0, 0),
(932, 20000034, 995, 2, 0, 1, 0, 0, 0, 0, 0, 0, 0, 0, 0),
(933, 20000034, 749, 2, 0, 1, 0, 0, 0, 0, 0, 0, 0, 0, 0),
(934, 20000034, 962, 13, 0, 1, 0, 0, 0, 0, 0, 0, 0, 0, 0),
(935, 20000034, 1011, 17, 0, 1, 0, 0, 0, 0, 0, 0, 0, 0, 0),
(936, 20000034, 938, 197, 0, 1, 0, 0, 0, 0, 0, 0, 0, 0, 0),
(937, 20000034, 971, 7, 0, 1, 0, 0, 0, 0, 0, 0, 0, 0, 0),
(938, 20000034, 7565, 1, 0, 1, 0, 0, 0, 0, 0, 0, 0, 0, 0),
(939, 20000034, 1031, 1, 0, 1, 0, 0, 0, 0, 0, 0, 0, 0, 0),
(940, 20000034, 943, 39, 0, 1, 0, 0, 0, 0, 0, 0, 0, 0, 0),
(941, 20000034, 1033, 1, 0, 1, 0, 0, 0, 0, 0, 0, 0, 0, 0),
(942, 20000034, 1032, 1, 0, 1, 0, 0, 0, 0, 0, 0, 0, 0, 0),
(943, 20000034, 993, 1, 0, 1, 0, 0, 0, 0, 0, 0, 0, 0, 0),
(944, 20000034, 721, 1, 0, 1, 0, 0, 0, 0, 0, 0, 0, 0, 0),
(945, 20000034, 4417, 1, 0, 1, 0, 0, 0, 0, 0, 0, 0, 0, 0),
(976, 20000021, 2554, 1, 0, 1, 0, 0, 0, 0, 0, 0, 0, 0, 18),
(947, 20000034, 4079, 1, 0, 1, 0, 0, 0, 0, 0, 0, 0, 0, 0),
(948, 20000034, 717, 29, 0, 1, 0, 0, 0, 0, 0, 0, 0, 0, 0),
(949, 20000034, 510, 10, 0, 1, 0, 0, 0, 0, 0, 0, 0, 0, 0),
(950, 20000034, 528, 1, 0, 1, 0, 0, 0, 0, 0, 0, 0, 0, 0),
(951, 20000034, 525, 12, 0, 1, 0, 0, 0, 0, 0, 0, 0, 0, 0),
(952, 20000034, 517, 10, 0, 1, 0, 0, 0, 0, 0, 0, 0, 0, 0),
(953, 20000034, 629, 1, 0, 1, 0, 0, 0, 0, 0, 0, 0, 0, 0),
(954, 20000034, 631, 1, 0, 1, 0, 0, 0, 0, 0, 0, 0, 0, 0),
(955, 20000034, 509, 4, 0, 1, 0, 0, 0, 0, 0, 0, 0, 0, 0),
(975, 20000021, 1230, 1, 0, 1, 0, 0, 0, 0, 0, 0, 0, 0, 0),
(965, 20000021, 1230, 1, 0, 1, 0, 0, 0, 0, 0, 0, 0, 0, 48),
(1735, 20000027, 5104, 1, 0, 1, 0, 0, 0, 0, 0, 0, 0, 0, 0),
(974, 20000021, 1230, 1, 0, 1, 0, 0, 0, 0, 0, 0, 0, 0, 33),
(962, 20000021, 13017, 1, 0, 1, 0, 0, 0, 0, 0, 0, 0, 0, 35),
(968, 20000021, 4425, 2, 0, 1, 0, 0, 0, 0, 0, 0, 0, 0, 0),
(969, 20000021, 4374, 2, 0, 1, 0, 0, 0, 0, 0, 0, 0, 0, 0),
(970, 20000021, 4386, 1, 0, 1, 0, 0, 0, 0, 0, 0, 0, 0, 0),
(971, 20000021, 4168, 1, 0, 1, 0, 0, 0, 0, 0, 0, 0, 0, 0),
(972, 20000021, 4399, 1, 0, 1, 0, 0, 0, 0, 0, 0, 0, 0, 0),
(973, 20000021, 4372, 2, 0, 1, 0, 0, 0, 0, 0, 0, 0, 0, 0),
(978, 20000027, 4241, 1, 0, 1, 0, 0, 0, 0, 0, 0, 0, 0, 0),
(979, 20000027, 4359, 1, 0, 1, 0, 0, 0, 0, 0, 0, 0, 0, 0),
(1600, 20000027, 608, 29727, 0, 1, 0, 0, 0, 0, 0, 0, 0, 0, 0),
(1599, 20000027, 1232, 1, 0, 1, 0, 0, 0, 0, 0, 0, 0, 0, 25),
(982, 20000027, 4399, 1, 0, 1, 0, 0, 0, 0, 0, 0, 0, 0, 0),
(987, 20000021, 4132, 1, 0, 1, 0, 0, 0, 0, 0, 0, 0, 0, 0),
(1718, 20000021, 2286, 1, 0, 1, 0, 0, 0, 0, 0, 0, 0, 0, 0),
(1525, 20000034, 2364, 1, 0, 1, 0, 0, 0, 0, 0, 0, 0, 0, 44),
(1604, 20000027, 4198, 1, 0, 1, 0, 0, 0, 0, 0, 0, 0, 0, 0),
(1734, 20000027, 5123, 1, 0, 1, 0, 0, 0, 0, 0, 0, 0, 0, 0),
(1561, 20000034, 1176, 1, 0, 1, 0, 0, 0, 0, 0, 0, 0, 0, 31),
(1560, 20000034, 1158, 1, 0, 1, 0, 0, 0, 0, 0, 0, 0, 0, 46),
(1559, 20000034, 1168, 1, 0, 1, 0, 0, 0, 0, 0, 0, 0, 0, 55),
(1003, 20000034, 2344, 1, 0, 0, 0, 0, 0, 0, 0, 0, 0, 0, 101),
(1583, 20000027, 2375, 1, 0, 1, 0, 0, 0, 0, 0, 0, 0, 0, 8),
(1005, 20000034, 2344, 1, 0, 0, 0, 0, 0, 0, 0, 0, 0, 0, 102),
(1643, 20000027, 22040, 8, 0, 1, 0, 0, 0, 0, 0, 0, 0, 0, 0),
(1007, 20000034, 1920, 1, 0, 0, 0, 0, 0, 0, 0, 0, 0, 0, 43),
(1558, 20000034, 1168, 1, 0, 1, 0, 0, 0, 0, 0, 0, 0, 0, 53),
(1578, 20000027, 2374, 1, 0, 1, 0, 0, 0, 0, 0, 0, 0, 0, 7),
(1524, 20000034, 2404, 1, 0, 1, 0, 0, 0, 0, 0, 0, 0, 0, 42),
(1011, 20000034, 1920, 1, 0, 0, 0, 0, 0, 0, 0, 0, 0, 0, 44),
(1613, 20000027, 2254, 1, 0, 0, 0, 0, 0, 0, 0, 0, 0, 0, 166),
(1732, 20000027, 2440, 1, 0, 1, 0, 0, 0, 0, 0, 0, 0, 0, 0),
(1717, 20000021, 5123, 1, 0, 1, 0, 0, 0, 0, 0, 0, 0, 0, 27),
(1577, 20000027, 2375, 1, 0, 1, 0, 0, 0, 0, 0, 0, 0, 0, 7),
(1612, 20000027, 2254, 1, 0, 0, 0, 0, 0, 0, 0, 0, 0, 0, 165),
(1517, 20000021, 4047, 1, 0, 1, 0, 0, 0, 0, 0, 0, 0, 0, 0),
(1566, 20000034, 1158, 1, 0, 1, 0, 0, 0, 0, 0, 0, 0, 0, 45),
(1019, 20000034, 2344, 1, 0, 0, 0, 0, 0, 0, 0, 0, 0, 0, 99),
(1020, 20000034, 2344, 1, 0, 0, 0, 0, 0, 0, 0, 0, 0, 0, 97),
(1572, 20000042, 2624, 1, 0, 1, 0, 0, 0, 0, 0, 0, 0, 0, 0),
(1565, 20000034, 1163, 1, 0, 1, 0, 0, 0, 0, 0, 0, 0, 0, 58),
(1687, 20000021, 2255, 1, 0, 1, 0, 0, 0, 0, 0, 0, 0, 0, 0),
(1564, 20000034, 1163, 1, 0, 1, 0, 0, 0, 0, 0, 0, 0, 0, 59),
(1025, 20000034, 2344, 1, 0, 0, 0, 0, 0, 0, 0, 0, 0, 0, 96),
(1563, 20000034, 1168, 1, 0, 1, 0, 0, 0, 0, 0, 0, 0, 0, 52),
(1557, 20000034, 1626, 1, 0, 1, 0, 0, 0, 0, 0, 0, 0, 0, 137),
(1556, 20000034, 2506, 1, 0, 1, 0, 0, 0, 0, 0, 0, 0, 0, 77),
(1555, 20000034, 2506, 1, 0, 1, 0, 0, 0, 0, 0, 0, 0, 0, 78),
(1030, 20000034, 2122, 1, 0, 0, 0, 0, 0, 0, 0, 0, 0, 0, 22),
(1523, 20000034, 2367, 1, 0, 1, 0, 0, 0, 0, 0, 0, 0, 0, 28),
(1571, 20000034, 1176, 1, 0, 1, 0, 0, 0, 0, 0, 0, 0, 0, 32),
(1033, 20000034, 1920, 1, 0, 0, 0, 0, 0, 0, 0, 0, 0, 0, 41),
(1554, 20000034, 2417, 1, 0, 1, 0, 0, 0, 0, 0, 0, 0, 0, 11),
(1553, 20000034, 2417, 1, 0, 1, 0, 0, 0, 0, 0, 0, 0, 0, 12),
(1036, 20000034, 1920, 1, 0, 0, 0, 0, 0, 0, 0, 0, 0, 0, 42),
(1522, 20000034, 2122, 1, 0, 1, 0, 0, 0, 0, 0, 0, 0, 0, 25),
(1038, 20000034, 1920, 1, 0, 0, 0, 0, 0, 0, 0, 0, 0, 0, 40),
(1552, 20000034, 2610, 1, 0, 1, 0, 0, 0, 0, 0, 0, 0, 0, 280),
(1551, 20000034, 2680, 1, 0, 1, 0, 0, 0, 0, 0, 0, 0, 0, 177),
(1550, 20000034, 2621, 1, 0, 1, 0, 0, 0, 0, 0, 0, 0, 0, 218),
(1549, 20000034, 2621, 1, 0, 1, 0, 0, 0, 0, 0, 0, 0, 0, 217),
(1601, 20000021, 13017, 1, 0, 1, 0, 0, 0, 0, 0, 0, 0, 0, 23),
(1548, 20000034, 2621, 1, 0, 1, 0, 0, 0, 0, 0, 0, 0, 0, 216),
(1045, 20000034, 2344, 1, 0, 0, 0, 0, 0, 0, 0, 0, 0, 0, 95),
(1673, 20000027, 2115, 1, 0, 1, 0, 0, 0, 0, 0, 0, 0, 0, 67),
(1547, 20000034, 2610, 1, 0, 1, 0, 0, 0, 0, 0, 0, 0, 0, 278),
(1048, 20000034, 2364, 1, 0, 0, 0, 0, 0, 0, 0, 0, 0, 0, 40),
(1546, 20000034, 2610, 1, 0, 1, 0, 0, 0, 0, 0, 0, 0, 0, 279),
(1513, 20000021, 2554, 1, 0, 1, 0, 0, 4359, 0, 0, 0, 0, 0, 0),
(1051, 20000034, 2364, 1, 0, 0, 0, 0, 0, 0, 0, 0, 0, 0, 39),
(1052, 20000034, 2344, 1, 0, 0, 0, 0, 0, 0, 0, 0, 0, 0, 103),
(1545, 20000034, 2621, 1, 0, 1, 0, 0, 0, 0, 0, 0, 0, 0, 224),
(1544, 20000034, 2621, 1, 0, 1, 0, 0, 0, 0, 0, 0, 0, 0, 219),
(1543, 20000034, 2680, 1, 0, 1, 0, 0, 0, 0, 0, 0, 0, 0, 188),
(1542, 20000034, 2680, 1, 0, 1, 0, 0, 0, 0, 0, 0, 0, 0, 185),
(1057, 20000034, 2344, 1, 0, 0, 0, 0, 0, 0, 0, 0, 0, 0, 104),
(1570, 20000034, 1176, 1, 0, 1, 0, 0, 0, 0, 0, 0, 0, 0, 33),
(1521, 20000034, 2701, 1, 0, 1, 0, 0, 0, 0, 0, 0, 0, 0, 28),
(1512, 20000021, 617, 61, 0, 1, 0, 0, 0, 0, 0, 0, 0, 0, 0),
(1569, 20000034, 1176, 1, 0, 1, 0, 0, 0, 0, 0, 0, 0, 0, 34),
(1062, 20000034, 7097, 30, 0, 1, 0, 0, 0, 0, 0, 0, 0, 0, 0),
(1063, 20000034, 716, 10, 0, 1, 0, 0, 0, 0, 0, 0, 0, 0, 0),
(1064, 20000034, 7122, 14, 0, 1, 0, 0, 0, 0, 0, 0, 0, 0, 0),
(1065, 20000034, 7069, 8, 0, 1, 0, 0, 0, 0, 0, 0, 0, 0, 0),
(1066, 20000034, 994, 29, 0, 1, 0, 0, 0, 0, 0, 0, 0, 0, 0),
(1067, 20000034, 7110, 1, 0, 1, 0, 0, 0, 0, 0, 0, 0, 0, 0),
(1068, 20000034, 7006, 16, 0, 1, 0, 0, 0, 0, 0, 0, 0, 0, 0),
(1069, 20000034, 12087, 1, 0, 1, 0, 0, 0, 0, 0, 0, 0, 0, 0),
(1070, 20000034, 603, 2, 0, 1, 0, 0, 0, 0, 0, 0, 0, 0, 0),
(1071, 20000034, 4429, 1, 0, 1, 0, 0, 0, 0, 0, 0, 0, 0, 0),
(1072, 20000034, 4427, 1, 0, 1, 0, 0, 0, 0, 0, 0, 0, 0, 0),
(1073, 20000034, 4064, 2, 0, 1, 0, 0, 0, 0, 0, 0, 0, 0, 0),
(1074, 20000003, 12103, 30, 0, 1, 0, 0, 0, 0, 0, 0, 0, 0, 0),
(1075, 20000028, 969, 5, 0, 1, 0, 0, 0, 0, 0, 0, 0, 0, 0),
(1076, 20000028, 13035, 1, 0, 1, 0, 0, 0, 0, 0, 0, 0, 0, 12),
(1077, 20000028, 1220, 1, 0, 1, 0, 0, 0, 0, 0, 0, 0, 0, 12),
(1078, 20000028, 658, 1, 0, 1, 0, 0, 0, 0, 0, 0, 0, 0, 0),
(1079, 20000028, 7005, 1, 0, 1, 0, 0, 0, 0, 0, 0, 0, 0, 0),
(1116, 20000021, 13412, 1, 0, 1, 0, 0, 0, 0, 0, 0, 0, 0, 8),
(1588, 20000021, 13412, 1, 0, 1, 0, 0, 0, 0, 0, 0, 0, 0, 6),
(1082, 20000013, 5808, 1, 0, 1, 0, 0, 0, 0, 0, 0, 0, 0, 2),
(1083, 20000013, 617, 1, 0, 1, 0, 0, 0, 0, 0, 0, 0, 0, 0),
(1084, 20000013, 601, 29500, 0, 1, 0, 0, 0, 0, 0, 0, 0, 0, 0),
(1085, 20000013, 2648, 1, 0, 1, 0, 0, 0, 0, 0, 0, 0, 0, 7),
(1114, 20000021, 2542, 1, 0, 1, 0, 0, 0, 0, 0, 0, 0, 0, 2),
(1113, 20000021, 13412, 1, 0, 1, 0, 0, 0, 0, 0, 0, 0, 0, 7),
(1088, 20000013, 1223, 1, 0, 1, 0, 0, 0, 0, 0, 0, 0, 0, 22),
(1112, 20000021, 4290, 1, 0, 1, 0, 0, 0, 0, 0, 0, 0, 0, 0),
(1111, 20000021, 4357, 1, 0, 1, 0, 0, 0, 0, 0, 0, 0, 0, 0),
(1419, 20000027, 4441, 1, 0, 1, 0, 0, 0, 0, 0, 0, 0, 0, 0),
(1092, 20000013, 4137, 2, 0, 1, 0, 0, 0, 0, 0, 0, 0, 0, 0),
(1357, 20000014, 4376, 1, 0, 1, 0, 0, 0, 0, 0, 0, 0, 0, 0),
(1094, 20000013, 4144, 1, 0, 1, 0, 0, 0, 0, 0, 0, 0, 0, 0),
(1420, 20000021, 7082, 6, 0, 1, 0, 0, 0, 0, 0, 0, 0, 0, 0),
(1096, 20000013, 4121, 1, 0, 1, 0, 0, 0, 0, 0, 0, 0, 0, 0),
(1107, 20000013, 2554, 1, 0, 1, 7, 0, 4174, 0, 0, 0, 0, 0, 12),
(1159, 20000032, 2522, 1, 0, 0, 0, 0, 0, 0, 0, 0, 0, 0, 19),
(1099, 20000013, 4148, 1, 0, 1, 0, 0, 0, 0, 0, 0, 0, 0, 0),
(1356, 20000014, 4408, 1, 0, 1, 0, 0, 0, 0, 0, 0, 0, 0, 0),
(1104, 20000013, 2364, 1, 0, 1, 5, 0, 0, 0, 0, 0, 0, 0, 0),
(1102, 20000013, 678, 500, 0, 1, 0, 0, 0, 0, 0, 0, 0, 0, 0),
(1103, 20000013, 604, 9000, 0, 1, 0, 0, 0, 0, 0, 0, 0, 0, 0),
(1158, 20000003, 22011, 1, 0, 1, 0, 0, 0, 0, 0, 0, 0, 0, 0),
(1126, 20000013, 7436, 1, 0, 1, 0, 0, 0, 0, 0, 0, 0, 0, 0),
(1127, 20000013, 7437, 1, 0, 1, 0, 0, 0, 0, 0, 0, 0, 0, 0),
(1128, 20000013, 7439, 1, 0, 1, 0, 0, 0, 0, 0, 0, 0, 0, 0),
(1145, 20000013, 2783, 1, 0, 1, 0, 0, 0, 0, 0, 0, 0, 0, 2),
(1144, 20000013, 1384, 1, 0, 1, 0, 0, 0, 0, 0, 0, 0, 0, 2),
(1138, 20000013, 2423, 1, 0, 1, 0, 0, 0, 0, 0, 0, 0, 0, 0),
(1354, 20000013, 13017, 1, 0, 1, 0, 0, 0, 0, 0, 0, 0, 0, 67),
(1137, 20000013, 2357, 1, 0, 1, 7, 0, 4047, 0, 0, 0, 0, 0, 0),
(1165, 20000032, 7121, 5, 0, 1, 0, 0, 0, 0, 0, 0, 0, 0, 0),
(1166, 20000032, 4099, 2, 0, 1, 0, 0, 0, 0, 0, 0, 0, 0, 0),
(1167, 20000032, 4126, 10, 0, 1, 0, 0, 0, 0, 0, 0, 0, 0, 0),
(1168, 20000032, 4138, 2, 0, 1, 0, 0, 0, 0, 0, 0, 0, 0, 0),
(1169, 20000032, 2424, 1, 0, 1, 0, 0, 0, 0, 0, 0, 0, 0, 33),
(1170, 20000032, 1242, 1, 0, 1, 0, 0, 0, 0, 0, 0, 0, 0, 0),
(1171, 20000032, 2528, 1, 0, 1, 0, 0, 0, 0, 0, 0, 0, 0, 36),
(1172, 20000032, 13027, 1, 0, 1, 0, 0, 0, 0, 0, 0, 0, 0, 109),
(1176, 20000036, 2424, 1, 0, 1, 0, 0, 0, 0, 0, 0, 0, 0, 32),
(1177, 20000036, 2365, 1, 0, 1, 0, 0, 0, 0, 0, 0, 0, 0, 24),
(1178, 20000036, 509, 42, 0, 1, 0, 0, 0, 0, 0, 0, 0, 0, 0),
(1179, 20000032, 2522, 1, 0, 1, 0, 0, 0, 0, 0, 0, 0, 0, 23),
(1180, 20000032, 2220, 1, 0, 1, 0, 0, 0, 0, 0, 0, 0, 0, 0),
(1181, 20000032, 2609, 1, 0, 1, 0, 0, 0, 0, 0, 0, 0, 0, 67),
(1182, 20000013, 2357, 1, 0, 1, 0, 0, 0, 0, 0, 0, 0, 0, 20),
(1183, 20000032, 714, 4, 0, 1, 0, 0, 0, 0, 0, 0, 0, 0, 0),
(1184, 20000032, 7006, 1, 0, 1, 0, 0, 0, 0, 0, 0, 0, 0, 0),
(1185, 20000032, 1614, 1, 0, 0, 0, 0, 0, 0, 0, 0, 0, 0, 86),
(1186, 20000032, 2308, 1, 0, 1, 0, 0, 0, 0, 0, 0, 0, 0, 32),
(1187, 20000032, 2308, 1, 0, 1, 0, 0, 0, 0, 0, 0, 0, 0, 31),
(1188, 20000032, 1217, 1, 0, 0, 0, 0, 0, 0, 0, 0, 0, 0, 35),
(1189, 20000032, 2308, 1, 0, 1, 0, 0, 0, 0, 0, 0, 0, 0, 0),
(1190, 20000032, 2339, 1, 0, 1, 0, 0, 0, 0, 0, 0, 0, 0, 24),
(1191, 20000032, 2270, 1, 0, 1, 0, 0, 0, 0, 0, 0, 0, 0, 0),
(1192, 20000032, 568, 11, 0, 1, 0, 0, 0, 0, 0, 0, 0, 0, 0),
(1193, 20000032, 507, 1, 0, 1, 0, 0, 0, 0, 0, 0, 0, 0, 0),
(1194, 20000032, 1625, 1, 0, 0, 0, 0, 0, 0, 0, 0, 0, 0, 73),
(1195, 20000032, 1614, 1, 0, 0, 0, 0, 0, 0, 0, 0, 0, 0, 87),
(1196, 20000032, 2522, 1, 0, 0, 0, 0, 0, 0, 0, 0, 0, 0, 25),
(1197, 20000032, 2522, 1, 0, 0, 0, 0, 0, 0, 0, 0, 0, 0, 26),
(1198, 20000032, 1614, 1, 0, 0, 0, 0, 0, 0, 0, 0, 0, 0, 85),
(1199, 20000032, 1625, 1, 0, 0, 0, 0, 0, 0, 0, 0, 0, 0, 72),
(1200, 20000032, 1614, 1, 0, 0, 0, 0, 0, 0, 0, 0, 0, 0, 84),
(1201, 20000032, 516, 4, 0, 1, 0, 0, 0, 0, 0, 0, 0, 0, 0),
(1202, 20000032, 569, 20, 0, 1, 0, 0, 0, 0, 0, 0, 0, 0, 0),
(1203, 20000032, 1217, 1, 0, 0, 0, 0, 0, 0, 0, 0, 0, 0, 38),
(1204, 20000032, 1217, 1, 0, 0, 0, 0, 0, 0, 0, 0, 0, 0, 37),
(1205, 20000032, 7477, 1, 0, 1, 0, 0, 0, 0, 0, 0, 0, 0, 0),
(1206, 20000032, 941, 31, 0, 1, 0, 0, 0, 0, 0, 0, 0, 0, 0),
(1207, 20000032, 958, 1, 0, 1, 0, 0, 0, 0, 0, 0, 0, 0, 0),
(1208, 20000032, 1045, 3, 0, 1, 0, 0, 0, 0, 0, 0, 0, 0, 0),
(1209, 20000032, 2626, 1, 0, 1, 0, 0, 0, 0, 0, 0, 0, 0, 34),
(1210, 20000032, 912, 1, 0, 1, 0, 0, 0, 0, 0, 0, 0, 0, 0),
(1211, 20000032, 2365, 1, 0, 1, 0, 0, 0, 0, 0, 0, 0, 0, 30),
(1212, 20000032, 13027, 1, 0, 1, 0, 0, 0, 0, 0, 0, 0, 0, 112),
(1213, 20000032, 13027, 1, 0, 1, 0, 0, 0, 0, 0, 0, 0, 0, 113),
(1214, 20000032, 2425, 1, 0, 1, 0, 0, 0, 0, 0, 0, 0, 0, 15),
(1215, 20000032, 2528, 1, 0, 1, 0, 0, 0, 0, 0, 0, 0, 0, 41),
(1216, 20000032, 2424, 1, 0, 1, 0, 0, 0, 0, 0, 0, 0, 0, 37),
(1217, 20000032, 2365, 1, 0, 1, 0, 0, 0, 0, 0, 0, 0, 0, 29),
(1218, 20000032, 13404, 1, 0, 1, 0, 0, 0, 0, 0, 0, 0, 0, 95),
(1219, 20000032, 13404, 1, 0, 1, 0, 0, 0, 0, 0, 0, 0, 0, 97),
(1220, 20000032, 13404, 1, 0, 1, 0, 0, 0, 0, 0, 0, 0, 0, 96),
(1221, 20000032, 13404, 1, 0, 1, 0, 0, 0, 0, 0, 0, 0, 0, 94),
(1222, 20000032, 4110, 2, 0, 1, 0, 0, 0, 0, 0, 0, 0, 0, 0),
(1223, 20000032, 4438, 2, 0, 1, 0, 0, 0, 0, 0, 0, 0, 0, 0),
(1224, 20000032, 934, 10, 0, 1, 0, 0, 0, 0, 0, 0, 0, 0, 0),
(1225, 20000032, 511, 2, 0, 1, 0, 0, 0, 0, 0, 0, 0, 0, 0),
(1349, 20000014, 678, 180, 0, 1, 0, 0, 0, 0, 0, 0, 0, 0, 0),
(1228, 20000036, 7561, 24, 0, 1, 0, 0, 0, 0, 0, 0, 0, 0, 0),
(1229, 20000036, 7066, 34, 0, 1, 0, 0, 0, 0, 0, 0, 0, 0, 0),
(1230, 20000036, 749, 7, 0, 1, 0, 0, 0, 0, 0, 0, 0, 0, 0),
(1231, 20000036, 995, 13, 0, 1, 0, 0, 0, 0, 0, 0, 0, 0, 0),
(1232, 20000036, 1000, 9, 0, 1, 0, 0, 0, 0, 0, 0, 0, 0, 0),
(1233, 20000036, 941, 29, 0, 1, 0, 0, 0, 0, 0, 0, 0, 0, 0),
(1234, 20000036, 991, 4, 0, 1, 0, 0, 0, 0, 0, 0, 0, 0, 0),
(1235, 20000036, 934, 2, 0, 1, 0, 0, 0, 0, 0, 0, 0, 0, 0),
(1236, 20000036, 985, 26, 0, 1, 0, 0, 0, 0, 0, 0, 0, 0, 0),
(1237, 20000036, 7121, 6, 0, 1, 0, 0, 0, 0, 0, 0, 0, 0, 0),
(1238, 20000032, 1000, 14, 0, 1, 0, 0, 0, 0, 0, 0, 0, 0, 0),
(1239, 20000032, 4201, 1, 0, 1, 0, 0, 0, 0, 0, 0, 0, 0, 0),
(1240, 20000032, 2611, 1, 0, 0, 0, 0, 0, 0, 0, 0, 0, 0, 39),
(1241, 20000032, 2611, 1, 0, 0, 0, 0, 0, 0, 0, 0, 0, 0, 52),
(1242, 20000032, 2611, 1, 0, 0, 0, 0, 0, 0, 0, 0, 0, 0, 49),
(1243, 20000032, 2611, 1, 0, 0, 0, 0, 0, 0, 0, 0, 0, 0, 48),
(1244, 20000032, 2611, 1, 0, 0, 0, 0, 0, 0, 0, 0, 0, 0, 54),
(1245, 20000032, 2611, 1, 0, 0, 0, 0, 0, 0, 0, 0, 0, 0, 46),
(1246, 20000032, 2611, 1, 0, 0, 0, 0, 0, 0, 0, 0, 0, 0, 44),
(1247, 20000032, 2611, 1, 0, 0, 0, 0, 0, 0, 0, 0, 0, 0, 42),
(1248, 20000032, 2611, 1, 0, 0, 0, 0, 0, 0, 0, 0, 0, 0, 40),
(1249, 20000032, 2611, 1, 0, 0, 0, 0, 0, 0, 0, 0, 0, 0, 51),
(1250, 20000036, 510, 3, 0, 1, 0, 0, 0, 0, 0, 0, 0, 0, 0),
(1251, 20000036, 2424, 1, 0, 1, 0, 0, 0, 0, 0, 0, 0, 0, 36),
(1252, 20000036, 2528, 1, 0, 1, 0, 0, 0, 0, 0, 0, 0, 0, 40),
(1253, 20000036, 2365, 1, 0, 1, 0, 0, 0, 0, 0, 0, 0, 0, 28),
(1254, 20000036, 1478, 1, 0, 1, 0, 0, 0, 0, 0, 0, 0, 0, 0),
(1299, 20000028, 13027, 1, 0, 1, 0, 0, 0, 0, 0, 0, 0, 0, 119),
(1256, 20000036, 4418, 1, 0, 1, 0, 0, 0, 0, 0, 0, 0, 0, 0),
(1257, 20000036, 4415, 5, 0, 1, 0, 0, 0, 0, 0, 0, 0, 0, 0),
(1258, 20000036, 4417, 3, 0, 1, 0, 0, 0, 0, 0, 0, 0, 0, 0),
(1259, 20000036, 4431, 1, 0, 1, 0, 0, 0, 0, 0, 0, 0, 0, 0),
(1260, 20000036, 757, 9, 0, 1, 0, 0, 0, 0, 0, 0, 0, 0, 0),
(1261, 20000036, 756, 26, 0, 1, 0, 0, 0, 0, 0, 0, 0, 0, 0),
(1262, 20000036, 4438, 1, 0, 1, 0, 0, 0, 0, 0, 0, 0, 0, 0),
(1263, 20000036, 4064, 1, 0, 1, 0, 0, 0, 0, 0, 0, 0, 0, 0),
(1264, 20000036, 4201, 2, 0, 1, 0, 0, 0, 0, 0, 0, 0, 0, 0),
(1265, 20000036, 4435, 2, 0, 1, 0, 0, 0, 0, 0, 0, 0, 0, 0),
(1266, 20000036, 4126, 6, 0, 1, 0, 0, 0, 0, 0, 0, 0, 0, 0),
(1267, 20000013, 4372, 1, 0, 1, 0, 0, 0, 0, 0, 0, 0, 0, 0),
(1268, 20000036, 1361, 1, 0, 1, 0, 0, 0, 0, 0, 0, 0, 0, 178),
(1269, 20000036, 1361, 1, 0, 1, 0, 0, 0, 0, 0, 0, 0, 0, 179),
(1298, 20000013, 969, 170, 0, 1, 0, 0, 0, 0, 0, 0, 0, 0, 0),
(1271, 20000036, 568, 26, 0, 1, 0, 0, 0, 0, 0, 0, 0, 0, 0),
(1274, 20000032, 969, 28, 0, 1, 0, 0, 0, 0, 0, 0, 0, 0, 0),
(1273, 20000013, 4198, 1, 0, 1, 0, 0, 0, 0, 0, 0, 0, 0, 0),
(1275, 20000032, 4033, 2, 0, 1, 0, 0, 0, 0, 0, 0, 0, 0, 0),
(1276, 20000032, 2324, 1, 0, 1, 0, 0, 0, 0, 0, 0, 0, 0, 46),
(1277, 20000032, 1730, 1, 0, 1, 0, 0, 0, 0, 0, 0, 0, 0, 112),
(1278, 20000032, 2254, 1, 0, 1, 0, 0, 0, 0, 0, 0, 0, 0, 156),
(1279, 20000032, 1626, 1, 0, 1, 0, 0, 0, 0, 0, 0, 0, 0, 121),
(1280, 20000032, 12374, 4, 0, 1, 0, 0, 0, 0, 0, 0, 0, 0, 0),
(1281, 20000036, 969, 85, 0, 1, 0, 0, 0, 0, 0, 0, 0, 0, 0),
(1282, 20000036, 7069, 2, 0, 1, 0, 0, 0, 0, 0, 0, 0, 0, 0),
(1283, 20000036, 2621, 1, 0, 1, 0, 0, 0, 0, 0, 0, 0, 0, 203),
(1284, 20000036, 2680, 1, 0, 0, 0, 0, 0, 0, 0, 0, 0, 0, 158),
(1285, 20000036, 2621, 1, 0, 0, 0, 0, 0, 0, 0, 0, 0, 0, 204),
(1286, 20000036, 2680, 1, 0, 0, 0, 0, 0, 0, 0, 0, 0, 0, 159),
(1287, 20000036, 4433, 1, 0, 1, 0, 0, 0, 0, 0, 0, 0, 0, 0),
(1288, 20000036, 4427, 1, 0, 1, 0, 0, 0, 0, 0, 0, 0, 0, 0),
(1289, 20000032, 2344, 1, 0, 1, 0, 0, 0, 0, 0, 0, 0, 0, 112),
(1290, 20000032, 4432, 1, 0, 1, 0, 0, 0, 0, 0, 0, 0, 0, 0),
(1291, 20000032, 716, 1, 0, 1, 0, 0, 0, 0, 0, 0, 0, 0, 0),
(1292, 20000032, 7097, 2, 0, 1, 0, 0, 0, 0, 0, 0, 0, 0, 0),
(1293, 20000032, 7122, 2, 0, 1, 0, 0, 0, 0, 0, 0, 0, 0, 0),
(1294, 20000032, 13027, 1, 0, 1, 0, 0, 0, 0, 0, 0, 0, 0, 116),
(1295, 20000032, 2701, 1, 0, 1, 0, 0, 0, 0, 0, 0, 0, 0, 25),
(1296, 20000037, 611, 80, 0, 1, 0, 0, 0, 0, 0, 0, 0, 0, 0),
(1350, 20000014, 7510, 4, 0, 1, 0, 0, 0, 0, 0, 0, 0, 0, 0),
(1300, 20000028, 13027, 1, 0, 1, 0, 0, 0, 0, 0, 0, 0, 0, 120),
(1301, 20000028, 1265, 1, 0, 1, 0, 0, 0, 0, 0, 0, 0, 0, 0),
(1541, 20000034, 2680, 1, 0, 1, 0, 0, 0, 0, 0, 0, 0, 0, 187),
(1520, 20000034, 2701, 1, 0, 1, 0, 0, 0, 0, 0, 0, 0, 0, 26),
(1519, 20000034, 2701, 1, 0, 1, 0, 0, 0, 0, 0, 0, 0, 0, 27),
(1540, 20000034, 2680, 1, 0, 1, 0, 0, 0, 0, 0, 0, 0, 0, 186),
(1307, 20000034, 1730, 1, 0, 1, 0, 0, 0, 0, 0, 0, 0, 0, 129),
(1308, 20000034, 1376, 1, 0, 1, 0, 0, 0, 0, 0, 0, 0, 0, 111),
(1309, 20000034, 2344, 1, 0, 1, 0, 0, 0, 0, 0, 0, 0, 0, 117),
(1310, 20000034, 1730, 1, 0, 1, 0, 0, 0, 0, 0, 0, 0, 0, 128),
(1511, 20000021, 14545, 2, 0, 1, 0, 0, 0, 0, 0, 0, 0, 0, 0),
(1312, 20000034, 1723, 1, 0, 1, 0, 0, 0, 0, 0, 0, 0, 0, 26),
(1313, 20000034, 1701, 1, 0, 1, 0, 0, 0, 0, 0, 0, 0, 0, 42),
(1314, 20000034, 1370, 1, 0, 1, 0, 0, 0, 0, 0, 0, 0, 0, 33),
(1315, 20000034, 1176, 1, 0, 1, 0, 0, 0, 0, 0, 0, 0, 0, 30),
(1539, 20000034, 2680, 1, 0, 1, 0, 0, 0, 0, 0, 0, 0, 0, 184),
(1538, 20000034, 2680, 1, 0, 1, 0, 0, 0, 0, 0, 0, 0, 0, 182),
(1537, 20000034, 2680, 1, 0, 1, 0, 0, 0, 0, 0, 0, 0, 0, 183),
(1536, 20000034, 2680, 1, 0, 1, 0, 0, 0, 0, 0, 0, 0, 0, 180),
(1535, 20000034, 2680, 1, 0, 1, 0, 0, 0, 0, 0, 0, 0, 0, 178),
(1534, 20000034, 2680, 1, 0, 1, 0, 0, 0, 0, 0, 0, 0, 0, 179),
(1533, 20000034, 2680, 1, 0, 1, 0, 0, 0, 0, 0, 0, 0, 0, 175),
(1568, 20000034, 1370, 1, 0, 1, 0, 0, 0, 0, 0, 0, 0, 0, 34);
INSERT INTO `storage` (`id`, `account_id`, `nameid`, `amount`, `equip`, `identify`, `refine`, `attribute`, `card0`, `card1`, `card2`, `card3`, `expire_time`, `bound`, `unique_id`) VALUES
(1532, 20000034, 2621, 1, 0, 1, 0, 0, 0, 0, 0, 0, 0, 0, 225),
(1531, 20000034, 2621, 1, 0, 1, 0, 0, 0, 0, 0, 0, 0, 0, 220),
(1530, 20000034, 2621, 1, 0, 1, 0, 0, 0, 0, 0, 0, 0, 0, 223),
(1529, 20000034, 2621, 1, 0, 1, 0, 0, 0, 0, 0, 0, 0, 0, 222),
(1528, 20000034, 2621, 1, 0, 1, 0, 0, 0, 0, 0, 0, 0, 0, 221),
(1567, 20000034, 1370, 1, 0, 1, 0, 0, 0, 0, 0, 0, 0, 0, 35),
(1330, 20000034, 1972, 1, 0, 1, 0, 0, 0, 0, 0, 0, 0, 0, 117),
(1331, 20000034, 2680, 1, 0, 1, 0, 0, 0, 0, 0, 0, 0, 0, 173),
(1332, 20000028, 12040, 8, 0, 1, 0, 0, 0, 0, 0, 0, 0, 0, 0),
(1333, 20000034, 714, 2, 0, 1, 0, 0, 0, 0, 0, 0, 0, 0, 0),
(1334, 20000034, 969, 101, 0, 1, 0, 0, 0, 0, 0, 0, 0, 0, 0),
(1335, 20000034, 713, 114, 0, 1, 0, 0, 0, 0, 0, 0, 0, 0, 0),
(1336, 20000034, 514, 67, 0, 1, 0, 0, 0, 0, 0, 0, 0, 0, 0),
(1337, 20000034, 512, 358, 0, 1, 0, 0, 0, 0, 0, 0, 0, 0, 0),
(1338, 20000034, 511, 54, 0, 1, 0, 0, 0, 0, 0, 0, 0, 0, 0),
(1339, 20000034, 619, 37, 0, 1, 0, 0, 0, 0, 0, 0, 0, 0, 0),
(1340, 20000034, 620, 77, 0, 1, 0, 0, 0, 0, 0, 0, 0, 0, 0),
(1341, 20000028, 1220, 1, 0, 1, 0, 0, 0, 0, 0, 0, 0, 0, 16),
(1342, 20000028, 2626, 1, 0, 1, 0, 0, 4212, 0, 0, 0, 0, 0, 0),
(1343, 20000028, 1616, 1, 0, 1, 0, 0, 0, 0, 0, 0, 0, 0, 6),
(1344, 20000028, 4349, 1, 0, 1, 0, 0, 0, 0, 0, 0, 0, 0, 0),
(1346, 20000028, 1262, 1, 0, 1, 0, 0, 0, 0, 0, 0, 0, 0, 0),
(1347, 20000028, 678, 1, 0, 1, 0, 0, 0, 0, 0, 0, 0, 0, 0),
(1348, 20000028, 1284, 1, 0, 1, 0, 0, 0, 0, 0, 0, 0, 0, 39),
(1355, 20000014, 13017, 1, 0, 1, 10, 0, 0, 0, 0, 0, 0, 0, 51),
(1362, 20000013, 4330, 1, 0, 1, 0, 0, 0, 0, 0, 0, 0, 0, 0),
(1361, 20000013, 2554, 1, 0, 1, 0, 0, 0, 0, 0, 0, 0, 0, 50),
(1364, 20000013, 2554, 1, 0, 1, 0, 0, 0, 0, 0, 0, 0, 0, 54),
(1365, 20000013, 2554, 1, 0, 1, 0, 0, 0, 0, 0, 0, 0, 0, 53),
(1366, 20000021, 610, 59, 0, 1, 0, 0, 0, 0, 0, 0, 0, 0, 0),
(1367, 20000014, 12103, 2325, 0, 1, 0, 0, 0, 0, 0, 0, 0, 0, 0),
(1368, 20000014, 603, 2, 0, 1, 0, 0, 0, 0, 0, 0, 0, 0, 0),
(1369, 20000014, 608, 2, 0, 1, 0, 0, 0, 0, 0, 0, 0, 0, 0),
(1370, 20000014, 504, 4, 0, 1, 0, 0, 0, 0, 0, 0, 0, 0, 0),
(1371, 20000014, 610, 1, 0, 1, 0, 0, 0, 0, 0, 0, 0, 0, 0),
(1372, 20000014, 604, 1, 0, 1, 0, 0, 0, 0, 0, 0, 0, 0, 0),
(1373, 20000014, 662, 1, 0, 1, 0, 0, 0, 0, 0, 0, 0, 0, 0),
(1374, 20000014, 617, 3, 0, 1, 0, 0, 0, 0, 0, 0, 0, 0, 0),
(1375, 20000014, 2353, 1, 0, 1, 0, 0, 0, 0, 0, 0, 0, 0, 0),
(1376, 20000014, 2424, 1, 0, 1, 0, 0, 4131, 0, 0, 0, 0, 0, 0),
(1377, 20000014, 2282, 1, 0, 1, 0, 0, 0, 0, 0, 0, 0, 0, 0),
(1378, 20000014, 1473, 1, 0, 1, 0, 0, 0, 0, 0, 0, 0, 0, 0),
(1379, 20000014, 2004, 1, 0, 1, 0, 0, 0, 0, 0, 0, 0, 0, 0),
(1380, 20000014, 5068, 1, 0, 1, 0, 0, 0, 0, 0, 0, 0, 0, 0),
(1381, 20000014, 1552, 1, 0, 1, 0, 0, 0, 0, 0, 0, 0, 0, 0),
(1382, 20000014, 1455, 1, 0, 1, 0, 0, 0, 0, 0, 0, 0, 0, 0),
(1383, 20000014, 2624, 1, 0, 1, 0, 0, 0, 0, 0, 0, 0, 0, 0),
(1384, 20000014, 1405, 1, 0, 1, 0, 0, 0, 0, 0, 0, 0, 0, 0),
(1385, 20000014, 1256, 1, 0, 1, 0, 0, 0, 0, 0, 0, 0, 0, 0),
(1386, 20000014, 2554, 1, 0, 1, 0, 0, 0, 0, 0, 0, 0, 0, 0),
(1387, 20000014, 1626, 1, 0, 1, 0, 0, 0, 0, 0, 0, 0, 0, 0),
(1388, 20000014, 2703, 1, 0, 1, 0, 0, 0, 0, 0, 0, 0, 0, 0),
(1389, 20000014, 4012, 1, 0, 1, 0, 0, 0, 0, 0, 0, 0, 0, 0),
(1390, 20000014, 995, 1, 0, 1, 0, 0, 0, 0, 0, 0, 0, 0, 0),
(1391, 20000014, 732, 1, 0, 1, 0, 0, 0, 0, 0, 0, 0, 0, 0),
(1392, 20000014, 7005, 1, 0, 1, 0, 0, 0, 0, 0, 0, 0, 0, 0),
(1393, 20000014, 923, 1, 0, 1, 0, 0, 0, 0, 0, 0, 0, 0, 0),
(1394, 20000014, 4010, 1, 0, 1, 0, 0, 0, 0, 0, 0, 0, 0, 0),
(1395, 20000014, 4027, 1, 0, 1, 0, 0, 0, 0, 0, 0, 0, 0, 0),
(1396, 20000014, 985, 2, 0, 1, 0, 0, 0, 0, 0, 0, 0, 0, 0),
(1397, 20000014, 934, 1, 0, 1, 0, 0, 0, 0, 0, 0, 0, 0, 0),
(1398, 20000014, 7072, 1, 0, 1, 0, 0, 0, 0, 0, 0, 0, 0, 0),
(1399, 20000014, 1022, 2, 0, 1, 0, 0, 0, 0, 0, 0, 0, 0, 0),
(1400, 20000014, 22040, 17, 0, 1, 0, 0, 0, 0, 0, 0, 0, 0, 0),
(1401, 20000014, 22011, 1, 0, 1, 0, 0, 0, 0, 0, 0, 0, 0, 0),
(1402, 20000014, 1059, 1, 0, 1, 0, 0, 0, 0, 0, 0, 0, 0, 0),
(1403, 20000014, 7036, 2, 0, 1, 0, 0, 0, 0, 0, 0, 0, 0, 0),
(1404, 20000014, 4073, 1, 0, 1, 0, 0, 0, 0, 0, 0, 0, 0, 0),
(1405, 20000014, 4033, 1, 0, 1, 0, 0, 0, 0, 0, 0, 0, 0, 0),
(1406, 20000014, 4011, 1, 0, 1, 0, 0, 0, 0, 0, 0, 0, 0, 0),
(1407, 20000014, 757, 1, 0, 1, 0, 0, 0, 0, 0, 0, 0, 0, 0),
(1408, 20000014, 912, 1, 0, 1, 0, 0, 0, 0, 0, 0, 0, 0, 0),
(1409, 20000014, 4113, 1, 0, 1, 0, 0, 0, 0, 0, 0, 0, 0, 0),
(1410, 20000014, 7507, 2, 0, 1, 0, 0, 0, 0, 0, 0, 0, 0, 0),
(1430, 20000034, 694, 1, 0, 1, 0, 0, 0, 0, 0, 0, 0, 0, 0),
(1429, 20000034, 644, 3, 0, 1, 0, 0, 0, 0, 0, 0, 0, 0, 0),
(1598, 20000027, 607, 50, 0, 1, 0, 0, 0, 0, 0, 0, 0, 0, 0),
(1428, 20000034, 12040, 7, 0, 1, 0, 0, 0, 0, 0, 0, 0, 0, 0),
(1427, 20000027, 969, 55, 0, 1, 0, 0, 0, 0, 0, 0, 0, 0, 0),
(1431, 20000034, 529, 1, 0, 1, 0, 0, 0, 0, 0, 0, 0, 0, 0),
(1432, 20000034, 12374, 1, 0, 1, 0, 0, 0, 0, 0, 0, 0, 0, 0),
(1433, 20000034, 508, 1, 0, 1, 0, 0, 0, 0, 0, 0, 0, 0, 0),
(1434, 20000034, 530, 2, 0, 1, 0, 0, 0, 0, 0, 0, 0, 0, 0),
(1435, 20000034, 507, 1, 0, 1, 0, 0, 0, 0, 0, 0, 0, 0, 0),
(1436, 20000034, 610, 2, 0, 1, 0, 0, 0, 0, 0, 0, 0, 0, 0),
(1437, 20000034, 617, 4, 0, 1, 0, 0, 0, 0, 0, 0, 0, 0, 0),
(1438, 20000034, 4044, 1, 0, 1, 0, 0, 0, 0, 0, 0, 0, 0, 0),
(1439, 20000034, 7005, 2, 0, 1, 0, 0, 0, 0, 0, 0, 0, 0, 0),
(1440, 20000034, 723, 3, 0, 1, 0, 0, 0, 0, 0, 0, 0, 0, 0),
(1441, 20000034, 710, 1, 0, 1, 0, 0, 0, 0, 0, 0, 0, 0, 0),
(1442, 20000034, 7440, 2, 0, 1, 0, 0, 0, 0, 0, 0, 0, 0, 0),
(1443, 20000034, 718, 2, 0, 1, 0, 0, 0, 0, 0, 0, 0, 0, 0),
(1444, 20000034, 909, 127, 0, 1, 0, 0, 0, 0, 0, 0, 0, 0, 0),
(1445, 20000034, 7435, 2, 0, 1, 0, 0, 0, 0, 0, 0, 0, 0, 0),
(1446, 20000034, 7441, 4, 0, 1, 0, 0, 0, 0, 0, 0, 0, 0, 0),
(1447, 20000034, 4387, 1, 0, 1, 0, 0, 0, 0, 0, 0, 0, 0, 0),
(1448, 20000034, 7098, 1, 0, 1, 0, 0, 0, 0, 0, 0, 0, 0, 0),
(1449, 20000034, 4388, 1, 0, 1, 0, 0, 0, 0, 0, 0, 0, 0, 0),
(1450, 20000034, 7480, 3, 0, 1, 0, 0, 0, 0, 0, 0, 0, 0, 0),
(1451, 20000034, 7479, 2, 0, 1, 0, 0, 0, 0, 0, 0, 0, 0, 0),
(1452, 20000034, 912, 1, 0, 1, 0, 0, 0, 0, 0, 0, 0, 0, 0),
(1453, 20000034, 7015, 3, 0, 1, 0, 0, 0, 0, 0, 0, 0, 0, 0),
(1454, 20000034, 731, 1, 0, 1, 0, 0, 0, 0, 0, 0, 0, 0, 0),
(1455, 20000034, 7449, 1, 0, 1, 0, 0, 0, 0, 0, 0, 0, 0, 0),
(1456, 20000034, 1097, 1, 0, 1, 0, 0, 0, 0, 0, 0, 0, 0, 0),
(1457, 20000034, 11003, 2, 0, 1, 0, 0, 0, 0, 0, 0, 0, 0, 0),
(1458, 20000034, 7023, 1, 0, 1, 0, 0, 0, 0, 0, 0, 0, 0, 0),
(1459, 20000034, 728, 2, 0, 1, 0, 0, 0, 0, 0, 0, 0, 0, 0),
(1460, 20000034, 722, 2, 0, 1, 0, 0, 0, 0, 0, 0, 0, 0, 0),
(1461, 20000034, 7439, 1, 0, 1, 0, 0, 0, 0, 0, 0, 0, 0, 0),
(1462, 20000034, 4014, 1, 0, 1, 0, 0, 0, 0, 0, 0, 0, 0, 0),
(1463, 20000034, 4094, 1, 0, 1, 0, 0, 0, 0, 0, 0, 0, 0, 0),
(1464, 20000034, 1059, 3, 0, 1, 0, 0, 0, 0, 0, 0, 0, 0, 0),
(1465, 20000034, 7442, 9, 0, 1, 0, 0, 0, 0, 0, 0, 0, 0, 0),
(1466, 20000034, 2255, 1, 0, 0, 0, 0, 0, 0, 0, 0, 0, 0, 0),
(1467, 20000034, 2254, 1, 0, 0, 0, 0, 0, 0, 0, 0, 0, 0, 0),
(1468, 20000034, 2257, 1, 0, 0, 0, 0, 0, 0, 0, 0, 0, 0, 0),
(1469, 20000034, 2116, 1, 0, 0, 0, 0, 0, 0, 0, 0, 0, 0, 0),
(1470, 20000034, 2236, 1, 0, 0, 0, 0, 0, 0, 0, 0, 0, 0, 0),
(1471, 20000034, 2236, 1, 0, 0, 0, 0, 0, 0, 0, 0, 0, 0, 0),
(1473, 20000003, 1304, 1, 0, 1, 0, 0, 0, 0, 0, 0, 0, 0, 35),
(1746, 20000021, 2554, 1, 0, 1, 0, 0, 0, 0, 0, 0, 0, 0, 62),
(1745, 20000021, 2554, 1, 0, 1, 0, 0, 0, 0, 0, 0, 0, 0, 60),
(1744, 20000021, 1230, 1, 0, 1, 0, 0, 0, 0, 0, 0, 0, 0, 118),
(1477, 20000003, 1304, 1, 0, 1, 0, 0, 0, 0, 0, 0, 0, 0, 27),
(1478, 20000003, 1304, 1, 0, 1, 0, 0, 0, 0, 0, 0, 0, 0, 28),
(1479, 20000003, 1304, 1, 0, 1, 0, 0, 0, 0, 0, 0, 0, 0, 42),
(1480, 20000003, 1304, 1, 0, 1, 0, 0, 0, 0, 0, 0, 0, 0, 29),
(1481, 20000003, 1304, 1, 0, 1, 0, 0, 0, 0, 0, 0, 0, 0, 41),
(1482, 20000003, 1304, 1, 0, 1, 0, 0, 0, 0, 0, 0, 0, 0, 30),
(1483, 20000003, 1304, 1, 0, 1, 0, 0, 0, 0, 0, 0, 0, 0, 24),
(1484, 20000003, 1304, 1, 0, 1, 0, 0, 0, 0, 0, 0, 0, 0, 31),
(1485, 20000003, 1304, 1, 0, 1, 0, 0, 0, 0, 0, 0, 0, 0, 32),
(1486, 20000003, 1304, 1, 0, 1, 0, 0, 0, 0, 0, 0, 0, 0, 40),
(1487, 20000003, 1304, 1, 0, 1, 0, 0, 0, 0, 0, 0, 0, 0, 38),
(1488, 20000003, 1304, 1, 0, 1, 0, 0, 0, 0, 0, 0, 0, 0, 43),
(1489, 20000003, 1304, 1, 0, 1, 0, 0, 0, 0, 0, 0, 0, 0, 44),
(1490, 20000003, 1304, 1, 0, 1, 0, 0, 0, 0, 0, 0, 0, 0, 25),
(1491, 20000003, 1304, 1, 0, 1, 0, 0, 0, 0, 0, 0, 0, 0, 23),
(1492, 20000003, 1304, 1, 0, 1, 0, 0, 0, 0, 0, 0, 0, 0, 39),
(1493, 20000003, 1304, 1, 0, 1, 0, 0, 0, 0, 0, 0, 0, 0, 26),
(1743, 20000021, 2554, 1, 0, 1, 0, 0, 0, 0, 0, 0, 0, 0, 61),
(1617, 20000027, 4054, 2, 0, 1, 0, 0, 0, 0, 0, 0, 0, 0, 0),
(1611, 20000027, 2254, 1, 0, 0, 0, 0, 0, 0, 0, 0, 0, 0, 164),
(1497, 20000034, 4256, 1, 0, 1, 0, 0, 0, 0, 0, 0, 0, 0, 0),
(1498, 20000034, 22011, 1, 0, 1, 0, 0, 0, 0, 0, 0, 0, 0, 0),
(1499, 20000034, 4213, 2, 0, 1, 0, 0, 0, 0, 0, 0, 0, 0, 0),
(1500, 20000034, 4322, 2, 0, 1, 0, 0, 0, 0, 0, 0, 0, 0, 0),
(1501, 20000034, 4282, 1, 0, 1, 0, 0, 0, 0, 0, 0, 0, 0, 0),
(1502, 20000034, 4230, 2, 0, 1, 0, 0, 0, 0, 0, 0, 0, 0, 0),
(1742, 20000021, 2554, 1, 0, 1, 0, 0, 0, 0, 0, 0, 0, 0, 59),
(1650, 20000027, 5104, 1, 0, 1, 0, 0, 0, 0, 0, 0, 0, 0, 0),
(1741, 20000027, 4144, 1, 0, 1, 0, 0, 0, 0, 0, 0, 0, 0, 0),
(1740, 20000027, 4146, 1, 0, 1, 0, 0, 0, 0, 0, 0, 0, 0, 0),
(1739, 20000027, 4147, 1, 0, 1, 0, 0, 0, 0, 0, 0, 0, 0, 0),
(1738, 20000027, 4142, 2, 0, 1, 0, 0, 0, 0, 0, 0, 0, 0, 0),
(1628, 20000027, 2254, 1, 0, 1, 0, 0, 0, 0, 0, 0, 0, 0, 185),
(1737, 20000027, 4135, 1, 0, 1, 0, 0, 0, 0, 0, 0, 0, 0, 0),
(1630, 20000027, 2254, 1, 0, 1, 0, 0, 0, 0, 0, 0, 0, 0, 186),
(1631, 20000027, 2254, 1, 0, 1, 0, 0, 0, 0, 0, 0, 0, 0, 189),
(1632, 20000027, 2254, 1, 0, 1, 0, 0, 0, 0, 0, 0, 0, 0, 188),
(1633, 20000027, 2254, 1, 0, 1, 0, 0, 0, 0, 0, 0, 0, 0, 187),
(1634, 20000027, 2254, 1, 0, 1, 0, 0, 0, 0, 0, 0, 0, 0, 190),
(1635, 20000027, 2254, 1, 0, 1, 0, 0, 0, 0, 0, 0, 0, 0, 191),
(1636, 20000027, 2254, 1, 0, 1, 0, 0, 0, 0, 0, 0, 0, 0, 192),
(1637, 20000027, 2254, 1, 0, 1, 0, 0, 0, 0, 0, 0, 0, 0, 193),
(1638, 20000027, 2254, 1, 0, 1, 0, 0, 0, 0, 0, 0, 0, 0, 194),
(1639, 20000027, 2254, 1, 0, 1, 0, 0, 0, 0, 0, 0, 0, 0, 195),
(1675, 20000027, 2115, 1, 0, 1, 0, 0, 0, 0, 0, 0, 0, 0, 69),
(1677, 20000027, 2115, 1, 0, 1, 0, 0, 0, 0, 0, 0, 0, 0, 72),
(1676, 20000027, 2115, 1, 0, 1, 0, 0, 0, 0, 0, 0, 0, 0, 70),
(1724, 20000021, 1230, 1, 0, 1, 0, 0, 0, 0, 0, 0, 0, 0, 34),
(1645, 20000021, 4033, 1, 0, 1, 0, 0, 0, 0, 0, 0, 0, 0, 0),
(1646, 20000021, 4054, 1, 0, 1, 0, 0, 0, 0, 0, 0, 0, 0, 0),
(1716, 20000021, 22460, 1, 0, 1, 0, 0, 0, 0, 0, 0, 0, 0, 23),
(1648, 20000021, 4137, 1, 0, 1, 0, 0, 0, 0, 0, 0, 0, 0, 0),
(1731, 20000027, 2744, 1, 0, 1, 0, 0, 0, 0, 0, 0, 0, 0, 0),
(1733, 20000027, 2387, 1, 0, 1, 0, 0, 4346, 0, 0, 0, 0, 0, 0),
(1730, 20000027, 22491, 1, 0, 1, 0, 0, 0, 0, 0, 0, 0, 0, 0),
(1726, 20000021, 4352, 1, 0, 1, 0, 0, 0, 0, 0, 0, 0, 0, 0),
(1725, 20000021, 4123, 1, 0, 1, 0, 0, 0, 0, 0, 0, 0, 0, 0),
(1723, 20000021, 714, 1, 0, 1, 0, 0, 0, 0, 0, 0, 0, 0, 0),
(1678, 20000027, 2115, 1, 0, 1, 0, 0, 0, 0, 0, 0, 0, 0, 71),
(1722, 20000021, 969, 2, 0, 1, 0, 0, 0, 0, 0, 0, 0, 0, 0),
(1714, 20000021, 22390, 1, 0, 1, 0, 0, 0, 0, 0, 0, 0, 0, 5),
(1674, 20000027, 2115, 1, 0, 1, 0, 0, 0, 0, 0, 0, 0, 0, 68),
(1721, 20000021, 5104, 1, 0, 1, 0, 0, 0, 0, 0, 0, 0, 0, 0),
(1720, 20000021, 2291, 1, 0, 1, 0, 0, 0, 0, 0, 0, 0, 0, 0),
(1719, 20000021, 2286, 1, 0, 1, 0, 0, 0, 0, 0, 0, 0, 0, 0),
(1700, 20000021, 2115, 1, 0, 1, 0, 0, 0, 0, 0, 0, 0, 0, 73),
(1701, 20000021, 2115, 1, 0, 1, 0, 0, 0, 0, 0, 0, 0, 0, 74),
(1702, 20000021, 2115, 1, 0, 1, 0, 0, 0, 0, 0, 0, 0, 0, 82),
(1703, 20000021, 2115, 1, 0, 1, 0, 0, 0, 0, 0, 0, 0, 0, 81),
(1704, 20000021, 2115, 1, 0, 1, 0, 0, 0, 0, 0, 0, 0, 0, 75),
(1705, 20000021, 2115, 1, 0, 1, 0, 0, 0, 0, 0, 0, 0, 0, 80),
(1706, 20000021, 2115, 1, 0, 1, 0, 0, 0, 0, 0, 0, 0, 0, 83),
(1707, 20000021, 2115, 1, 0, 1, 0, 0, 0, 0, 0, 0, 0, 0, 76),
(1708, 20000021, 2115, 1, 0, 1, 0, 0, 0, 0, 0, 0, 0, 0, 77),
(1709, 20000021, 2115, 1, 0, 1, 0, 0, 0, 0, 0, 0, 0, 0, 78),
(1713, 20000021, 2286, 1, 0, 1, 0, 0, 0, 0, 0, 0, 0, 0, 0),
(1711, 20000021, 2115, 1, 0, 1, 0, 0, 0, 0, 0, 0, 0, 0, 84),
(1748, 20000021, 983, 2, 0, 1, 0, 0, 0, 0, 0, 0, 0, 0, 0);

--
-- Table structure for table `interreg`
--

DROP TABLE IF EXISTS `interreg`;
CREATE TABLE IF NOT EXISTS `interreg` (
  `varname` varchar(11) NOT NULL,
  `value` varchar(20) NOT NULL,
   PRIMARY KEY (`varname`)
) ENGINE=InnoDB;
INSERT INTO `interreg` (`varname`, `value`) VALUES
('unique_id', '0');

--
-- Table structure for table `account_data`
--

DROP TABLE IF EXISTS `account_data`;
CREATE TABLE IF NOT EXISTS `account_data` (
  `account_id` int(11) unsigned NOT NULL default '0',
  `bank_vault` int(11) unsigned NOT NULL default '0',
  `base_exp` TINYINT( 4 ) UNSIGNED NOT NULL default '100',
  `base_drop` TINYINT( 4 ) UNSIGNED NOT NULL default '100',
  `base_death` TINYINT( 4 ) UNSIGNED NOT NULL default '100',
  PRIMARY KEY  (`account_id`)
) ENGINE=MyISAM; 

--
-- Table structure for table `npc_market_data`
--

DROP TABLE IF EXISTS `npc_market_data`;
CREATE TABLE IF NOT EXISTS `npc_market_data` (
  `name` varchar(24) NOT NULL default '',
  `itemid` int(11) unsigned NOT NULL default '0',
  `amount` int(11) unsigned NOT NULL default '0',
  PRIMARY KEY  (`name`,`itemid`)
) ENGINE=MyISAM;

--
-- Table structure for table `acc_reg_num_db`
--

DROP TABLE IF EXISTS `acc_reg_num_db`;
CREATE TABLE IF NOT EXISTS `acc_reg_num_db` (
  `account_id` int(11) unsigned NOT NULL default '0',
  `key` varchar(32) BINARY NOT NULL default '',
  `index` int(11) unsigned NOT NULL default '0',
  `value` int(11) NOT NULL default '0',
  PRIMARY KEY  (`account_id`,`key`,`index`),
  KEY `account_id` (`account_id`)
) ENGINE=MyISAM;

--
-- Table structure for table `acc_reg_str_db`
--

DROP TABLE IF EXISTS `acc_reg_str_db`;
CREATE TABLE IF NOT EXISTS `acc_reg_str_db` (
  `account_id` int(11) unsigned NOT NULL default '0',
  `key` varchar(32) BINARY NOT NULL default '',
  `index` int(11) unsigned NOT NULL default '0',
  `value` varchar(254) NOT NULL default '0',
  PRIMARY KEY  (`account_id`,`key`,`index`),
  KEY `account_id` (`account_id`)
) ENGINE=MyISAM;

--
-- Table structure for table `char_reg_num_db`
--

DROP TABLE IF EXISTS `char_reg_num_db`;
CREATE TABLE IF NOT EXISTS `char_reg_num_db` (
  `char_id` int(11) unsigned NOT NULL default '0',
  `key` varchar(32) BINARY NOT NULL default '',
  `index` int(11) unsigned NOT NULL default '0',
  `value` int(11) NOT NULL default '0',
  PRIMARY KEY  (`char_id`,`key`,`index`),
  KEY `char_id` (`char_id`)
) ENGINE=MyISAM;

--
-- Table structure for table `char_reg_str_db`
--

DROP TABLE IF EXISTS `char_reg_str_db`;
CREATE TABLE IF NOT EXISTS `char_reg_str_db` (
  `char_id` int(11) unsigned NOT NULL default '0',
  `key` varchar(32) BINARY NOT NULL default '',
  `index` int(11) unsigned NOT NULL default '0',
  `value` varchar(254) NOT NULL default '0',
  PRIMARY KEY  (`char_id`,`key`,`index`),
  KEY `char_id` (`char_id`)
) ENGINE=MyISAM;

--
-- Table structure for table `global_acc_reg_num_db`
--

DROP TABLE IF EXISTS `global_acc_reg_num_db`;
CREATE TABLE IF NOT EXISTS `global_acc_reg_num_db` (
  `account_id` int(11) unsigned NOT NULL default '0',
  `key` varchar(32) BINARY NOT NULL default '',
  `index` int(11) unsigned NOT NULL default '0',
  `value` int(11) NOT NULL default '0',
  PRIMARY KEY  (`account_id`,`key`,`index`),
  KEY `account_id` (`account_id`)
) ENGINE=MyISAM;

--
-- Table structure for table `global_acc_reg_str_db`
--

DROP TABLE IF EXISTS `global_acc_reg_str_db`;
CREATE TABLE IF NOT EXISTS `global_acc_reg_str_db` (
  `account_id` int(11) unsigned NOT NULL default '0',
  `key` varchar(32) BINARY NOT NULL default '',
  `index` int(11) unsigned NOT NULL default '0',
  `value` varchar(254) NOT NULL default '0',
  PRIMARY KEY  (`account_id`,`key`,`index`),
  KEY `account_id` (`account_id`)
) ENGINE=MyISAM;

--
-- Table structure for table `autotrade_merchants`
--

DROP TABLE IF EXISTS `autotrade_merchants`;
CREATE TABLE IF NOT EXISTS `autotrade_merchants` (
  `account_id` int(11) NOT NULL default '0',
  `char_id` int(11) NOT NULL default '0',
  `sex` tinyint(2) NOT NULL default '0',
  `title` varchar(80) NOT NULL default 'Buy From Me!',
  PRIMARY KEY  (`account_id`,`char_id`)
) ENGINE=MyISAM; 

--
-- Table structure for table `autotrade_data`
--

DROP TABLE IF EXISTS `autotrade_data`;
CREATE TABLE IF NOT EXISTS `autotrade_data` (
  `char_id` int(11) NOT NULL default '0',
  `itemkey` int(11) NOT NULL default '0',
  `amount` int(11) NOT NULL default '0',
  `price` int(11) NOT NULL default '0',
  PRIMARY KEY  (`char_id`,`itemkey`)
) ENGINE=MyISAM; 

--
-- Table structure for table `itemizer`
--

DROP TABLE IF EXISTS `itemizer`;
CREATE TABLE IF NOT EXISTS `itemizer` (
  `id` int(11) unsigned NOT NULL auto_increment,
  `item_id` int(11) NOT NULL,
  `item_amount` int(11) NOT NULL,
  `item_name` varchar(255) NOT NULL,
  `bound` int(11) NOT NULL,
  `char_id` int(11) NOT NULL,
  `char_name` varchar(255) NOT NULL,
  `reason` varchar(255) NOT NULL,
  `by_gm` varchar(255) NOT NULL,
  `when` datetime NOT NULL,
  `for` varchar(255) NOT NULL,
  `collected` tinyint(1) NOT NULL,
  PRIMARY KEY  (`id`)
) ENGINE=MyISAM ;